OrderID,OrderDate,SKU,Category,RegionCode,Channel,Segment,SalesRep,Quantity,UnitPrice,Discount,NetRevenue,COGS,OrderStatus
ORD-101495,2023-01-01,SKU-1007,Laptops,UKI,Direct,Consumer,Yusuf Fontaine,3,1513.38,0,4540.14,3185.22,Shipped
ORD-104698,2023-01-01,SKU-1111,Accessories,NA-E,Online,SMB,Darius Kaur,9,118.52,0.15,906.68,456.03,Pending
ORD-104845,2023-01-01,SKU-1023,Monitors,UKI,Direct,Enterprise,Nikolai Jensen,7,1366.21,0,9563.47,6291.67,Shipped
ORD-100700,2023-01-02,SKU-1073,Networking,NA-E,Retail,Enterprise,Ada Zimmerman,2,347.65,0,695.3,452.84,Shipped
ORD-101714,2023-01-02,SKU-1025,Monitors,NA-W,Direct,Enterprise,Uma Sandoval,4,577.77,0.05,2195.53,1592.04,Shipped
ORD-103249,2023-01-02,SKU-1057,Peripherals,NA-E,Direct,Enterprise,Fatima Dahl,2,457.5,0,915.0,457.06,Shipped
ORD-103349,2023-01-02,SKU-1076,Networking,UKI,Direct,Mid-Market,Adaeze Marchetti,5,1719.15,0,8595.75,5146.4,Returned
ORD-104877,2023-01-02,SKU-1089,Storage,NA-E,Online,Consumer,Bruno Zhang,6,512.43,0.15,2613.39,2038.2,Shipped
ORD-100756,2023-01-03,SKU-1052,Peripherals,APAC-N,Direct,SMB,Bruno Zhang,9,310.49,0,2794.41,1433.52,Shipped
ORD-100766,2023-01-03,SKU-1100,Storage,DACH,Partner,Mid-Market,Malik Eriksen,18,754.71,0,13584.78,8997.48,Shipped
ORD-102260,2023-01-03,SKU-1023,Monitors,APAC-N,Online,Mid-Market,Darius Kaur,18,1366.21,0.05,23362.19,16178.58,Returned
ORD-100783,2023-01-04,SKU-1120,Accessories,UKI,Partner,Mid-Market,Emeka Weber,1,210.18,0,210.18,86.17,Shipped
ORD-101500,2023-01-04,SKU-1018,Laptops,LATAM,Online,Mid-Market,Elena Laurent,5,2719.05,0.2,10876.2,8869.85,Shipped
ORD-101654,2023-01-04,SKU-1044,Peripherals,APAC-S,Online,Consumer,Nikolai Jensen,1,42.05,0,42.05,21.28,Shipped
ORD-102119,2023-01-04,SKU-1016,Laptops,UKI,Partner,Mid-Market,Nadia Kowalski,3,3292.27,0,9876.81,6684.12,Pending
ORD-103529,2023-01-04,SKU-1002,Laptops,LATAM,Direct,SMB,Yara Eriksen,1,3368.08,0,3368.08,2299.73,Pending
ORD-103548,2023-01-04,SKU-1033,Monitors,UKI,Online,Enterprise,Darius Kaur,5,617.73,0,3088.65,2001.25,Pending
ORD-104949,2023-01-04,SKU-1009,Laptops,NA-W,Retail,Mid-Market,Nadia Kowalski,6,3341.5,0,20049.0,13911.48,Shipped
ORD-100070,2023-01-05,SKU-1079,Networking,UKI,Partner,Enterprise,Ivan Kaur,3,453.79,0.2,1089.1,860.28,Shipped
ORD-100122,2023-01-05,SKU-1081,Storage,UKI,Retail,SMB,Malik Andersen,2,427.43,0.1,769.37,591.56,Shipped
ORD-101244,2023-01-05,SKU-1052,Peripherals,NORDIC,Partner,Mid-Market,Hana Rossi,1,310.49,0.1,279.44,159.28,Shipped
ORD-104600,2023-01-05,SKU-1074,Networking,UKI,Retail,Mid-Market,Fatima Bennett,5,192.25,0.15,817.06,604.35,Shipped
ORD-101667,2023-01-06,SKU-1028,Monitors,NA-E,Direct,SMB,Emeka Weber,1,1296.45,0.05,1231.63,836.57,Shipped
ORD-103255,2023-01-06,SKU-1067,Networking,APAC-S,Partner,Mid-Market,Emeka Weber,2,254.78,0.2,407.65,307.52,Shipped
ORD-103545,2023-01-06,SKU-1075,Networking,UKI,Direct,SMB,Thea Delgado,1,1273.44,0,1273.44,736.87,Shipped
ORD-100911,2023-01-07,SKU-1096,Storage,UKI,Direct,Mid-Market,Wei Tanaka,1,924.54,0.05,878.31,664.98,Shipped
ORD-101000,2023-01-07,SKU-1043,Peripherals,NORDIC,Direct,Mid-Market,Nikolai Jensen,1,212.9,0.15,180.97,113.15,Shipped
ORD-103115,2023-01-07,SKU-1032,Monitors,NA-E,Retail,Mid-Market,Thea Zhang,3,929.07,0,2787.21,1756.47,Shipped
ORD-104250,2023-01-07,SKU-1028,Monitors,DACH,Partner,Consumer,Darius Kaur,6,1296.45,0.25,5834.03,5019.42,Shipped
ORD-102410,2023-01-08,SKU-1113,Accessories,NA-W,Retail,Mid-Market,Viktor Zhang,2,23.87,0,47.74,20.9,Returned
ORD-102682,2023-01-08,SKU-1072,Networking,NA-E,Direct,Consumer,Ada Zimmerman,9,593.71,0,5343.39,3343.32,Pending
ORD-103975,2023-01-08,SKU-1084,Storage,LATAM,Online,Consumer,Fatima Iversen,3,497.7,0,1493.1,1093.74,Shipped
ORD-104105,2023-01-08,SKU-1055,Peripherals,APAC-S,Online,Mid-Market,Fatima Dahl,7,77.77,0,544.39,274.26,Shipped
ORD-104324,2023-01-08,SKU-1065,Networking,LATAM,Direct,Enterprise,Paulo Carvalho,1,417.19,0.25,312.89,239.24,Pending
ORD-100383,2023-01-09,SKU-1052,Peripherals,DACH,Online,Mid-Market,Elena Laurent,11,310.49,0,3415.39,1752.08,Returned
ORD-100850,2023-01-09,SKU-1047,Peripherals,UKI,Online,Enterprise,Malik Kowalski,1,240.32,0,240.32,126.58,Shipped
ORD-101918,2023-01-09,SKU-1008,Laptops,NORDIC,Partner,SMB,Ada Zimmerman,1,2860.19,0.05,2717.18,1989.93,Returned
ORD-103531,2023-01-09,SKU-1063,Networking,NA-E,Partner,Enterprise,Yusuf Fontaine,4,935.12,0.15,3179.41,2407.12,Pending
ORD-104575,2023-01-09,SKU-1097,Storage,UKI,Direct,SMB,Fatima Bennett,2,176.34,0.05,335.05,266.7,Returned
ORD-101230,2023-01-10,SKU-1027,Monitors,NA-W,Partner,Enterprise,Amara Dahl,3,487.06,0,1461.18,994.68,Shipped
ORD-102669,2023-01-10,SKU-1099,Storage,NA-E,Retail,SMB,Uma Sandoval,4,881.67,0,3526.68,2375.56,Shipped
ORD-103290,2023-01-10,SKU-1089,Storage,APAC-S,Direct,Mid-Market,Yusuf Mbeki,1,512.43,0.25,384.32,339.7,Returned
ORD-104180,2023-01-10,SKU-1027,Monitors,NA-E,Online,SMB,Petra Ibrahim,1,487.06,0.05,462.71,331.56,Pending
ORD-104631,2023-01-10,SKU-1014,Laptops,LATAM,Partner,Enterprise,Ada Vargas,3,1949.83,0,5849.49,3964.53,Shipped
ORD-101850,2023-01-11,SKU-1021,Monitors,NORDIC,Direct,Mid-Market,Rania Kaur,1,444.75,0,444.75,303.16,Pending
ORD-101898,2023-01-11,SKU-1031,Monitors,UKI,Online,Mid-Market,Wei Tanaka,4,953.0,0,3812.0,2671.32,Shipped
ORD-104029,2023-01-11,SKU-1015,Laptops,UKI,Direct,Enterprise,Amara Dahl,9,1315.81,0.25,8881.72,8322.21,Shipped
ORD-102505,2023-01-12,SKU-1106,Accessories,APAC-S,Partner,Enterprise,Nikolai Jensen,8,179.48,0.05,1364.05,650.96,Shipped
ORD-103696,2023-01-12,SKU-1058,Peripherals,LATAM,Partner,SMB,Greta Haddad,1,410.18,0.25,307.63,221.87,Returned
ORD-100516,2023-01-13,SKU-1036,Monitors,APAC-S,Online,Consumer,Fatima Bennett,1,1180.66,0.05,1121.63,767.33,Pending
ORD-101196,2023-01-13,SKU-1050,Peripherals,NA-W,Direct,SMB,Wei Tanaka,1,335.4,0,335.4,189.69,Shipped
ORD-103345,2023-01-13,SKU-1034,Monitors,NA-E,Direct,SMB,Ada Vargas,12,511.32,0,6135.84,3788.64,Pending
ORD-104108,2023-01-13,SKU-1102,Accessories,NA-E,Online,Consumer,Petra Ibrahim,4,198.44,0,793.76,369.04,Shipped
ORD-104172,2023-01-13,SKU-1052,Peripherals,NORDIC,Online,Mid-Market,Thea Zhang,3,310.49,0,931.47,477.84,Shipped
ORD-104330,2023-01-13,SKU-1019,Laptops,NA-E,Partner,Enterprise,Zara Fontaine,1,1704.93,0.15,1449.19,1175.47,Shipped
ORD-101394,2023-01-14,SKU-1110,Accessories,DACH,Online,SMB,Yusuf Mbeki,4,50.0,0.05,190.0,95.92,Shipped
ORD-101423,2023-01-14,SKU-1027,Monitors,NA-E,Partner,SMB,Rania Kaur,4,487.06,0.05,1850.83,1326.24,Pending
ORD-101877,2023-01-14,SKU-1044,Peripherals,LATAM,Direct,Mid-Market,Zara Sorensen,3,42.05,0,126.15,63.84,Shipped
ORD-102246,2023-01-14,SKU-1079,Networking,NA-E,Online,SMB,Nikolai Jensen,1,453.79,0,453.79,286.76,Shipped
ORD-104519,2023-01-14,SKU-1109,Accessories,UKI,Direct,SMB,Bruno Zhang,10,131.89,0,1318.9,594.3,Pending
ORD-100900,2023-01-15,SKU-1087,Storage,APAC-N,Partner,SMB,Wei Tanaka,5,222.44,0.25,834.15,754.05,Shipped
ORD-100904,2023-01-15,SKU-1030,Monitors,NA-E,Online,Mid-Market,Elena Laurent,4,756.24,0.15,2571.22,2088.8,Shipped
ORD-103268,2023-01-15,SKU-1119,Accessories,APAC-S,Direct,SMB,Yara Eriksen,1,84.73,0.1,76.26,41.56,Returned
ORD-103405,2023-01-15,SKU-1060,Peripherals,LATAM,Partner,SMB,Nadia Kowalski,4,299.52,0.05,1138.18,678.6,Returned
ORD-104254,2023-01-15,SKU-1090,Storage,NA-W,Direct,Consumer,Ada Zimmerman,5,853.08,0.25,3199.05,2816.7,Shipped
ORD-104904,2023-01-15,SKU-1097,Storage,UKI,Retail,SMB,Emeka Lindqvist,1,176.34,0.05,167.52,133.35,Pending
ORD-100319,2023-01-16,SKU-1060,Peripherals,NA-E,Direct,SMB,Elena Kaur,11,299.52,0.2,2635.78,1866.15,Shipped
ORD-100547,2023-01-16,SKU-1031,Monitors,DACH,Partner,Enterprise,Uma Sandoval,1,953.0,0.25,714.75,667.83,Shipped
ORD-100952,2023-01-16,SKU-1119,Accessories,DACH,Retail,Enterprise,Rosa Marchetti,7,84.73,0.1,533.8,290.92,Pending
ORD-101469,2023-01-16,SKU-1045,Peripherals,NA-E,Direct,SMB,Elena Okafor,4,388.64,0,1554.56,835.16,Shipped
ORD-102102,2023-01-16,SKU-1017,Laptops,LATAM,Retail,Enterprise,Fatima Iversen,1,3083.45,0.25,2312.59,2180.49,Shipped
ORD-102695,2023-01-16,SKU-1024,Monitors,NA-E,Online,Enterprise,Fatima Dahl,1,340.87,0,340.87,221.59,Returned
ORD-103451,2023-01-16,SKU-1058,Peripherals,APAC-S,Direct,SMB,Ivan Kaur,1,410.18,0.15,348.65,221.87,Shipped
ORD-104668,2023-01-16,SKU-1120,Accessories,APAC-N,Retail,Enterprise,Elena Laurent,4,210.18,0.2,672.58,344.68,Shipped
ORD-104715,2023-01-16,SKU-1078,Networking,NA-E,Online,Enterprise,Elena Okafor,1,981.51,0,981.51,583.05,Returned
ORD-100272,2023-01-17,SKU-1058,Peripherals,NA-W,Online,Consumer,Yara Eriksen,3,410.18,0.2,984.43,665.61,Shipped
ORD-101960,2023-01-17,SKU-1107,Accessories,DACH,Partner,Enterprise,Amara Dahl,3,92.86,0,278.58,113.16,Shipped
ORD-104311,2023-01-17,SKU-1055,Peripherals,NORDIC,Direct,Enterprise,Zara Fontaine,3,77.77,0.1,209.98,117.54,Returned
ORD-102483,2023-01-18,SKU-1081,Storage,NA-W,Direct,Enterprise,Adaeze Marchetti,1,427.43,0,427.43,295.78,Shipped
ORD-103471,2023-01-18,SKU-1097,Storage,NA-W,Retail,Mid-Market,Viktor Zhang,1,176.34,0.25,132.25,133.35,Returned
ORD-103497,2023-01-18,SKU-1013,Laptops,NORDIC,Direct,Mid-Market,Malik Kowalski,7,2073.19,0.2,11609.86,9734.55,Shipped
ORD-103961,2023-01-18,SKU-1006,Laptops,APAC-N,Partner,SMB,Bao Alvarez,4,2229.97,0,8919.88,5935.32,Shipped
ORD-104736,2023-01-18,SKU-1054,Peripherals,NA-W,Direct,Mid-Market,Elena Kaur,2,210.36,0,420.72,209.18,Shipped
ORD-104950,2023-01-18,SKU-1028,Monitors,DACH,Direct,SMB,Ada Singh,4,1296.45,0.1,4667.22,3346.28,Returned
ORD-103019,2023-01-19,SKU-1119,Accessories,UKI,Partner,Consumer,Bao Alvarez,5,84.73,0.05,402.47,207.8,Shipped
ORD-103469,2023-01-19,SKU-1014,Laptops,APAC-N,Direct,Mid-Market,Nikolai Jensen,11,1949.83,0.05,20375.72,14536.61,Shipped
ORD-101952,2023-01-20,SKU-1092,Storage,NA-W,Partner,Mid-Market,Malik Kowalski,2,227.16,0,454.32,321.3,Pending
ORD-102321,2023-01-20,SKU-1028,Monitors,UKI,Direct,SMB,Viktor Zhang,1,1296.45,0.05,1231.63,836.57,Shipped
ORD-102544,2023-01-20,SKU-1114,Accessories,APAC-N,Online,SMB,Kwame Abara,5,150.14,0,750.7,362.35,Shipped
ORD-104048,2023-01-21,SKU-1016,Laptops,NA-E,Online,SMB,Rania Kaur,6,3292.27,0.05,18765.94,13368.24,Returned
ORD-100873,2023-01-22,SKU-1094,Storage,NORDIC,Online,Consumer,Elena Kaur,1,321.11,0,321.11,224.89,Shipped
ORD-100877,2023-01-22,SKU-1068,Networking,NA-W,Direct,SMB,Zara Fontaine,4,782.54,0.15,2660.64,1853.0,Shipped
ORD-100887,2023-01-22,SKU-1114,Accessories,NORDIC,Direct,Consumer,Ivan Kaur,2,150.14,0.2,240.22,144.94,Returned
ORD-101013,2023-01-22,SKU-1004,Laptops,NA-W,Direct,SMB,Ada Zimmerman,1,3198.86,0,3198.86,2219.09,Shipped
ORD-103551,2023-01-22,SKU-1115,Accessories,NA-E,Partner,SMB,Thea Delgado,4,201.56,0.05,765.93,383.44,Shipped
ORD-101068,2023-01-23,SKU-1098,Storage,UKI,Online,Consumer,Sana Lindqvist,3,587.94,0,1763.82,1221.51,Returned
ORD-101612,2023-01-23,SKU-1043,Peripherals,NA-E,Direct,SMB,Rania Kaur,10,212.9,0.2,1703.2,1131.5,Shipped
ORD-101910,2023-01-23,SKU-1078,Networking,NA-E,Direct,SMB,Uma Okafor,15,981.51,0.25,11041.99,8745.75,Shipped
ORD-102742,2023-01-23,SKU-1100,Storage,APAC-N,Online,SMB,Fatima Iversen,4,754.71,0.25,2264.13,1999.44,Shipped
ORD-103179,2023-01-23,SKU-1063,Networking,NA-E,Partner,Mid-Market,Nadia Kowalski,1,935.12,0.2,748.1,601.78,Shipped
ORD-103344,2023-01-23,SKU-1024,Monitors,NA-W,Online,Enterprise,Bao Alvarez,6,340.87,0.1,1840.7,1329.54,Returned
ORD-103512,2023-01-23,SKU-1037,Monitors,DACH,Direct,SMB,Bruno Zhang,6,1230.78,0.1,6646.21,4696.14,Returned
ORD-103843,2023-01-23,SKU-1089,Storage,NORDIC,Direct,Mid-Market,Yusuf Mbeki,3,512.43,0.05,1460.43,1019.1,Returned
ORD-104334,2023-01-23,SKU-1090,Storage,NA-E,Direct,Consumer,Elena Laurent,1,853.08,0.25,639.81,563.34,Shipped
ORD-104388,2023-01-23,SKU-1074,Networking,NA-E,Online,Mid-Market,Fatima Bennett,1,192.25,0.1,173.03,120.87,Returned
ORD-104689,2023-01-23,SKU-1076,Networking,DACH,Direct,Enterprise,Bruno Zhang,5,1719.15,0,8595.75,5146.4,Pending
ORD-101735,2023-01-24,SKU-1011,Laptops,NA-E,Partner,SMB,Fatima Bennett,3,2304.08,0,6912.24,4467.9,Shipped
ORD-103278,2023-01-24,SKU-1044,Peripherals,NA-W,Direct,SMB,Uma Sandoval,1,42.05,0.25,31.54,21.28,Shipped
ORD-103782,2023-01-24,SKU-1015,Laptops,APAC-S,Online,Enterprise,Rosa Marchetti,4,1315.81,0,5263.24,3698.76,Shipped
ORD-104018,2023-01-24,SKU-1046,Peripherals,APAC-N,Direct,Mid-Market,Zara Fontaine,2,291.02,0,582.04,298.58,Shipped
ORD-104355,2023-01-24,SKU-1038,Monitors,NORDIC,Online,Mid-Market,Fatima Bennett,2,829.48,0.15,1410.12,1108.66,Shipped
ORD-104437,2023-01-24,SKU-1015,Laptops,UKI,Online,Consumer,Yusuf Fontaine,2,1315.81,0,2631.62,1849.38,Shipped
ORD-100065,2023-01-25,SKU-1085,Storage,NA-E,Online,SMB,Nadia Kowalski,1,163.55,0,163.55,123.38,Shipped
ORD-101596,2023-01-25,SKU-1075,Networking,LATAM,Direct,Consumer,Bao Alvarez,1,1273.44,0.25,955.08,736.87,Returned
ORD-102599,2023-01-25,SKU-1062,Networking,NA-E,Direct,Enterprise,Emeka Lindqvist,1,864.38,0,864.38,541.69,Returned
ORD-102649,2023-01-25,SKU-1031,Monitors,UKI,Online,SMB,Darius Kaur,1,953.0,0.25,714.75,667.83,Shipped
ORD-104525,2023-01-25,SKU-1088,Storage,NA-W,Online,Enterprise,Thea Delgado,2,601.62,0,1203.24,867.86,Pending
ORD-102489,2023-01-26,SKU-1114,Accessories,NA-W,Online,Mid-Market,Ada Singh,1,150.14,0.2,120.11,72.47,Pending
ORD-103444,2023-01-26,SKU-1019,Laptops,NA-E,Online,Mid-Market,Thea Zhang,1,1704.93,0.1,1534.44,1175.47,Pending
ORD-104414,2023-01-26,SKU-1089,Storage,NA-W,Partner,Enterprise,Malik Kowalski,2,512.43,0.1,922.37,679.4,Shipped
ORD-104529,2023-01-26,SKU-1067,Networking,APAC-N,Direct,SMB,Malik Kowalski,1,254.78,0.25,191.09,153.76,Shipped
ORD-104754,2023-01-26,SKU-1018,Laptops,UKI,Online,Consumer,Nikolai Jensen,5,2719.05,0.05,12915.49,8869.85,Pending
ORD-100524,2023-01-27,SKU-1090,Storage,NA-E,Partner,Consumer,Fatima Iversen,1,853.08,0,853.08,563.34,Shipped
ORD-100616,2023-01-27,SKU-1118,Accessories,NA-E,Retail,SMB,Thea Zhang,2,143.1,0,286.2,115.28,Returned
ORD-101409,2023-01-27,SKU-1009,Laptops,NA-E,Partner,SMB,Kwame Abara,1,3341.5,0,3341.5,2318.58,Shipped
ORD-104121,2023-01-27,SKU-1032,Monitors,UKI,Direct,Consumer,Zara Sorensen,8,929.07,0.05,7060.93,4683.92,Shipped
ORD-100084,2023-01-28,SKU-1060,Peripherals,APAC-N,Online,Mid-Market,Ivan Kaur,4,299.52,0.05,1138.18,678.6,Returned
ORD-101319,2023-01-28,SKU-1024,Monitors,UKI,Direct,Mid-Market,Bruno Zhang,13,340.87,0.25,3323.48,2880.67,Shipped
ORD-102629,2023-01-28,SKU-1043,Peripherals,NA-W,Online,SMB,Fatima Iversen,1,212.9,0.2,170.32,113.15,Shipped
ORD-103639,2023-01-28,SKU-1083,Storage,LATAM,Direct,SMB,Rosa Weber,4,132.45,0.1,476.82,356.84,Returned
ORD-104047,2023-01-28,SKU-1080,Networking,APAC-N,Online,SMB,Amara Dahl,1,788.65,0.1,709.78,516.63,Shipped
ORD-104222,2023-01-28,SKU-1045,Peripherals,APAC-S,Direct,Mid-Market,Paulo Carvalho,4,388.64,0,1554.56,835.16,Pending
ORD-104682,2023-01-28,SKU-1064,Networking,APAC-N,Partner,SMB,Zara Fontaine,1,2008.03,0.15,1706.83,1218.2,Returned
ORD-102193,2023-01-29,SKU-1074,Networking,NA-W,Partner,Consumer,Malik Andersen,3,192.25,0,576.75,362.61,Pending
ORD-103436,2023-01-29,SKU-1074,Networking,LATAM,Direct,Enterprise,Elena Laurent,2,192.25,0,384.5,241.74,Returned
ORD-104788,2023-01-29,SKU-1066,Networking,LATAM,Direct,Mid-Market,Thea Delgado,7,491.43,0.1,3096.01,2013.83,Returned
ORD-101218,2023-01-30,SKU-1056,Peripherals,APAC-N,Online,Consumer,Ada Vargas,2,45.14,0,90.28,45.24,Returned
ORD-101397,2023-01-30,SKU-1105,Accessories,APAC-S,Partner,SMB,Wei Tanaka,2,139.86,0.2,223.78,121.94,Shipped
ORD-102300,2023-01-30,SKU-1066,Networking,LATAM,Partner,Mid-Market,Elena Okafor,3,491.43,0.05,1400.58,863.07,Pending
ORD-104028,2023-01-30,SKU-1113,Accessories,NA-E,Direct,Enterprise,Malik Eriksen,3,23.87,0,71.61,31.35,Shipped
ORD-104454,2023-01-30,SKU-1051,Peripherals,UKI,Partner,Consumer,Thea Ibrahim,1,311.03,0.05,295.48,178.18,Shipped
ORD-101090,2023-01-31,SKU-1071,Networking,NA-E,Partner,Enterprise,Malik Eriksen,3,827.39,0.2,1985.74,1586.13,Shipped
ORD-104124,2023-01-31,SKU-1106,Accessories,NA-W,Partner,Mid-Market,Wei Tanaka,4,179.48,0.2,574.34,325.48,Shipped
ORD-104282,2023-01-31,SKU-1111,Accessories,APAC-N,Online,Mid-Market,Uma Okafor,3,118.52,0,355.56,152.01,Shipped
ORD-101164,2023-02-01,SKU-1086,Storage,UKI,Online,Mid-Market,Yusuf Fontaine,11,1066.03,0,11726.33,7770.84,Pending
ORD-102277,2023-02-01,SKU-1062,Networking,NA-W,Partner,SMB,Malik Andersen,6,864.38,0.1,4667.65,3250.14,Shipped
ORD-102936,2023-02-01,SKU-1033,Monitors,UKI,Partner,SMB,Darius Kaur,7,617.73,0.05,4107.9,2801.75,Shipped
ORD-103167,2023-02-01,SKU-1014,Laptops,NA-E,Online,Enterprise,Uma Sandoval,1,1949.83,0.15,1657.36,1321.51,Shipped
ORD-104836,2023-02-01,SKU-1080,Networking,NA-E,Direct,SMB,Rosa Marchetti,4,788.65,0,3154.6,2066.52,Shipped
ORD-100030,2023-02-02,SKU-1059,Peripherals,APAC-N,Partner,SMB,Rania Kaur,1,294.39,0.05,279.67,144.83,Shipped
ORD-100112,2023-02-02,SKU-1087,Storage,NORDIC,Partner,Consumer,Rosa Weber,2,222.44,0,444.88,301.62,Returned
ORD-100222,2023-02-02,SKU-1085,Storage,NA-W,Partner,Enterprise,Fatima Iversen,1,163.55,0.1,147.2,123.38,Shipped
ORD-103684,2023-02-02,SKU-1030,Monitors,NA-E,Direct,Enterprise,Fatima Iversen,1,756.24,0,756.24,522.2,Shipped
ORD-100131,2023-02-03,SKU-1016,Laptops,UKI,Online,Mid-Market,Paulo Carvalho,3,3292.27,0,9876.81,6684.12,Pending
ORD-100650,2023-02-03,SKU-1085,Storage,APAC-N,Online,Enterprise,Malik Andersen,3,163.55,0,490.65,370.14,Shipped
ORD-102419,2023-02-03,SKU-1096,Storage,DACH,Online,SMB,Malik Kowalski,2,924.54,0,1849.08,1329.96,Shipped
ORD-103247,2023-02-03,SKU-1103,Accessories,UKI,Direct,SMB,Rania Eriksen,1,198.1,0.1,178.29,86.3,Returned
ORD-104062,2023-02-03,SKU-1047,Peripherals,NA-E,Partner,Mid-Market,Elena Laurent,3,240.32,0.1,648.86,379.74,Shipped
ORD-104897,2023-02-03,SKU-1057,Peripherals,NORDIC,Direct,Enterprise,Thea Zhang,1,457.5,0.15,388.88,228.53,Returned
ORD-100137,2023-02-04,SKU-1105,Accessories,NA-E,Direct,Enterprise,Uma Okafor,1,139.86,0.2,111.89,60.97,Shipped
ORD-102809,2023-02-04,SKU-1041,Peripherals,DACH,Direct,SMB,Elena Okafor,1,371.64,0,371.64,211.27,Shipped
ORD-103412,2023-02-04,SKU-1013,Laptops,NA-E,Partner,Mid-Market,Zara Fontaine,31,2073.19,0.05,61055.45,43110.15,Shipped
ORD-103433,2023-02-04,SKU-1018,Laptops,NA-E,Online,Mid-Market,Emeka Weber,2,2719.05,0,5438.1,3547.94,Shipped
ORD-100670,2023-02-05,SKU-1113,Accessories,NA-W,Online,SMB,Thea Zhang,1,23.87,0,23.87,10.45,Returned
ORD-101138,2023-02-05,SKU-1071,Networking,APAC-N,Direct,Mid-Market,Elena Okafor,6,827.39,0.05,4716.12,3172.26,Shipped
ORD-101771,2023-02-05,SKU-1028,Monitors,UKI,Online,SMB,Greta Haddad,1,1296.45,0.2,1037.16,836.57,Pending
ORD-103154,2023-02-05,SKU-1020,Laptops,APAC-N,Direct,Enterprise,Ada Vargas,3,3674.26,0.2,8818.22,7172.16,Returned
ORD-103682,2023-02-05,SKU-1079,Networking,NA-W,Direct,Enterprise,Bao Kaur,3,453.79,0.25,1021.03,860.28,Shipped
ORD-100203,2023-02-06,SKU-1035,Monitors,UKI,Direct,Mid-Market,Malik Kowalski,8,1114.67,0.25,6688.02,6104.08,Pending
ORD-100829,2023-02-06,SKU-1100,Storage,NA-E,Retail,Mid-Market,Adaeze Marchetti,4,754.71,0.05,2867.9,1999.44,Returned
ORD-101641,2023-02-06,SKU-1117,Accessories,NA-W,Online,SMB,Nadia Kowalski,3,127.94,0.05,364.63,167.49,Shipped
ORD-101643,2023-02-06,SKU-1019,Laptops,UKI,Retail,Mid-Market,Rosa Marchetti,8,1704.93,0.05,12957.47,9403.76,Shipped
ORD-102524,2023-02-06,SKU-1023,Monitors,LATAM,Partner,SMB,Ada Zimmerman,2,1366.21,0,2732.42,1797.62,Shipped
ORD-102970,2023-02-06,SKU-1080,Networking,NA-E,Online,Enterprise,Fatima Iversen,6,788.65,0.2,3785.52,3099.78,Shipped
ORD-103537,2023-02-06,SKU-1054,Peripherals,LATAM,Direct,Consumer,Ada Singh,1,210.36,0.05,199.84,104.59,Pending
ORD-103702,2023-02-06,SKU-1114,Accessories,NA-W,Partner,Enterprise,Zara Fontaine,1,150.14,0,150.14,72.47,Shipped
ORD-100610,2023-02-07,SKU-1087,Storage,NA-E,Online,Enterprise,Sana Lindqvist,2,222.44,0.25,333.66,301.62,Shipped
ORD-100964,2023-02-07,SKU-1113,Accessories,NA-E,Partner,Enterprise,Bao Alvarez,3,23.87,0,71.61,31.35,Shipped
ORD-101491,2023-02-07,SKU-1097,Storage,NA-W,Direct,Enterprise,Ivan Kaur,7,176.34,0.1,1110.94,933.45,Pending
ORD-102241,2023-02-07,SKU-1094,Storage,APAC-N,Online,Consumer,Fatima Bennett,1,321.11,0.1,289.0,224.89,Shipped
ORD-102706,2023-02-07,SKU-1012,Laptops,NA-E,Partner,Enterprise,Rania Kaur,4,3047.46,0.25,9142.38,8409.56,Shipped
ORD-102769,2023-02-07,SKU-1067,Networking,NA-W,Online,SMB,Bruno Zhang,4,254.78,0,1019.12,615.04,Shipped
ORD-102718,2023-02-08,SKU-1078,Networking,DACH,Retail,Consumer,Fatima Iversen,1,981.51,0,981.51,583.05,Pending
ORD-102968,2023-02-09,SKU-1108,Accessories,NORDIC,Direct,Mid-Market,Yara Eriksen,1,111.01,0,111.01,47.94,Shipped
ORD-104473,2023-02-09,SKU-1026,Monitors,APAC-S,Partner,Mid-Market,Thea Delgado,3,371.18,0,1113.54,762.06,Shipped
ORD-100386,2023-02-10,SKU-1035,Monitors,DACH,Online,SMB,Elena Okafor,1,1114.67,0,1114.67,763.01,Returned
ORD-100796,2023-02-10,SKU-1004,Laptops,NA-E,Direct,SMB,Chen Iversen,5,3198.86,0.2,12795.44,11095.45,Shipped
ORD-101268,2023-02-10,SKU-1076,Networking,NORDIC,Partner,SMB,Fatima Iversen,2,1719.15,0.2,2750.64,2058.56,Shipped
ORD-103129,2023-02-10,SKU-1039,Monitors,NORDIC,Direct,Consumer,Wei Tanaka,1,1201.03,0.05,1140.98,748.13,Pending
ORD-103271,2023-02-10,SKU-1111,Accessories,NA-E,Retail,SMB,Bao Kaur,10,118.52,0,1185.2,506.7,Shipped
ORD-103861,2023-02-10,SKU-1077,Networking,LATAM,Online,Mid-Market,Yara Eriksen,4,740.62,0.2,2369.98,1799.76,Shipped
ORD-104557,2023-02-10,SKU-1007,Laptops,APAC-S,Direct,Consumer,Ivan Kaur,4,1513.38,0,6053.52,4246.96,Shipped
ORD-100754,2023-02-11,SKU-1013,Laptops,DACH,Direct,SMB,Rania Eriksen,4,2073.19,0.2,6634.21,5562.6,Shipped
ORD-103763,2023-02-11,SKU-1075,Networking,NA-E,Online,Consumer,Malik Andersen,5,1273.44,0.25,4775.4,3684.35,Shipped
ORD-104049,2023-02-11,SKU-1013,Laptops,UKI,Direct,Mid-Market,Viktor Zhang,5,2073.19,0.15,8811.06,6953.25,Pending
ORD-104359,2023-02-11,SKU-1022,Monitors,NA-E,Online,SMB,Adaeze Marchetti,1,296.21,0.05,281.4,195.26,Returned
ORD-104615,2023-02-11,SKU-1088,Storage,UKI,Partner,Enterprise,Fatima Dahl,1,601.62,0.15,511.38,433.93,Pending
ORD-100273,2023-02-12,SKU-1057,Peripherals,NA-W,Direct,SMB,Nadia Kowalski,1,457.5,0.25,343.12,228.53,Pending
ORD-100346,2023-02-12,SKU-1050,Peripherals,UKI,Direct,Mid-Market,Uma Sandoval,1,335.4,0.25,251.55,189.69,Shipped
ORD-103852,2023-02-12,SKU-1076,Networking,NORDIC,Partner,Mid-Market,Malik Kowalski,6,1719.15,0.1,9283.41,6175.68,Shipped
ORD-104338,2023-02-12,SKU-1010,Laptops,UKI,Online,Enterprise,Rosa Marchetti,6,1514.87,0.15,7725.84,6541.38,Pending
ORD-100358,2023-02-13,SKU-1115,Accessories,UKI,Direct,Mid-Market,Darius Kaur,2,201.56,0.2,322.5,191.72,Pending
ORD-101484,2023-02-13,SKU-1058,Peripherals,NORDIC,Direct,Mid-Market,Adaeze Marchetti,4,410.18,0.2,1312.58,887.48,Returned
ORD-103461,2023-02-13,SKU-1051,Peripherals,NA-E,Online,SMB,Thea Delgado,2,311.03,0,622.06,356.36,Pending
ORD-104640,2023-02-13,SKU-1004,Laptops,DACH,Partner,SMB,Emeka Weber,11,3198.86,0.05,33428.09,24409.99,Shipped
ORD-101448,2023-02-14,SKU-1037,Monitors,LATAM,Partner,Enterprise,Fatima Iversen,13,1230.78,0.05,15200.13,10174.97,Shipped
ORD-102185,2023-02-14,SKU-1008,Laptops,NA-W,Online,SMB,Yara Eriksen,2,2860.19,0.05,5434.36,3979.86,Pending
ORD-102832,2023-02-14,SKU-1079,Networking,NA-W,Online,Mid-Market,Uma Sandoval,7,453.79,0.15,2700.05,2007.32,Shipped
ORD-103946,2023-02-14,SKU-1091,Storage,NA-W,Direct,SMB,Nikolai Jensen,4,949.67,0.25,2849.01,2798.04,Shipped
ORD-100194,2023-02-15,SKU-1112,Accessories,UKI,Partner,Enterprise,Yusuf Mbeki,1,160.4,0.05,152.38,73.98,Returned
ORD-100581,2023-02-15,SKU-1107,Accessories,DACH,Retail,SMB,Rania Kaur,3,92.86,0.05,264.65,113.16,Shipped
ORD-100617,2023-02-15,SKU-1017,Laptops,NORDIC,Retail,SMB,Yara Eriksen,5,3083.45,0.1,13875.52,10902.45,Shipped
ORD-103481,2023-02-15,SKU-1067,Networking,APAC-S,Partner,Mid-Market,Elena Kaur,5,254.78,0.05,1210.2,768.8,Shipped
ORD-101011,2023-02-16,SKU-1032,Monitors,LATAM,Direct,Mid-Market,Adaeze Marchetti,1,929.07,0.05,882.62,585.49,Pending
ORD-101067,2023-02-16,SKU-1111,Accessories,NA-E,Direct,Enterprise,Uma Okafor,1,118.52,0.2,94.82,50.67,Shipped
ORD-101362,2023-02-16,SKU-1118,Accessories,NA-E,Partner,Mid-Market,Rosa Weber,4,143.1,0.2,457.92,230.56,Pending
ORD-102680,2023-02-16,SKU-1108,Accessories,UKI,Online,Mid-Market,Uma Sandoval,1,111.01,0.05,105.46,47.94,Shipped
ORD-103917,2023-02-16,SKU-1016,Laptops,NA-W,Partner,Enterprise,Fatima Dahl,1,3292.27,0.15,2798.43,2228.04,Shipped
ORD-101157,2023-02-17,SKU-1086,Storage,DACH,Online,Enterprise,Chen Iversen,3,1066.03,0.1,2878.28,2119.32,Shipped
ORD-103151,2023-02-17,SKU-1014,Laptops,UKI,Online,Mid-Market,Ivan Kaur,5,1949.83,0.05,9261.69,6607.55,Shipped
ORD-103487,2023-02-17,SKU-1012,Laptops,NA-W,Partner,Mid-Market,Elena Laurent,3,3047.46,0,9142.38,6307.17,Shipped
ORD-104717,2023-02-17,SKU-1102,Accessories,NA-E,Online,Mid-Market,Emeka Weber,1,198.44,0.15,168.67,92.26,Shipped
ORD-100283,2023-02-18,SKU-1080,Networking,NA-W,Online,Mid-Market,Rosa Weber,1,788.65,0.05,749.22,516.63,Shipped
ORD-100509,2023-02-18,SKU-1103,Accessories,NA-E,Partner,Consumer,Bruno Zhang,1,198.1,0.05,188.19,86.3,Pending
ORD-100597,2023-02-18,SKU-1001,Laptops,LATAM,Partner,Enterprise,Yara Eriksen,5,1590.48,0.05,7554.78,5610.3,Shipped
ORD-103005,2023-02-18,SKU-1088,Storage,DACH,Retail,Consumer,Fatima Bennett,4,601.62,0,2406.48,1735.72,Shipped
ORD-100885,2023-02-19,SKU-1093,Storage,NA-E,Direct,SMB,Elena Kaur,1,856.06,0.05,813.26,628.28,Shipped
ORD-100972,2023-02-19,SKU-1091,Storage,NA-E,Retail,SMB,Rosa Marchetti,4,949.67,0.05,3608.75,2798.04,Shipped
ORD-101320,2023-02-19,SKU-1069,Networking,NA-W,Direct,Consumer,Viktor Zhang,9,640.52,0,5764.68,3515.58,Shipped
ORD-101369,2023-02-19,SKU-1049,Peripherals,LATAM,Partner,Mid-Market,Hana Rossi,5,426.32,0,2131.6,1155.55,Pending
ORD-100559,2023-02-20,SKU-1080,Networking,UKI,Online,Mid-Market,Bao Kaur,1,788.65,0.05,749.22,516.63,Pending
ORD-102146,2023-02-20,SKU-1105,Accessories,DACH,Online,Consumer,Nikolai Jensen,3,139.86,0.25,314.69,182.91,Shipped
ORD-102533,2023-02-20,SKU-1065,Networking,NA-E,Direct,Enterprise,Thea Zhang,2,417.19,0.05,792.66,478.48,Pending
ORD-103440,2023-02-20,SKU-1094,Storage,NORDIC,Retail,Enterprise,Amara Dahl,1,321.11,0.25,240.83,224.89,Shipped
ORD-100391,2023-02-21,SKU-1043,Peripherals,UKI,Direct,Consumer,Emeka Weber,4,212.9,0.1,766.44,452.6,Returned
ORD-100589,2023-02-21,SKU-1025,Monitors,NA-E,Retail,Consumer,Bao Kaur,2,577.77,0.2,924.43,796.02,Shipped
ORD-100620,2023-02-21,SKU-1084,Storage,NA-W,Online,Mid-Market,Nadia Kowalski,3,497.7,0,1493.1,1093.74,Pending
ORD-101058,2023-02-21,SKU-1066,Networking,NORDIC,Partner,Enterprise,Greta Haddad,3,491.43,0,1474.29,863.07,Shipped
ORD-101381,2023-02-21,SKU-1028,Monitors,APAC-N,Online,Mid-Market,Chen Iversen,2,1296.45,0,2592.9,1673.14,Shipped
ORD-102338,2023-02-21,SKU-1108,Accessories,UKI,Online,SMB,Emeka Lindqvist,4,111.01,0.2,355.23,191.76,Shipped
ORD-100810,2023-02-22,SKU-1002,Laptops,NA-E,Direct,Consumer,Thea Zhang,6,3368.08,0,20208.48,13798.38,Shipped
ORD-102607,2023-02-22,SKU-1099,Storage,LATAM,Online,Enterprise,Bao Kaur,1,881.67,0.15,749.42,593.89,Returned
ORD-104896,2023-02-22,SKU-1015,Laptops,NA-E,Online,SMB,Uma Okafor,1,1315.81,0.2,1052.65,924.69,Shipped
ORD-104961,2023-02-22,SKU-1070,Networking,NA-E,Retail,Consumer,Viktor Zhang,2,1052.94,0,2105.88,1260.16,Shipped
ORD-100528,2023-02-23,SKU-1011,Laptops,NA-E,Online,Mid-Market,Fatima Dahl,1,2304.08,0.1,2073.67,1489.3,Shipped
ORD-100929,2023-02-23,SKU-1057,Peripherals,UKI,Partner,Enterprise,Darius Kaur,1,457.5,0.05,434.62,228.53,Pending
ORD-102635,2023-02-23,SKU-1062,Networking,APAC-S,Partner,Consumer,Rania Kaur,1,864.38,0.25,648.28,541.69,Pending
ORD-104479,2023-02-23,SKU-1088,Storage,NORDIC,Partner,SMB,Yara Eriksen,1,601.62,0.05,571.54,433.93,Returned
ORD-102271,2023-02-24,SKU-1018,Laptops,LATAM,Direct,Consumer,Rania Eriksen,1,2719.05,0,2719.05,1773.97,Pending
ORD-104457,2023-02-24,SKU-1091,Storage,NA-W,Direct,Enterprise,Rosa Marchetti,2,949.67,0.2,1519.47,1399.02,Shipped
ORD-104738,2023-02-24,SKU-1097,Storage,DACH,Direct,Mid-Market,Zara Fontaine,6,176.34,0.2,846.43,800.1,Shipped
ORD-103449,2023-02-25,SKU-1095,Storage,NA-W,Direct,SMB,Emeka Lindqvist,13,537.52,0.15,5939.6,5007.21,Shipped
ORD-104993,2023-02-25,SKU-1045,Peripherals,NA-W,Online,SMB,Bruno Zhang,1,388.64,0,388.64,208.79,Returned
ORD-100281,2023-02-26,SKU-1038,Monitors,NORDIC,Online,Mid-Market,Thea Zhang,1,829.48,0.2,663.58,554.33,Shipped
ORD-100534,2023-02-26,SKU-1109,Accessories,LATAM,Retail,SMB,Zara Fontaine,6,131.89,0.15,672.64,356.58,Returned
ORD-102048,2023-02-26,SKU-1078,Networking,NA-E,Retail,Consumer,Fatima Bennett,17,981.51,0,16685.67,9911.85,Shipped
ORD-102844,2023-02-26,SKU-1086,Storage,NA-E,Online,Mid-Market,Hana Rossi,1,1066.03,0,1066.03,706.44,Shipped
ORD-103646,2023-02-26,SKU-1119,Accessories,NA-E,Online,Consumer,Sana Lindqvist,10,84.73,0,847.3,415.6,Shipped
ORD-103818,2023-02-26,SKU-1038,Monitors,NA-E,Direct,Mid-Market,Rania Eriksen,7,829.48,0,5806.36,3880.31,Shipped
ORD-104152,2023-02-26,SKU-1024,Monitors,NA-E,Online,Mid-Market,Bao Alvarez,6,340.87,0.05,1942.96,1329.54,Returned
ORD-104468,2023-02-26,SKU-1050,Peripherals,NA-E,Direct,Mid-Market,Elena Laurent,9,335.4,0,3018.6,1707.21,Returned
ORD-104902,2023-02-26,SKU-1086,Storage,UKI,Direct,SMB,Fatima Iversen,2,1066.03,0,2132.06,1412.88,Shipped
ORD-104988,2023-02-26,SKU-1095,Storage,UKI,Online,Mid-Market,Sana Lindqvist,6,537.52,0.1,2902.61,2311.02,Shipped
ORD-101416,2023-02-27,SKU-1120,Accessories,NA-W,Direct,SMB,Greta Haddad,1,210.18,0,210.18,86.17,Shipped
ORD-101226,2023-02-28,SKU-1095,Storage,NA-W,Direct,SMB,Rosa Marchetti,1,537.52,0,537.52,385.17,Returned
ORD-101483,2023-02-28,SKU-1074,Networking,NA-W,Partner,Consumer,Thea Ibrahim,1,192.25,0.05,182.64,120.87,Shipped
ORD-103041,2023-02-28,SKU-1075,Networking,DACH,Partner,Mid-Market,Ivan Kaur,1,1273.44,0.05,1209.77,736.87,Shipped
ORD-104022,2023-02-28,SKU-1012,Laptops,APAC-N,Online,Mid-Market,Ada Zimmerman,1,3047.46,0.2,2437.97,2102.39,Shipped
ORD-104579,2023-02-28,SKU-1061,Networking,NA-E,Online,Enterprise,Petra Ibrahim,5,1191.4,0.15,5063.45,3479.95,Shipped
ORD-102510,2023-03-01,SKU-1073,Networking,NA-E,Direct,SMB,Petra Ibrahim,6,347.65,0.05,1981.6,1358.52,Returned
ORD-103026,2023-03-01,SKU-1086,Storage,NA-E,Partner,SMB,Amara Dahl,4,1066.03,0.25,3198.09,2825.76,Shipped
ORD-103212,2023-03-01,SKU-1037,Monitors,NORDIC,Retail,Enterprise,Wei Tanaka,2,1230.78,0.05,2338.48,1565.38,Shipped
ORD-103847,2023-03-01,SKU-1064,Networking,NA-E,Online,Enterprise,Bao Alvarez,3,2008.03,0,6024.09,3654.6,Shipped
ORD-103959,2023-03-01,SKU-1101,Accessories,NA-W,Partner,Mid-Market,Elena Laurent,1,149.25,0.25,111.94,60.05,Shipped
ORD-104637,2023-03-01,SKU-1070,Networking,DACH,Direct,SMB,Thea Zhang,2,1052.94,0.15,1790.0,1260.16,Shipped
ORD-104760,2023-03-01,SKU-1111,Accessories,UKI,Direct,Enterprise,Paulo Carvalho,2,118.52,0.15,201.48,101.34,Returned
ORD-100274,2023-03-02,SKU-1071,Networking,APAC-S,Direct,Enterprise,Fatima Iversen,4,827.39,0.05,3144.08,2114.84,Shipped
ORD-101867,2023-03-02,SKU-1095,Storage,NA-E,Partner,Enterprise,Emeka Weber,3,537.52,0.05,1531.93,1155.51,Shipped
ORD-102306,2023-03-02,SKU-1061,Networking,APAC-S,Partner,Enterprise,Ada Singh,1,1191.4,0.25,893.55,695.99,Shipped
ORD-102920,2023-03-02,SKU-1095,Storage,APAC-N,Direct,Consumer,Ada Singh,2,537.52,0.2,860.03,770.34,Shipped
ORD-103357,2023-03-02,SKU-1053,Peripherals,UKI,Direct,Enterprise,Chen Iversen,1,417.51,0,417.51,216.56,Shipped
ORD-104161,2023-03-02,SKU-1093,Storage,APAC-N,Partner,Mid-Market,Elena Laurent,2,856.06,0.1,1540.91,1256.56,Shipped
ORD-104284,2023-03-02,SKU-1074,Networking,NA-E,Direct,Mid-Market,Paulo Carvalho,2,192.25,0,384.5,241.74,Shipped
ORD-104319,2023-03-02,SKU-1091,Storage,NA-W,Online,Enterprise,Fatima Bennett,1,949.67,0,949.67,699.51,Shipped
ORD-101953,2023-03-03,SKU-1044,Peripherals,DACH,Direct,SMB,Bao Alvarez,4,42.05,0,168.2,85.12,Shipped
ORD-102652,2023-03-03,SKU-1009,Laptops,NA-W,Retail,Consumer,Thea Zhang,5,3341.5,0.1,15036.75,11592.9,Shipped
ORD-102852,2023-03-03,SKU-1105,Accessories,NA-E,Partner,Consumer,Uma Sandoval,4,139.86,0.1,503.5,243.88,Shipped
ORD-102917,2023-03-03,SKU-1098,Storage,APAC-N,Direct,SMB,Emeka Lindqvist,1,587.94,0.05,558.54,407.17,Returned
ORD-103348,2023-03-04,SKU-1093,Storage,NA-E,Direct,SMB,Ada Vargas,1,856.06,0,856.06,628.28,Shipped
ORD-103591,2023-03-04,SKU-1030,Monitors,NA-W,Online,Mid-Market,Chen Iversen,1,756.24,0,756.24,522.2,Returned
ORD-103804,2023-03-04,SKU-1058,Peripherals,NA-E,Online,Enterprise,Rania Eriksen,1,410.18,0.05,389.67,221.87,Shipped
ORD-101202,2023-03-05,SKU-1094,Storage,NA-W,Retail,Mid-Market,Thea Zhang,1,321.11,0.05,305.05,224.89,Returned
ORD-103362,2023-03-05,SKU-1020,Laptops,NA-E,Partner,SMB,Malik Andersen,1,3674.26,0,3674.26,2390.72,Shipped
ORD-100714,2023-03-06,SKU-1120,Accessories,NA-W,Retail,Consumer,Amara Dahl,14,210.18,0,2942.52,1206.38,Pending
ORD-102017,2023-03-06,SKU-1095,Storage,LATAM,Online,Mid-Market,Petra Ibrahim,2,537.52,0.15,913.78,770.34,Shipped
ORD-102024,2023-03-06,SKU-1045,Peripherals,NA-E,Online,Consumer,Amara Dahl,5,388.64,0.05,1846.04,1043.95,Shipped
ORD-102761,2023-03-06,SKU-1031,Monitors,UKI,Direct,Enterprise,Zara Fontaine,1,953.0,0,953.0,667.83,Shipped
ORD-103374,2023-03-06,SKU-1101,Accessories,NA-E,Partner,SMB,Fatima Bennett,2,149.25,0.15,253.72,120.1,Pending
ORD-104032,2023-03-06,SKU-1042,Peripherals,NA-W,Partner,SMB,Petra Ibrahim,1,84.72,0.05,80.48,46.51,Shipped
ORD-100144,2023-03-07,SKU-1028,Monitors,DACH,Online,Consumer,Zara Sorensen,3,1296.45,0.25,2917.01,2509.71,Shipped
ORD-100266,2023-03-07,SKU-1052,Peripherals,NORDIC,Direct,Mid-Market,Bao Alvarez,13,310.49,0,4036.37,2070.64,Shipped
ORD-100560,2023-03-07,SKU-1096,Storage,NA-E,Direct,Enterprise,Viktor Zhang,1,924.54,0,924.54,664.98,Shipped
ORD-103740,2023-03-07,SKU-1018,Laptops,NA-W,Online,SMB,Bao Kaur,4,2719.05,0.15,9244.77,7095.88,Returned
ORD-104456,2023-03-07,SKU-1072,Networking,NA-E,Direct,Mid-Market,Viktor Zhang,1,593.71,0.2,474.97,371.48,Pending
ORD-104677,2023-03-07,SKU-1029,Monitors,UKI,Partner,SMB,Ada Zimmerman,1,438.72,0.05,416.78,287.42,Returned
ORD-100224,2023-03-08,SKU-1032,Monitors,NORDIC,Partner,Enterprise,Nikolai Jensen,3,929.07,0,2787.21,1756.47,Pending
ORD-102012,2023-03-08,SKU-1061,Networking,DACH,Retail,Mid-Market,Nikolai Jensen,2,1191.4,0.25,1787.1,1391.98,Shipped
ORD-103302,2023-03-08,SKU-1100,Storage,NA-E,Partner,Consumer,Bao Alvarez,1,754.71,0,754.71,499.86,Shipped
ORD-104321,2023-03-08,SKU-1019,Laptops,UKI,Direct,Mid-Market,Yusuf Fontaine,19,1704.93,0,32393.67,22333.93,Shipped
ORD-100277,2023-03-09,SKU-1077,Networking,NA-W,Partner,SMB,Paulo Carvalho,3,740.62,0.05,2110.77,1349.82,Returned
ORD-100374,2023-03-09,SKU-1038,Monitors,NA-W,Retail,SMB,Bao Kaur,1,829.48,0.1,746.53,554.33,Returned
ORD-100790,2023-03-09,SKU-1103,Accessories,DACH,Online,SMB,Hana Rossi,1,198.1,0.25,148.57,86.3,Shipped
ORD-101366,2023-03-09,SKU-1078,Networking,DACH,Direct,Mid-Market,Uma Sandoval,1,981.51,0,981.51,583.05,Shipped
ORD-101990,2023-03-09,SKU-1048,Peripherals,APAC-N,Online,Mid-Market,Bao Kaur,6,405.97,0.15,2070.45,1203.84,Shipped
ORD-103463,2023-03-09,SKU-1044,Peripherals,APAC-S,Partner,SMB,Uma Sandoval,6,42.05,0.25,189.22,127.68,Shipped
ORD-104481,2023-03-09,SKU-1103,Accessories,NA-W,Partner,Enterprise,Yusuf Fontaine,4,198.1,0,792.4,345.2,Shipped
ORD-104588,2023-03-09,SKU-1059,Peripherals,NA-W,Retail,Enterprise,Zara Fontaine,2,294.39,0,588.78,289.66,Shipped
ORD-101383,2023-03-10,SKU-1026,Monitors,LATAM,Online,Consumer,Fatima Dahl,2,371.18,0,742.36,508.04,Pending
ORD-102784,2023-03-10,SKU-1032,Monitors,NA-E,Direct,SMB,Sana Lindqvist,3,929.07,0.05,2647.85,1756.47,Shipped
ORD-100962,2023-03-11,SKU-1105,Accessories,NA-E,Partner,Mid-Market,Elena Laurent,5,139.86,0,699.3,304.85,Shipped
ORD-101176,2023-03-11,SKU-1050,Peripherals,NA-E,Online,Enterprise,Amara Dahl,2,335.4,0.1,603.72,379.38,Shipped
ORD-104930,2023-03-11,SKU-1014,Laptops,NA-W,Direct,SMB,Rosa Weber,2,1949.83,0,3899.66,2643.02,Shipped
ORD-100189,2023-03-12,SKU-1070,Networking,DACH,Direct,Enterprise,Yara Eriksen,7,1052.94,0.2,5896.46,4410.56,Pending
ORD-100944,2023-03-12,SKU-1019,Laptops,DACH,Direct,Enterprise,Nikolai Jensen,1,1704.93,0,1704.93,1175.47,Shipped
ORD-103330,2023-03-12,SKU-1047,Peripherals,NA-W,Online,SMB,Zara Fontaine,10,240.32,0.25,1802.4,1265.8,Shipped
ORD-103473,2023-03-12,SKU-1057,Peripherals,NA-E,Online,Mid-Market,Emeka Lindqvist,2,457.5,0,915.0,457.06,Shipped
ORD-104994,2023-03-12,SKU-1048,Peripherals,DACH,Online,Enterprise,Kwame Abara,2,405.97,0.1,730.75,401.28,Returned
ORD-100200,2023-03-13,SKU-1078,Networking,NA-E,Direct,Mid-Market,Bruno Zhang,12,981.51,0,11778.12,6996.6,Shipped
ORD-100415,2023-03-13,SKU-1044,Peripherals,NA-W,Partner,Enterprise,Chen Iversen,4,42.05,0.2,134.56,85.12,Shipped
ORD-100842,2023-03-13,SKU-1055,Peripherals,UKI,Online,Consumer,Fatima Dahl,2,77.77,0.25,116.66,78.36,Shipped
ORD-101066,2023-03-13,SKU-1034,Monitors,UKI,Direct,Consumer,Rosa Marchetti,4,511.32,0.05,1943.02,1262.88,Shipped
ORD-101414,2023-03-14,SKU-1007,Laptops,UKI,Online,Consumer,Malik Kowalski,1,1513.38,0.1,1362.04,1061.74,Pending
ORD-101646,2023-03-14,SKU-1033,Monitors,NA-W,Partner,SMB,Ada Singh,2,617.73,0,1235.46,800.5,Returned
ORD-102228,2023-03-14,SKU-1076,Networking,NA-E,Online,SMB,Greta Haddad,1,1719.15,0.2,1375.32,1029.28,Returned
ORD-102375,2023-03-14,SKU-1026,Monitors,UKI,Direct,Enterprise,Elena Kaur,3,371.18,0.05,1057.86,762.06,Shipped
ORD-103338,2023-03-14,SKU-1003,Laptops,NORDIC,Direct,Mid-Market,Malik Eriksen,2,2349.75,0.25,3524.62,3024.74,Shipped
ORD-104496,2023-03-14,SKU-1110,Accessories,NA-W,Online,Mid-Market,Chen Iversen,5,50.0,0.05,237.5,119.9,Shipped
ORD-100676,2023-03-15,SKU-1077,Networking,LATAM,Direct,Enterprise,Yara Eriksen,4,740.62,0.05,2814.36,1799.76,Returned
ORD-100890,2023-03-15,SKU-1024,Monitors,UKI,Online,SMB,Greta Haddad,3,340.87,0.05,971.48,664.77,Shipped
ORD-101065,2023-03-15,SKU-1011,Laptops,UKI,Direct,SMB,Emeka Lindqvist,1,2304.08,0.15,1958.47,1489.3,Pending
ORD-103564,2023-03-15,SKU-1092,Storage,UKI,Direct,Enterprise,Zara Sorensen,2,227.16,0.25,340.74,321.3,Shipped
ORD-104215,2023-03-15,SKU-1062,Networking,APAC-N,Direct,Mid-Market,Darius Kaur,2,864.38,0,1728.76,1083.38,Shipped
ORD-100568,2023-03-16,SKU-1084,Storage,NA-E,Online,Consumer,Thea Delgado,2,497.7,0.2,796.32,729.16,Shipped
ORD-101981,2023-03-16,SKU-1066,Networking,NA-W,Partner,Mid-Market,Zara Fontaine,2,491.43,0.15,835.43,575.38,Shipped
ORD-102525,2023-03-16,SKU-1074,Networking,DACH,Online,Enterprise,Viktor Zhang,1,192.25,0.15,163.41,120.87,Shipped
ORD-104433,2023-03-16,SKU-1078,Networking,APAC-S,Retail,SMB,Yusuf Fontaine,1,981.51,0,981.51,583.05,Returned
ORD-100750,2023-03-17,SKU-1017,Laptops,UKI,Partner,SMB,Thea Ibrahim,4,3083.45,0.15,10483.73,8721.96,Returned
ORD-101106,2023-03-17,SKU-1112,Accessories,DACH,Direct,Consumer,Ada Singh,5,160.4,0.25,601.5,369.9,Shipped
ORD-102273,2023-03-17,SKU-1077,Networking,NA-W,Online,SMB,Paulo Carvalho,4,740.62,0.05,2814.36,1799.76,Shipped
ORD-100302,2023-03-18,SKU-1016,Laptops,NA-E,Direct,Mid-Market,Rosa Marchetti,4,3292.27,0,13169.08,8912.16,Returned
ORD-100643,2023-03-18,SKU-1044,Peripherals,UKI,Partner,Mid-Market,Thea Zhang,2,42.05,0,84.1,42.56,Shipped
ORD-103467,2023-03-18,SKU-1056,Peripherals,NORDIC,Online,Mid-Market,Uma Sandoval,1,45.14,0,45.14,22.62,Shipped
ORD-104237,2023-03-18,SKU-1015,Laptops,UKI,Partner,SMB,Kwame Abara,7,1315.81,0,9210.67,6472.83,Pending
ORD-104647,2023-03-18,SKU-1029,Monitors,NA-E,Direct,SMB,Amara Dahl,1,438.72,0,438.72,287.42,Shipped
ORD-100418,2023-03-19,SKU-1081,Storage,NA-E,Retail,Consumer,Chen Iversen,1,427.43,0.1,384.69,295.78,Returned
ORD-100818,2023-03-19,SKU-1012,Laptops,NA-W,Partner,SMB,Elena Okafor,6,3047.46,0.05,17370.52,12614.34,Returned
ORD-101123,2023-03-19,SKU-1080,Networking,NA-E,Online,Consumer,Sana Lindqvist,1,788.65,0,788.65,516.63,Shipped
ORD-103157,2023-03-19,SKU-1095,Storage,LATAM,Online,Consumer,Fatima Dahl,1,537.52,0.05,510.64,385.17,Shipped
ORD-103030,2023-03-20,SKU-1077,Networking,APAC-N,Direct,Mid-Market,Nadia Kowalski,3,740.62,0,2221.86,1349.82,Shipped
ORD-103544,2023-03-20,SKU-1039,Monitors,NA-E,Retail,Mid-Market,Petra Ibrahim,4,1201.03,0,4804.12,2992.52,Shipped
ORD-104276,2023-03-20,SKU-1112,Accessories,NA-E,Partner,SMB,Yusuf Fontaine,3,160.4,0.1,433.08,221.94,Shipped
ORD-101192,2023-03-21,SKU-1104,Accessories,LATAM,Partner,SMB,Emeka Weber,2,40.52,0.1,72.94,38.68,Shipped
ORD-103272,2023-03-21,SKU-1039,Monitors,UKI,Online,Enterprise,Petra Ibrahim,2,1201.03,0.1,2161.85,1496.26,Shipped
ORD-100085,2023-03-22,SKU-1067,Networking,NA-W,Online,Mid-Market,Bruno Zhang,2,254.78,0,509.56,307.52,Shipped
ORD-101278,2023-03-22,SKU-1058,Peripherals,NA-E,Online,SMB,Zara Fontaine,2,410.18,0,820.36,443.74,Shipped
ORD-101635,2023-03-22,SKU-1107,Accessories,APAC-N,Partner,SMB,Emeka Lindqvist,2,92.86,0.1,167.15,75.44,Returned
ORD-103670,2023-03-22,SKU-1028,Monitors,APAC-N,Retail,Mid-Market,Rania Kaur,3,1296.45,0.2,3111.48,2509.71,Shipped
ORD-101238,2023-03-23,SKU-1120,Accessories,LATAM,Direct,Mid-Market,Ada Singh,8,210.18,0.15,1429.22,689.36,Shipped
ORD-101443,2023-03-23,SKU-1048,Peripherals,APAC-N,Online,Enterprise,Elena Kaur,6,405.97,0,2435.82,1203.84,Shipped
ORD-101863,2023-03-23,SKU-1005,Laptops,DACH,Online,Enterprise,Elena Kaur,4,1611.9,0.05,6125.22,4129.16,Pending
ORD-102570,2023-03-23,SKU-1023,Monitors,NA-W,Retail,Mid-Market,Nikolai Jensen,1,1366.21,0.15,1161.28,898.81,Shipped
ORD-102688,2023-03-23,SKU-1057,Peripherals,DACH,Direct,Mid-Market,Yusuf Fontaine,2,457.5,0,915.0,457.06,Shipped
ORD-104890,2023-03-23,SKU-1002,Laptops,NA-E,Direct,SMB,Fatima Iversen,4,3368.08,0,13472.32,9198.92,Shipped
ORD-100570,2023-03-24,SKU-1018,Laptops,DACH,Online,SMB,Malik Kowalski,5,2719.05,0.15,11555.96,8869.85,Shipped
ORD-102040,2023-03-24,SKU-1076,Networking,NORDIC,Direct,SMB,Uma Sandoval,3,1719.15,0.15,4383.83,3087.84,Shipped
ORD-102432,2023-03-24,SKU-1093,Storage,NA-E,Direct,Enterprise,Darius Kaur,1,856.06,0,856.06,628.28,Pending
ORD-102823,2023-03-24,SKU-1112,Accessories,NA-W,Partner,Enterprise,Ivan Kaur,4,160.4,0.05,609.52,295.92,Pending
ORD-100278,2023-03-25,SKU-1116,Accessories,NA-E,Online,Enterprise,Zara Fontaine,3,147.71,0.05,420.97,217.59,Returned
ORD-101467,2023-03-25,SKU-1022,Monitors,NA-W,Retail,Mid-Market,Wei Tanaka,7,296.21,0.15,1762.45,1366.82,Shipped
ORD-102593,2023-03-25,SKU-1085,Storage,NA-E,Retail,Mid-Market,Adaeze Marchetti,2,163.55,0,327.1,246.76,Shipped
ORD-102828,2023-03-25,SKU-1070,Networking,UKI,Direct,Enterprise,Elena Kaur,10,1052.94,0.1,9476.46,6300.8,Shipped
ORD-104953,2023-03-25,SKU-1065,Networking,NA-E,Direct,SMB,Zara Sorensen,6,417.19,0.1,2252.83,1435.44,Returned
ORD-100482,2023-03-26,SKU-1028,Monitors,LATAM,Direct,SMB,Paulo Carvalho,1,1296.45,0,1296.45,836.57,Shipped
ORD-100553,2023-03-26,SKU-1006,Laptops,UKI,Partner,SMB,Fatima Bennett,5,2229.97,0.1,10034.86,7419.15,Shipped
ORD-100724,2023-03-26,SKU-1028,Monitors,APAC-N,Online,Mid-Market,Wei Tanaka,7,1296.45,0,9075.15,5855.99,Shipped
ORD-101848,2023-03-26,SKU-1061,Networking,APAC-N,Online,SMB,Fatima Bennett,4,1191.4,0.05,4527.32,2783.96,Shipped
ORD-102121,2023-03-26,SKU-1086,Storage,NA-W,Online,SMB,Elena Laurent,4,1066.03,0,4264.12,2825.76,Returned
ORD-102904,2023-03-26,SKU-1101,Accessories,NA-W,Partner,Enterprise,Ada Zimmerman,1,149.25,0.1,134.33,60.05,Shipped
ORD-104168,2023-03-26,SKU-1009,Laptops,NA-E,Online,SMB,Rosa Marchetti,2,3341.5,0.05,6348.85,4637.16,Returned
ORD-100013,2023-03-27,SKU-1035,Monitors,APAC-N,Direct,Consumer,Fatima Iversen,3,1114.67,0,3344.01,2289.03,Shipped
ORD-100227,2023-03-27,SKU-1047,Peripherals,UKI,Online,Mid-Market,Hana Rossi,1,240.32,0,240.32,126.58,Shipped
ORD-100497,2023-03-27,SKU-1053,Peripherals,APAC-N,Retail,Mid-Market,Malik Eriksen,2,417.51,0.25,626.26,433.12,Shipped
ORD-100653,2023-03-27,SKU-1094,Storage,UKI,Direct,Enterprise,Kwame Abara,6,321.11,0.05,1830.33,1349.34,Shipped
ORD-101354,2023-03-27,SKU-1049,Peripherals,NA-W,Partner,Enterprise,Yusuf Mbeki,2,426.32,0.2,682.11,462.22,Shipped
ORD-101586,2023-03-27,SKU-1039,Monitors,DACH,Direct,Mid-Market,Bao Alvarez,11,1201.03,0.1,11890.2,8229.43,Returned
ORD-101678,2023-03-27,SKU-1028,Monitors,APAC-N,Direct,Mid-Market,Fatima Dahl,3,1296.45,0.25,2917.01,2509.71,Shipped
ORD-102289,2023-03-27,SKU-1071,Networking,NA-E,Direct,Mid-Market,Zara Sorensen,2,827.39,0,1654.78,1057.42,Shipped
ORD-103133,2023-03-27,SKU-1071,Networking,UKI,Online,Mid-Market,Fatima Bennett,11,827.39,0,9101.29,5815.81,Shipped
ORD-104224,2023-03-27,SKU-1079,Networking,UKI,Partner,Mid-Market,Paulo Carvalho,3,453.79,0.05,1293.3,860.28,Pending
ORD-100993,2023-03-28,SKU-1070,Networking,APAC-N,Online,Enterprise,Elena Laurent,4,1052.94,0,4211.76,2520.32,Shipped
ORD-101757,2023-03-28,SKU-1098,Storage,NA-E,Direct,SMB,Elena Laurent,1,587.94,0.1,529.15,407.17,Shipped
ORD-102094,2023-03-28,SKU-1065,Networking,APAC-S,Retail,Consumer,Elena Laurent,1,417.19,0.1,375.47,239.24,Shipped
ORD-102615,2023-03-28,SKU-1060,Peripherals,NA-W,Partner,Consumer,Darius Kaur,1,299.52,0,299.52,169.65,Returned
ORD-100665,2023-03-29,SKU-1007,Laptops,NA-E,Direct,Enterprise,Darius Kaur,13,1513.38,0.1,17706.55,13802.62,Pending
ORD-101318,2023-03-29,SKU-1002,Laptops,NA-W,Partner,SMB,Yara Eriksen,11,3368.08,0.2,29639.1,25297.03,Pending
ORD-102097,2023-03-29,SKU-1059,Peripherals,UKI,Partner,Enterprise,Bao Kaur,1,294.39,0.05,279.67,144.83,Pending
ORD-103084,2023-03-29,SKU-1098,Storage,NA-W,Online,Mid-Market,Yusuf Fontaine,1,587.94,0.1,529.15,407.17,Pending
ORD-101576,2023-03-30,SKU-1116,Accessories,NORDIC,Direct,SMB,Fatima Dahl,2,147.71,0.25,221.56,145.06,Shipped
ORD-102985,2023-03-30,SKU-1086,Storage,NA-E,Direct,Enterprise,Rania Kaur,6,1066.03,0.15,5436.75,4238.64,Returned
ORD-103540,2023-03-30,SKU-1104,Accessories,APAC-N,Direct,SMB,Fatima Iversen,7,40.52,0,283.64,135.38,Returned
ORD-104291,2023-03-30,SKU-1038,Monitors,NA-E,Partner,Mid-Market,Greta Haddad,1,829.48,0,829.48,554.33,Shipped
ORD-104663,2023-03-30,SKU-1060,Peripherals,LATAM,Online,Mid-Market,Fatima Bennett,2,299.52,0.05,569.09,339.3,Shipped
ORD-100329,2023-03-31,SKU-1074,Networking,NA-E,Direct,Enterprise,Fatima Iversen,2,192.25,0.1,346.05,241.74,Returned
ORD-103177,2023-03-31,SKU-1056,Peripherals,NA-W,Direct,Enterprise,Sana Lindqvist,1,45.14,0.15,38.37,22.62,Pending
ORD-104536,2023-03-31,SKU-1104,Accessories,NA-W,Direct,SMB,Nadia Kowalski,1,40.52,0,40.52,19.34,Pending
ORD-100412,2023-04-01,SKU-1115,Accessories,NA-W,Partner,Enterprise,Rosa Marchetti,2,201.56,0.05,382.96,191.72,Shipped
ORD-100862,2023-04-01,SKU-1001,Laptops,NORDIC,Retail,Mid-Market,Rosa Marchetti,1,1590.48,0.15,1351.91,1122.06,Shipped
ORD-103078,2023-04-01,SKU-1103,Accessories,NORDIC,Partner,Mid-Market,Elena Okafor,1,198.1,0.1,178.29,86.3,Returned
ORD-103152,2023-04-01,SKU-1102,Accessories,NA-E,Direct,SMB,Uma Okafor,4,198.44,0,793.76,369.04,Returned
ORD-104098,2023-04-01,SKU-1076,Networking,NA-W,Online,Enterprise,Paulo Carvalho,2,1719.15,0.05,3266.39,2058.56,Returned
ORD-104975,2023-04-01,SKU-1066,Networking,APAC-N,Partner,Enterprise,Ada Zimmerman,2,491.43,0.1,884.57,575.38,Shipped
ORD-104998,2023-04-01,SKU-1077,Networking,NA-E,Direct,Enterprise,Uma Okafor,2,740.62,0.15,1259.05,899.88,Pending
ORD-100425,2023-04-02,SKU-1009,Laptops,NORDIC,Direct,Mid-Market,Nikolai Jensen,3,3341.5,0.15,8520.82,6955.74,Shipped
ORD-100893,2023-04-02,SKU-1027,Monitors,APAC-S,Retail,Mid-Market,Thea Zhang,3,487.06,0,1461.18,994.68,Shipped
ORD-103281,2023-04-02,SKU-1081,Storage,LATAM,Partner,Enterprise,Bao Kaur,1,427.43,0,427.43,295.78,Shipped
ORD-104541,2023-04-02,SKU-1115,Accessories,NA-E,Partner,Mid-Market,Ada Zimmerman,6,201.56,0.05,1148.89,575.16,Shipped
ORD-100069,2023-04-03,SKU-1073,Networking,NA-E,Direct,Mid-Market,Fatima Dahl,5,347.65,0,1738.25,1132.1,Shipped
ORD-100262,2023-04-03,SKU-1019,Laptops,UKI,Direct,Mid-Market,Kwame Abara,11,1704.93,0.05,17816.52,12930.17,Shipped
ORD-100949,2023-04-03,SKU-1109,Accessories,NA-E,Direct,SMB,Chen Iversen,5,131.89,0.05,626.48,297.15,Shipped
ORD-102190,2023-04-03,SKU-1040,Monitors,NA-W,Online,Enterprise,Zara Fontaine,2,519.33,0.05,986.73,689.46,Shipped
ORD-102552,2023-04-03,SKU-1042,Peripherals,NA-W,Online,Mid-Market,Chen Iversen,1,84.72,0,84.72,46.51,Shipped
ORD-103920,2023-04-03,SKU-1013,Laptops,NA-E,Direct,SMB,Thea Delgado,4,2073.19,0,8292.76,5562.6,Pending
ORD-104618,2023-04-03,SKU-1023,Monitors,NA-W,Direct,SMB,Bao Kaur,2,1366.21,0,2732.42,1797.62,Shipped
ORD-104928,2023-04-03,SKU-1069,Networking,NA-E,Partner,SMB,Emeka Lindqvist,3,640.52,0,1921.56,1171.86,Shipped
ORD-100742,2023-04-04,SKU-1020,Laptops,NA-E,Direct,Mid-Market,Greta Haddad,1,3674.26,0.1,3306.83,2390.72,Shipped
ORD-100744,2023-04-04,SKU-1048,Peripherals,DACH,Direct,Enterprise,Nikolai Jensen,1,405.97,0.1,365.37,200.64,Pending
ORD-101259,2023-04-04,SKU-1018,Laptops,NA-W,Direct,SMB,Wei Tanaka,1,2719.05,0.15,2311.19,1773.97,Shipped
ORD-101554,2023-04-04,SKU-1003,Laptops,NA-E,Retail,Consumer,Nikolai Jensen,1,2349.75,0.05,2232.26,1512.37,Shipped
ORD-101765,2023-04-04,SKU-1079,Networking,APAC-S,Partner,SMB,Petra Ibrahim,3,453.79,0,1361.37,860.28,Shipped
ORD-104251,2023-04-04,SKU-1003,Laptops,NORDIC,Retail,Enterprise,Ivan Kaur,5,2349.75,0,11748.75,7561.85,Shipped
ORD-104381,2023-04-04,SKU-1104,Accessories,NA-E,Partner,SMB,Viktor Zhang,5,40.52,0.2,162.08,96.7,Shipped
ORD-100067,2023-04-05,SKU-1060,Peripherals,LATAM,Online,Enterprise,Fatima Iversen,2,299.52,0.1,539.14,339.3,Pending
ORD-101541,2023-04-05,SKU-1020,Laptops,APAC-N,Online,Mid-Market,Elena Laurent,2,3674.26,0,7348.52,4781.44,Shipped
ORD-100233,2023-04-06,SKU-1001,Laptops,UKI,Direct,Mid-Market,Fatima Dahl,9,1590.48,0.2,11451.46,10098.54,Shipped
ORD-100306,2023-04-06,SKU-1093,Storage,UKI,Online,Mid-Market,Adaeze Marchetti,1,856.06,0.2,684.85,628.28,Shipped
ORD-100438,2023-04-06,SKU-1042,Peripherals,DACH,Direct,SMB,Hana Rossi,14,84.72,0.05,1126.78,651.14,Shipped
ORD-101883,2023-04-06,SKU-1093,Storage,APAC-N,Direct,Mid-Market,Fatima Iversen,1,856.06,0,856.06,628.28,Returned
ORD-102128,2023-04-06,SKU-1061,Networking,NA-W,Retail,Consumer,Thea Zhang,10,1191.4,0.25,8935.5,6959.9,Pending
ORD-104817,2023-04-06,SKU-1072,Networking,NA-E,Direct,Enterprise,Bao Alvarez,1,593.71,0,593.71,371.48,Shipped
ORD-104857,2023-04-06,SKU-1083,Storage,NA-W,Direct,Consumer,Rania Eriksen,3,132.45,0.1,357.61,267.63,Shipped
ORD-103568,2023-04-07,SKU-1064,Networking,NA-W,Partner,Mid-Market,Malik Kowalski,3,2008.03,0.05,5722.89,3654.6,Pending
ORD-103895,2023-04-07,SKU-1065,Networking,APAC-N,Partner,Mid-Market,Rosa Weber,1,417.19,0.1,375.47,239.24,Shipped
ORD-104703,2023-04-07,SKU-1069,Networking,NA-E,Online,Mid-Market,Adaeze Marchetti,2,640.52,0.25,960.78,781.24,Shipped
ORD-100435,2023-04-08,SKU-1028,Monitors,APAC-S,Online,SMB,Ada Singh,3,1296.45,0.15,3305.95,2509.71,Shipped
ORD-101040,2023-04-08,SKU-1086,Storage,DACH,Direct,Mid-Market,Chen Iversen,1,1066.03,0.15,906.13,706.44,Shipped
ORD-101782,2023-04-08,SKU-1002,Laptops,NA-E,Partner,SMB,Fatima Bennett,4,3368.08,0,13472.32,9198.92,Shipped
ORD-101832,2023-04-08,SKU-1088,Storage,NA-E,Online,Enterprise,Malik Eriksen,4,601.62,0,2406.48,1735.72,Returned
ORD-102468,2023-04-08,SKU-1084,Storage,APAC-N,Partner,Enterprise,Rosa Weber,3,497.7,0,1493.1,1093.74,Pending
ORD-103720,2023-04-08,SKU-1012,Laptops,NA-E,Direct,Consumer,Hana Rossi,1,3047.46,0.15,2590.34,2102.39,Returned
ORD-104112,2023-04-08,SKU-1070,Networking,APAC-S,Online,SMB,Wei Tanaka,3,1052.94,0.25,2369.12,1890.24,Shipped
ORD-104954,2023-04-08,SKU-1052,Peripherals,DACH,Online,Enterprise,Thea Ibrahim,3,310.49,0,931.47,477.84,Returned
ORD-100557,2023-04-09,SKU-1090,Storage,UKI,Online,Mid-Market,Ivan Kaur,6,853.08,0,5118.48,3380.04,Shipped
ORD-101150,2023-04-09,SKU-1022,Monitors,NA-E,Retail,Mid-Market,Nikolai Jensen,1,296.21,0.1,266.59,195.26,Shipped
ORD-101932,2023-04-09,SKU-1109,Accessories,NA-W,Partner,SMB,Fatima Iversen,3,131.89,0,395.67,178.29,Returned
ORD-102370,2023-04-09,SKU-1074,Networking,NORDIC,Direct,SMB,Hana Rossi,1,192.25,0.15,163.41,120.87,Pending
ORD-100099,2023-04-10,SKU-1011,Laptops,NA-E,Direct,Enterprise,Yara Eriksen,3,2304.08,0,6912.24,4467.9,Shipped
ORD-102794,2023-04-10,SKU-1025,Monitors,UKI,Online,Mid-Market,Thea Delgado,2,577.77,0,1155.54,796.02,Pending
ORD-104972,2023-04-10,SKU-1011,Laptops,LATAM,Direct,Mid-Market,Bao Kaur,2,2304.08,0.2,3686.53,2978.6,Shipped
ORD-100726,2023-04-11,SKU-1037,Monitors,LATAM,Online,Consumer,Rania Kaur,1,1230.78,0.15,1046.16,782.69,Shipped
ORD-101144,2023-04-11,SKU-1019,Laptops,NA-E,Direct,Enterprise,Sana Lindqvist,5,1704.93,0.05,8098.42,5877.35,Shipped
ORD-101172,2023-04-11,SKU-1027,Monitors,NA-E,Online,SMB,Yusuf Mbeki,4,487.06,0.2,1558.59,1326.24,Shipped
ORD-104485,2023-04-11,SKU-1029,Monitors,APAC-N,Partner,Mid-Market,Wei Tanaka,1,438.72,0.25,329.04,287.42,Shipped
ORD-104855,2023-04-11,SKU-1099,Storage,APAC-N,Direct,Mid-Market,Rosa Weber,1,881.67,0.15,749.42,593.89,Shipped
ORD-100630,2023-04-12,SKU-1031,Monitors,NORDIC,Retail,Enterprise,Hana Rossi,1,953.0,0,953.0,667.83,Pending
ORD-101284,2023-04-12,SKU-1089,Storage,NA-W,Direct,Mid-Market,Amara Dahl,2,512.43,0,1024.86,679.4,Pending
ORD-101327,2023-04-12,SKU-1001,Laptops,NORDIC,Direct,Mid-Market,Bruno Zhang,2,1590.48,0.2,2544.77,2244.12,Shipped
ORD-102880,2023-04-12,SKU-1012,Laptops,NA-W,Partner,Consumer,Sana Lindqvist,1,3047.46,0.05,2895.09,2102.39,Returned
ORD-103114,2023-04-12,SKU-1037,Monitors,NA-E,Online,Enterprise,Nadia Kowalski,2,1230.78,0,2461.56,1565.38,Shipped
ORD-103282,2023-04-12,SKU-1057,Peripherals,UKI,Online,Enterprise,Amara Dahl,2,457.5,0.2,732.0,457.06,Shipped
ORD-103964,2023-04-12,SKU-1027,Monitors,UKI,Direct,SMB,Bruno Zhang,1,487.06,0,487.06,331.56,Shipped
ORD-100384,2023-04-13,SKU-1041,Peripherals,NA-E,Online,Enterprise,Emeka Weber,3,371.64,0.05,1059.17,633.81,Returned
ORD-100853,2023-04-13,SKU-1117,Accessories,DACH,Online,Consumer,Elena Kaur,1,127.94,0.05,121.54,55.83,Shipped
ORD-100941,2023-04-13,SKU-1088,Storage,NA-W,Direct,Mid-Market,Malik Andersen,3,601.62,0,1804.86,1301.79,Shipped
ORD-103052,2023-04-13,SKU-1096,Storage,UKI,Direct,Enterprise,Thea Zhang,1,924.54,0.05,878.31,664.98,Returned
ORD-100622,2023-04-14,SKU-1019,Laptops,UKI,Online,Consumer,Sana Lindqvist,2,1704.93,0.05,3239.37,2350.94,Pending
ORD-100684,2023-04-14,SKU-1076,Networking,NA-E,Retail,Enterprise,Thea Zhang,4,1719.15,0,6876.6,4117.12,Shipped
ORD-103399,2023-04-14,SKU-1060,Peripherals,UKI,Online,SMB,Rania Kaur,15,299.52,0.1,4043.52,2544.75,Pending
ORD-102056,2023-04-15,SKU-1097,Storage,DACH,Direct,Mid-Market,Thea Delgado,1,176.34,0.05,167.52,133.35,Returned
ORD-102922,2023-04-15,SKU-1055,Peripherals,NA-E,Online,SMB,Yara Eriksen,7,77.77,0.2,435.51,274.26,Pending
ORD-103477,2023-04-15,SKU-1014,Laptops,NA-E,Online,SMB,Thea Delgado,6,1949.83,0,11698.98,7929.06,Shipped
ORD-103883,2023-04-15,SKU-1102,Accessories,DACH,Direct,Consumer,Bao Alvarez,2,198.44,0.2,317.5,184.52,Shipped
ORD-100309,2023-04-16,SKU-1093,Storage,NA-E,Online,Mid-Market,Ada Vargas,1,856.06,0.05,813.26,628.28,Shipped
ORD-101137,2023-04-16,SKU-1006,Laptops,DACH,Partner,SMB,Emeka Weber,1,2229.97,0.2,1783.98,1483.83,Shipped
ORD-103088,2023-04-16,SKU-1048,Peripherals,NORDIC,Direct,Enterprise,Rania Kaur,2,405.97,0.1,730.75,401.28,Shipped
ORD-103346,2023-04-16,SKU-1077,Networking,LATAM,Partner,Consumer,Ada Zimmerman,2,740.62,0.1,1333.12,899.88,Shipped
ORD-104683,2023-04-16,SKU-1113,Accessories,DACH,Partner,SMB,Ivan Kaur,4,23.87,0.05,90.71,41.8,Shipped
ORD-104887,2023-04-16,SKU-1113,Accessories,NA-E,Online,SMB,Elena Kaur,1,23.87,0,23.87,10.45,Returned
ORD-100601,2023-04-17,SKU-1019,Laptops,NA-E,Partner,SMB,Zara Fontaine,5,1704.93,0.05,8098.42,5877.35,Pending
ORD-101488,2023-04-17,SKU-1120,Accessories,NA-W,Online,SMB,Elena Okafor,3,210.18,0.05,599.01,258.51,Shipped
ORD-101672,2023-04-17,SKU-1009,Laptops,APAC-N,Direct,SMB,Thea Delgado,2,3341.5,0.05,6348.85,4637.16,Shipped
ORD-102441,2023-04-17,SKU-1046,Peripherals,UKI,Online,Enterprise,Rosa Weber,1,291.02,0.1,261.92,149.29,Shipped
ORD-103711,2023-04-17,SKU-1094,Storage,UKI,Direct,SMB,Thea Delgado,2,321.11,0.05,610.11,449.78,Pending
ORD-103713,2023-04-17,SKU-1100,Storage,DACH,Direct,SMB,Bao Kaur,1,754.71,0.1,679.24,499.86,Shipped
ORD-103718,2023-04-17,SKU-1083,Storage,NA-W,Direct,Mid-Market,Fatima Dahl,2,132.45,0.05,251.65,178.42,Pending
ORD-104590,2023-04-17,SKU-1071,Networking,APAC-S,Direct,SMB,Bao Alvarez,6,827.39,0.15,4219.69,3172.26,Shipped
ORD-104776,2023-04-17,SKU-1031,Monitors,NA-W,Direct,Consumer,Yara Eriksen,10,953.0,0.05,9053.5,6678.3,Pending
ORD-102684,2023-04-18,SKU-1057,Peripherals,UKI,Online,Mid-Market,Yusuf Mbeki,4,457.5,0,1830.0,914.12,Shipped
ORD-102979,2023-04-18,SKU-1045,Peripherals,DACH,Partner,Enterprise,Emeka Lindqvist,6,388.64,0.2,1865.47,1252.74,Pending
ORD-103423,2023-04-18,SKU-1117,Accessories,APAC-S,Direct,Enterprise,Malik Eriksen,2,127.94,0,255.88,111.66,Shipped
ORD-103786,2023-04-18,SKU-1040,Monitors,DACH,Partner,Enterprise,Emeka Lindqvist,4,519.33,0.2,1661.86,1378.92,Shipped
ORD-104643,2023-04-18,SKU-1079,Networking,DACH,Retail,SMB,Elena Okafor,1,453.79,0.1,408.41,286.76,Shipped
ORD-100150,2023-04-19,SKU-1028,Monitors,NA-E,Online,Enterprise,Fatima Iversen,2,1296.45,0.05,2463.26,1673.14,Returned
ORD-100317,2023-04-19,SKU-1034,Monitors,NA-E,Partner,SMB,Emeka Lindqvist,9,511.32,0.25,3451.41,2841.48,Shipped
ORD-100454,2023-04-19,SKU-1075,Networking,NA-E,Retail,Mid-Market,Bruno Zhang,1,1273.44,0.05,1209.77,736.87,Pending
ORD-100464,2023-04-19,SKU-1088,Storage,UKI,Direct,SMB,Ada Singh,11,601.62,0.1,5956.04,4773.23,Returned
ORD-101091,2023-04-19,SKU-1005,Laptops,LATAM,Retail,Enterprise,Hana Rossi,12,1611.9,0.05,18375.66,12387.48,Shipped
ORD-101201,2023-04-19,SKU-1078,Networking,NA-E,Partner,Mid-Market,Yara Eriksen,2,981.51,0.15,1668.57,1166.1,Shipped
ORD-102124,2023-04-19,SKU-1116,Accessories,LATAM,Partner,Enterprise,Emeka Lindqvist,1,147.71,0.15,125.55,72.53,Shipped
ORD-103270,2023-04-19,SKU-1077,Networking,NA-W,Partner,Enterprise,Petra Ibrahim,2,740.62,0,1481.24,899.88,Shipped
ORD-104277,2023-04-19,SKU-1114,Accessories,NA-E,Retail,Mid-Market,Rosa Weber,1,150.14,0,150.14,72.47,Shipped
ORD-104638,2023-04-19,SKU-1059,Peripherals,NA-W,Direct,SMB,Nadia Kowalski,13,294.39,0.05,3635.72,1882.79,Shipped
ORD-101888,2023-04-20,SKU-1092,Storage,APAC-S,Direct,Mid-Market,Chen Iversen,4,227.16,0.15,772.34,642.6,Returned
ORD-101947,2023-04-20,SKU-1030,Monitors,NA-E,Partner,Mid-Market,Malik Kowalski,4,756.24,0.25,2268.72,2088.8,Pending
ORD-102294,2023-04-20,SKU-1081,Storage,NA-W,Online,Mid-Market,Darius Kaur,1,427.43,0.2,341.94,295.78,Shipped
ORD-102993,2023-04-20,SKU-1028,Monitors,UKI,Retail,Mid-Market,Hana Rossi,2,1296.45,0.05,2463.26,1673.14,Shipped
ORD-103809,2023-04-20,SKU-1058,Peripherals,NA-E,Partner,SMB,Amara Dahl,2,410.18,0,820.36,443.74,Shipped
ORD-102299,2023-04-21,SKU-1064,Networking,APAC-S,Partner,SMB,Adaeze Marchetti,3,2008.03,0.2,4819.27,3654.6,Shipped
ORD-103986,2023-04-21,SKU-1110,Accessories,APAC-N,Partner,Mid-Market,Kwame Abara,1,50.0,0.05,47.5,23.98,Pending
ORD-104445,2023-04-21,SKU-1044,Peripherals,UKI,Direct,Enterprise,Chen Iversen,1,42.05,0.25,31.54,21.28,Shipped
ORD-104480,2023-04-21,SKU-1101,Accessories,NA-E,Partner,Consumer,Malik Kowalski,5,149.25,0.2,597.0,300.25,Shipped
ORD-102729,2023-04-22,SKU-1010,Laptops,NORDIC,Direct,Enterprise,Bao Alvarez,4,1514.87,0.25,4544.61,4360.92,Pending
ORD-102781,2023-04-22,SKU-1008,Laptops,NA-E,Online,Enterprise,Elena Laurent,1,2860.19,0,2860.19,1989.93,Shipped
ORD-104184,2023-04-22,SKU-1096,Storage,DACH,Direct,Mid-Market,Zara Fontaine,2,924.54,0.15,1571.72,1329.96,Shipped
ORD-101581,2023-04-23,SKU-1059,Peripherals,DACH,Partner,Enterprise,Uma Sandoval,2,294.39,0,588.78,289.66,Returned
ORD-102457,2023-04-23,SKU-1099,Storage,LATAM,Partner,SMB,Bao Alvarez,4,881.67,0.25,2645.01,2375.56,Pending
ORD-103774,2023-04-23,SKU-1018,Laptops,NA-W,Partner,SMB,Adaeze Marchetti,2,2719.05,0.05,5166.19,3547.94,Shipped
ORD-103538,2023-04-24,SKU-1066,Networking,DACH,Partner,Mid-Market,Chen Iversen,1,491.43,0,491.43,287.69,Shipped
ORD-103834,2023-04-24,SKU-1069,Networking,NA-W,Partner,Enterprise,Hana Rossi,1,640.52,0,640.52,390.62,Returned
ORD-100812,2023-04-25,SKU-1050,Peripherals,UKI,Partner,Mid-Market,Paulo Carvalho,5,335.4,0,1677.0,948.45,Shipped
ORD-101104,2023-04-25,SKU-1017,Laptops,NA-W,Partner,Consumer,Chen Iversen,6,3083.45,0,18500.7,13082.94,Returned
ORD-101450,2023-04-25,SKU-1037,Monitors,NA-E,Direct,Mid-Market,Bao Kaur,1,1230.78,0,1230.78,782.69,Shipped
ORD-102595,2023-04-25,SKU-1099,Storage,NA-W,Direct,Mid-Market,Thea Ibrahim,8,881.67,0.1,6348.02,4751.12,Shipped
ORD-104188,2023-04-25,SKU-1110,Accessories,UKI,Online,Mid-Market,Petra Ibrahim,2,50.0,0.25,75.0,47.96,Shipped
ORD-104780,2023-04-25,SKU-1063,Networking,NA-E,Partner,SMB,Paulo Carvalho,2,935.12,0.2,1496.19,1203.56,Pending
ORD-104984,2023-04-25,SKU-1086,Storage,APAC-N,Retail,Mid-Market,Zara Fontaine,5,1066.03,0.15,4530.63,3532.2,Returned
ORD-100107,2023-04-26,SKU-1048,Peripherals,NA-E,Online,SMB,Greta Haddad,4,405.97,0,1623.88,802.56,Shipped
ORD-101033,2023-04-26,SKU-1064,Networking,DACH,Partner,SMB,Emeka Lindqvist,1,2008.03,0,2008.03,1218.2,Returned
ORD-101519,2023-04-26,SKU-1050,Peripherals,APAC-N,Partner,Enterprise,Rosa Marchetti,5,335.4,0,1677.0,948.45,Shipped
ORD-103136,2023-04-26,SKU-1007,Laptops,DACH,Partner,Enterprise,Sana Lindqvist,4,1513.38,0.1,5448.17,4246.96,Pending
ORD-104205,2023-04-26,SKU-1077,Networking,NA-E,Direct,Enterprise,Hana Rossi,3,740.62,0.1,1999.67,1349.82,Shipped
ORD-104909,2023-04-26,SKU-1004,Laptops,NA-W,Partner,SMB,Bao Kaur,2,3198.86,0,6397.72,4438.18,Pending
ORD-104933,2023-04-26,SKU-1106,Accessories,NA-W,Online,Mid-Market,Bruno Zhang,10,179.48,0.25,1346.1,813.7,Shipped
ORD-102126,2023-04-27,SKU-1012,Laptops,NA-E,Partner,SMB,Nadia Kowalski,7,3047.46,0,21332.22,14716.73,Shipped
ORD-103254,2023-04-27,SKU-1120,Accessories,NA-W,Retail,Enterprise,Rosa Weber,1,210.18,0,210.18,86.17,Shipped
ORD-104044,2023-04-27,SKU-1018,Laptops,DACH,Direct,Consumer,Bao Alvarez,1,2719.05,0.05,2583.1,1773.97,Shipped
ORD-104419,2023-04-27,SKU-1034,Monitors,UKI,Direct,Consumer,Emeka Lindqvist,1,511.32,0,511.32,315.72,Shipped
ORD-104777,2023-04-27,SKU-1117,Accessories,NA-E,Partner,Mid-Market,Yara Eriksen,1,127.94,0.05,121.54,55.83,Returned
ORD-101400,2023-04-28,SKU-1069,Networking,NA-E,Partner,SMB,Uma Okafor,2,640.52,0.2,1024.83,781.24,Returned
ORD-102806,2023-04-28,SKU-1100,Storage,NA-E,Direct,Mid-Market,Viktor Zhang,6,754.71,0.1,4075.43,2999.16,Shipped
ORD-100339,2023-04-29,SKU-1051,Peripherals,DACH,Online,SMB,Darius Kaur,3,311.03,0.05,886.44,534.54,Shipped
ORD-100561,2023-04-29,SKU-1018,Laptops,LATAM,Direct,Enterprise,Wei Tanaka,1,2719.05,0.15,2311.19,1773.97,Shipped
ORD-100636,2023-04-29,SKU-1062,Networking,NA-W,Online,Consumer,Ivan Kaur,3,864.38,0.05,2463.48,1625.07,Pending
ORD-103059,2023-04-29,SKU-1013,Laptops,NORDIC,Partner,SMB,Bao Kaur,5,2073.19,0.15,8811.06,6953.25,Shipped
ORD-103213,2023-04-29,SKU-1071,Networking,APAC-S,Direct,SMB,Sana Lindqvist,1,827.39,0.15,703.28,528.71,Shipped
ORD-103816,2023-04-29,SKU-1028,Monitors,UKI,Direct,SMB,Adaeze Marchetti,1,1296.45,0,1296.45,836.57,Shipped
ORD-104397,2023-04-29,SKU-1032,Monitors,APAC-S,Direct,SMB,Kwame Abara,8,929.07,0.1,6689.3,4683.92,Shipped
ORD-102750,2023-04-30,SKU-1101,Accessories,NA-W,Direct,Enterprise,Zara Sorensen,1,149.25,0.05,141.79,60.05,Shipped
ORD-101113,2023-05-01,SKU-1074,Networking,UKI,Partner,SMB,Thea Delgado,10,192.25,0.2,1538.0,1208.7,Shipped
ORD-102908,2023-05-01,SKU-1050,Peripherals,NORDIC,Direct,Consumer,Fatima Iversen,1,335.4,0.15,285.09,189.69,Shipped
ORD-100563,2023-05-02,SKU-1087,Storage,NA-E,Direct,Mid-Market,Thea Zhang,3,222.44,0,667.32,452.43,Shipped
ORD-101708,2023-05-02,SKU-1087,Storage,NA-E,Direct,SMB,Ada Vargas,7,222.44,0.15,1323.52,1055.67,Pending
ORD-101790,2023-05-02,SKU-1005,Laptops,NA-W,Partner,Mid-Market,Bruno Zhang,29,1611.9,0,46745.1,29936.41,Shipped
ORD-102316,2023-05-02,SKU-1007,Laptops,APAC-N,Direct,SMB,Darius Kaur,14,1513.38,0,21187.32,14864.36,Shipped
ORD-103654,2023-05-02,SKU-1095,Storage,DACH,Direct,SMB,Ada Zimmerman,1,537.52,0.25,403.14,385.17,Returned
ORD-100411,2023-05-03,SKU-1038,Monitors,NA-W,Direct,SMB,Rania Kaur,1,829.48,0.05,788.01,554.33,Shipped
ORD-101384,2023-05-04,SKU-1039,Monitors,LATAM,Partner,Mid-Market,Malik Eriksen,1,1201.03,0,1201.03,748.13,Returned
ORD-101702,2023-05-04,SKU-1059,Peripherals,UKI,Partner,Mid-Market,Thea Ibrahim,3,294.39,0,883.17,434.49,Pending
ORD-102027,2023-05-04,SKU-1002,Laptops,NA-E,Online,SMB,Zara Sorensen,8,3368.08,0.05,25597.41,18397.84,Shipped
ORD-102061,2023-05-04,SKU-1078,Networking,NA-E,Retail,SMB,Ada Singh,4,981.51,0.05,3729.74,2332.2,Shipped
ORD-102973,2023-05-04,SKU-1046,Peripherals,NA-E,Online,SMB,Bao Alvarez,12,291.02,0.2,2793.79,1791.48,Shipped
ORD-103407,2023-05-04,SKU-1066,Networking,NA-W,Retail,Consumer,Paulo Carvalho,12,491.43,0,5897.16,3452.28,Shipped
ORD-104283,2023-05-04,SKU-1119,Accessories,APAC-S,Online,Consumer,Yusuf Fontaine,1,84.73,0.05,80.49,41.56,Shipped
ORD-104834,2023-05-04,SKU-1045,Peripherals,NA-W,Online,Enterprise,Rosa Marchetti,4,388.64,0,1554.56,835.16,Returned
ORD-101315,2023-05-05,SKU-1017,Laptops,LATAM,Direct,Consumer,Paulo Carvalho,8,3083.45,0.05,23434.22,17443.92,Shipped
ORD-103085,2023-05-05,SKU-1110,Accessories,UKI,Direct,Mid-Market,Uma Sandoval,12,50.0,0.15,510.0,287.76,Shipped
ORD-104001,2023-05-05,SKU-1106,Accessories,LATAM,Direct,Mid-Market,Nadia Kowalski,11,179.48,0.2,1579.42,895.07,Shipped
ORD-104232,2023-05-05,SKU-1087,Storage,LATAM,Partner,SMB,Ada Zimmerman,6,222.44,0,1334.64,904.86,Pending
ORD-101388,2023-05-06,SKU-1037,Monitors,APAC-N,Online,Mid-Market,Ada Vargas,9,1230.78,0,11077.02,7044.21,Returned
ORD-101609,2023-05-06,SKU-1008,Laptops,NA-E,Partner,SMB,Kwame Abara,1,2860.19,0.25,2145.14,1989.93,Pending
ORD-102625,2023-05-06,SKU-1066,Networking,DACH,Online,Enterprise,Nadia Kowalski,1,491.43,0,491.43,287.69,Returned
ORD-102773,2023-05-06,SKU-1070,Networking,UKI,Online,SMB,Bao Alvarez,1,1052.94,0.15,895.0,630.08,Shipped
ORD-101823,2023-05-07,SKU-1069,Networking,NA-E,Direct,Consumer,Rania Eriksen,1,640.52,0.15,544.44,390.62,Returned
ORD-102416,2023-05-07,SKU-1007,Laptops,APAC-N,Direct,Mid-Market,Greta Haddad,4,1513.38,0.05,5750.84,4246.96,Shipped
ORD-102478,2023-05-07,SKU-1022,Monitors,NA-W,Retail,Consumer,Hana Rossi,2,296.21,0.05,562.8,390.52,Shipped
ORD-103124,2023-05-07,SKU-1053,Peripherals,LATAM,Online,SMB,Fatima Iversen,8,417.51,0,3340.08,1732.48,Shipped
ORD-103708,2023-05-07,SKU-1005,Laptops,UKI,Partner,SMB,Zara Fontaine,13,1611.9,0.2,16763.76,13419.77,Shipped
ORD-101028,2023-05-08,SKU-1113,Accessories,LATAM,Online,Enterprise,Viktor Zhang,1,23.87,0.05,22.68,10.45,Shipped
ORD-101184,2023-05-08,SKU-1002,Laptops,LATAM,Retail,Consumer,Elena Okafor,3,3368.08,0.25,7578.18,6899.19,Shipped
ORD-101428,2023-05-08,SKU-1036,Monitors,NA-W,Direct,Consumer,Emeka Lindqvist,4,1180.66,0.05,4486.51,3069.32,Shipped
ORD-101481,2023-05-08,SKU-1008,Laptops,NA-E,Online,SMB,Ada Singh,14,2860.19,0.05,38040.53,27859.02,Shipped
ORD-101544,2023-05-08,SKU-1089,Storage,NA-W,Online,Mid-Market,Zara Fontaine,15,512.43,0.25,5764.84,5095.5,Pending
ORD-103149,2023-05-08,SKU-1118,Accessories,NA-W,Partner,Mid-Market,Hana Rossi,7,143.1,0.25,751.27,403.48,Returned
ORD-100362,2023-05-09,SKU-1059,Peripherals,NA-W,Direct,Mid-Market,Chen Iversen,1,294.39,0.15,250.23,144.83,Pending
ORD-102659,2023-05-09,SKU-1090,Storage,NA-E,Online,Consumer,Emeka Weber,12,853.08,0,10236.96,6760.08,Shipped
ORD-103063,2023-05-09,SKU-1042,Peripherals,DACH,Partner,Enterprise,Nadia Kowalski,2,84.72,0,169.44,93.02,Shipped
ORD-103626,2023-05-09,SKU-1065,Networking,NORDIC,Direct,SMB,Viktor Zhang,2,417.19,0.15,709.22,478.48,Pending
ORD-104927,2023-05-09,SKU-1054,Peripherals,APAC-N,Online,Mid-Market,Thea Zhang,14,210.36,0,2945.04,1464.26,Shipped
ORD-100640,2023-05-10,SKU-1033,Monitors,DACH,Online,Mid-Market,Malik Andersen,1,617.73,0,617.73,400.25,Shipped
ORD-101973,2023-05-10,SKU-1001,Laptops,NA-W,Partner,SMB,Emeka Weber,6,1590.48,0.05,9065.74,6732.36,Shipped
ORD-102775,2023-05-10,SKU-1067,Networking,APAC-N,Retail,SMB,Paulo Carvalho,1,254.78,0.05,242.04,153.76,Shipped
ORD-100705,2023-05-11,SKU-1037,Monitors,NA-E,Direct,Mid-Market,Petra Ibrahim,2,1230.78,0.05,2338.48,1565.38,Shipped
ORD-101525,2023-05-11,SKU-1110,Accessories,NA-W,Online,Consumer,Emeka Lindqvist,2,50.0,0.2,80.0,47.96,Shipped
ORD-102079,2023-05-11,SKU-1034,Monitors,NA-W,Online,Enterprise,Greta Haddad,5,511.32,0.05,2428.77,1578.6,Returned
ORD-103554,2023-05-11,SKU-1042,Peripherals,UKI,Online,SMB,Bruno Zhang,2,84.72,0.05,160.97,93.02,Pending
ORD-103780,2023-05-11,SKU-1076,Networking,NA-W,Online,SMB,Yusuf Fontaine,4,1719.15,0.1,6188.94,4117.12,Shipped
ORD-100086,2023-05-12,SKU-1042,Peripherals,DACH,Direct,Enterprise,Malik Kowalski,2,84.72,0.2,135.55,93.02,Shipped
ORD-102336,2023-05-12,SKU-1018,Laptops,APAC-S,Direct,Enterprise,Thea Ibrahim,18,2719.05,0.05,46495.75,31931.46,Shipped
ORD-102869,2023-05-12,SKU-1096,Storage,UKI,Online,Consumer,Greta Haddad,2,924.54,0,1849.08,1329.96,Shipped
ORD-104354,2023-05-12,SKU-1007,Laptops,NA-E,Direct,SMB,Chen Iversen,1,1513.38,0.05,1437.71,1061.74,Shipped
ORD-104543,2023-05-13,SKU-1022,Monitors,LATAM,Direct,SMB,Ada Singh,7,296.21,0.1,1866.12,1366.82,Shipped
ORD-104778,2023-05-13,SKU-1077,Networking,LATAM,Partner,SMB,Elena Kaur,11,740.62,0.15,6924.8,4949.34,Shipped
ORD-104808,2023-05-13,SKU-1011,Laptops,APAC-N,Partner,Consumer,Fatima Dahl,3,2304.08,0,6912.24,4467.9,Shipped
ORD-101873,2023-05-14,SKU-1029,Monitors,NA-E,Direct,Consumer,Elena Okafor,2,438.72,0,877.44,574.84,Returned
ORD-102243,2023-05-14,SKU-1003,Laptops,DACH,Online,Enterprise,Thea Delgado,1,2349.75,0.25,1762.31,1512.37,Pending
ORD-104504,2023-05-14,SKU-1045,Peripherals,LATAM,Partner,SMB,Malik Eriksen,3,388.64,0.25,874.44,626.37,Shipped
ORD-100026,2023-05-15,SKU-1051,Peripherals,NA-W,Direct,SMB,Paulo Carvalho,5,311.03,0.15,1321.88,890.9,Shipped
ORD-100045,2023-05-15,SKU-1046,Peripherals,NA-E,Retail,Consumer,Kwame Abara,4,291.02,0.1,1047.67,597.16,Returned
ORD-101031,2023-05-15,SKU-1106,Accessories,UKI,Partner,SMB,Thea Delgado,7,179.48,0.25,942.27,569.59,Returned
ORD-102197,2023-05-15,SKU-1048,Peripherals,NA-E,Online,Mid-Market,Thea Delgado,2,405.97,0.2,649.55,401.28,Shipped
ORD-102826,2023-05-15,SKU-1027,Monitors,NA-E,Retail,Enterprise,Chen Iversen,1,487.06,0.1,438.35,331.56,Shipped
ORD-100061,2023-05-16,SKU-1089,Storage,UKI,Partner,SMB,Malik Kowalski,9,512.43,0.15,3920.09,3057.3,Shipped
ORD-101693,2023-05-16,SKU-1062,Networking,UKI,Retail,SMB,Malik Kowalski,6,864.38,0.1,4667.65,3250.14,Shipped
ORD-101724,2023-05-16,SKU-1078,Networking,APAC-N,Online,Consumer,Yusuf Mbeki,1,981.51,0.05,932.43,583.05,Pending
ORD-101830,2023-05-16,SKU-1113,Accessories,DACH,Partner,Mid-Market,Emeka Lindqvist,4,23.87,0.15,81.16,41.8,Pending
ORD-103162,2023-05-16,SKU-1083,Storage,LATAM,Direct,Enterprise,Darius Kaur,1,132.45,0.05,125.83,89.21,Pending
ORD-100364,2023-05-17,SKU-1054,Peripherals,APAC-S,Direct,Consumer,Hana Rossi,22,210.36,0.05,4396.52,2300.98,Shipped
ORD-101082,2023-05-17,SKU-1045,Peripherals,NA-W,Online,Mid-Market,Yusuf Fontaine,6,388.64,0.05,2215.25,1252.74,Returned
ORD-101653,2023-05-17,SKU-1108,Accessories,NORDIC,Partner,SMB,Ada Singh,3,111.01,0,333.03,143.82,Returned
ORD-102408,2023-05-17,SKU-1117,Accessories,DACH,Direct,SMB,Elena Laurent,13,127.94,0,1663.22,725.79,Shipped
ORD-102563,2023-05-17,SKU-1042,Peripherals,NA-E,Partner,SMB,Yusuf Fontaine,1,84.72,0,84.72,46.51,Shipped
ORD-102905,2023-05-17,SKU-1116,Accessories,APAC-S,Online,SMB,Malik Eriksen,5,147.71,0.2,590.84,362.65,Pending
ORD-103128,2023-05-17,SKU-1092,Storage,LATAM,Online,Mid-Market,Kwame Abara,1,227.16,0.1,204.44,160.65,Pending
ORD-104764,2023-05-17,SKU-1037,Monitors,NA-E,Direct,SMB,Elena Laurent,3,1230.78,0.15,3138.49,2348.07,Shipped
ORD-100488,2023-05-18,SKU-1034,Monitors,NA-E,Online,Enterprise,Malik Eriksen,1,511.32,0,511.32,315.72,Shipped
ORD-101155,2023-05-18,SKU-1033,Monitors,UKI,Partner,SMB,Adaeze Marchetti,4,617.73,0,2470.92,1601.0,Returned
ORD-102352,2023-05-18,SKU-1110,Accessories,NA-E,Online,Enterprise,Rosa Weber,3,50.0,0.05,142.5,71.94,Shipped
ORD-104200,2023-05-18,SKU-1049,Peripherals,UKI,Retail,Mid-Market,Yara Eriksen,4,426.32,0.05,1620.02,924.44,Shipped
ORD-104940,2023-05-18,SKU-1114,Accessories,NA-E,Online,SMB,Hana Rossi,1,150.14,0,150.14,72.47,Pending
ORD-101731,2023-05-19,SKU-1060,Peripherals,APAC-N,Online,Consumer,Kwame Abara,2,299.52,0.05,569.09,339.3,Shipped
ORD-103160,2023-05-19,SKU-1102,Accessories,APAC-S,Online,Enterprise,Emeka Weber,3,198.44,0.1,535.79,276.78,Shipped
ORD-100492,2023-05-20,SKU-1048,Peripherals,LATAM,Online,Enterprise,Zara Sorensen,4,405.97,0.2,1299.1,802.56,Shipped
ORD-100895,2023-05-20,SKU-1010,Laptops,UKI,Online,Enterprise,Bao Alvarez,2,1514.87,0.05,2878.25,2180.46,Shipped
ORD-102482,2023-05-20,SKU-1070,Networking,NA-E,Online,SMB,Fatima Dahl,1,1052.94,0.1,947.65,630.08,Returned
ORD-103300,2023-05-20,SKU-1080,Networking,DACH,Direct,SMB,Petra Ibrahim,7,788.65,0,5520.55,3616.41,Shipped
ORD-104908,2023-05-20,SKU-1111,Accessories,APAC-N,Partner,Mid-Market,Greta Haddad,1,118.52,0.1,106.67,50.67,Shipped
ORD-100950,2023-05-21,SKU-1101,Accessories,UKI,Retail,Mid-Market,Nadia Kowalski,2,149.25,0.1,268.65,120.1,Shipped
ORD-102881,2023-05-21,SKU-1079,Networking,UKI,Online,Mid-Market,Ada Singh,4,453.79,0.05,1724.4,1147.04,Shipped
ORD-102888,2023-05-21,SKU-1115,Accessories,NA-W,Partner,Consumer,Petra Ibrahim,3,201.56,0.05,574.45,287.58,Pending
ORD-103320,2023-05-21,SKU-1005,Laptops,LATAM,Partner,Enterprise,Emeka Lindqvist,7,1611.9,0.05,10719.14,7226.03,Pending
ORD-104559,2023-05-21,SKU-1015,Laptops,UKI,Direct,SMB,Yara Eriksen,2,1315.81,0.1,2368.46,1849.38,Returned
ORD-100056,2023-05-22,SKU-1009,Laptops,LATAM,Partner,Enterprise,Rosa Marchetti,3,3341.5,0.05,9523.27,6955.74,Shipped
ORD-101786,2023-05-22,SKU-1022,Monitors,NA-E,Partner,Mid-Market,Petra Ibrahim,3,296.21,0,888.63,585.78,Shipped
ORD-102605,2023-05-22,SKU-1103,Accessories,NA-E,Direct,Mid-Market,Bao Kaur,6,198.1,0,1188.6,517.8,Shipped
ORD-103896,2023-05-22,SKU-1059,Peripherals,APAC-S,Direct,SMB,Viktor Zhang,3,294.39,0.1,794.85,434.49,Shipped
ORD-104307,2023-05-22,SKU-1069,Networking,NORDIC,Direct,Consumer,Yusuf Fontaine,4,640.52,0.05,2433.98,1562.48,Pending
ORD-100209,2023-05-23,SKU-1054,Peripherals,NA-E,Online,SMB,Emeka Lindqvist,6,210.36,0.15,1072.84,627.54,Shipped
ORD-100999,2023-05-23,SKU-1041,Peripherals,NA-W,Partner,Mid-Market,Rosa Weber,1,371.64,0.2,297.31,211.27,Shipped
ORD-101496,2023-05-23,SKU-1090,Storage,NA-W,Retail,Mid-Market,Paulo Carvalho,8,853.08,0.15,5800.94,4506.72,Returned
ORD-101549,2023-05-23,SKU-1004,Laptops,NA-E,Partner,SMB,Nadia Kowalski,5,3198.86,0.1,14394.87,11095.45,Shipped
ORD-102030,2023-05-23,SKU-1023,Monitors,NORDIC,Online,Enterprise,Emeka Weber,1,1366.21,0.1,1229.59,898.81,Pending
ORD-102413,2023-05-23,SKU-1070,Networking,NA-W,Partner,SMB,Hana Rossi,11,1052.94,0,11582.34,6930.88,Shipped
ORD-103076,2023-05-23,SKU-1079,Networking,NA-E,Direct,Mid-Market,Emeka Weber,4,453.79,0.25,1361.37,1147.04,Shipped
ORD-104312,2023-05-23,SKU-1078,Networking,LATAM,Online,SMB,Paulo Carvalho,3,981.51,0.25,2208.4,1749.15,Shipped
ORD-100937,2023-05-24,SKU-1033,Monitors,DACH,Direct,Enterprise,Yusuf Mbeki,2,617.73,0.05,1173.69,800.5,Shipped
ORD-102550,2023-05-24,SKU-1022,Monitors,DACH,Partner,SMB,Bao Kaur,1,296.21,0.25,222.16,195.26,Shipped
ORD-103327,2023-05-24,SKU-1051,Peripherals,DACH,Direct,Mid-Market,Ada Singh,1,311.03,0.05,295.48,178.18,Shipped
ORD-103815,2023-05-24,SKU-1091,Storage,NA-W,Online,Consumer,Ada Singh,5,949.67,0.05,4510.93,3497.55,Shipped
ORD-104145,2023-05-24,SKU-1085,Storage,LATAM,Partner,Mid-Market,Rania Eriksen,5,163.55,0.2,654.2,616.9,Shipped
ORD-100031,2023-05-25,SKU-1052,Peripherals,UKI,Direct,SMB,Rania Kaur,3,310.49,0,931.47,477.84,Returned
ORD-100166,2023-05-25,SKU-1052,Peripherals,NA-E,Partner,Consumer,Chen Iversen,7,310.49,0.1,1956.09,1114.96,Shipped
ORD-102693,2023-05-25,SKU-1014,Laptops,NORDIC,Partner,SMB,Paulo Carvalho,2,1949.83,0,3899.66,2643.02,Shipped
ORD-102777,2023-05-25,SKU-1072,Networking,NA-W,Direct,SMB,Fatima Dahl,7,593.71,0.2,3324.78,2600.36,Shipped
ORD-103737,2023-05-25,SKU-1057,Peripherals,NA-W,Direct,Enterprise,Rosa Marchetti,7,457.5,0,3202.5,1599.71,Shipped
ORD-104696,2023-05-25,SKU-1072,Networking,UKI,Online,Mid-Market,Fatima Bennett,9,593.71,0,5343.39,3343.32,Shipped
ORD-100225,2023-05-26,SKU-1022,Monitors,NA-E,Online,Mid-Market,Fatima Bennett,8,296.21,0,2369.68,1562.08,Shipped
ORD-102487,2023-05-26,SKU-1015,Laptops,UKI,Online,Mid-Market,Bruno Zhang,2,1315.81,0,2631.62,1849.38,Pending
ORD-103010,2023-05-26,SKU-1004,Laptops,NA-E,Online,Mid-Market,Yara Eriksen,1,3198.86,0.05,3038.92,2219.09,Shipped
ORD-100989,2023-05-27,SKU-1027,Monitors,APAC-S,Online,SMB,Ada Zimmerman,2,487.06,0.1,876.71,663.12,Returned
ORD-102537,2023-05-27,SKU-1021,Monitors,NA-E,Partner,Mid-Market,Malik Andersen,6,444.75,0,2668.5,1818.96,Shipped
ORD-103384,2023-05-27,SKU-1108,Accessories,APAC-N,Online,Enterprise,Greta Haddad,1,111.01,0.1,99.91,47.94,Returned
ORD-103752,2023-05-27,SKU-1118,Accessories,NA-E,Partner,Enterprise,Bruno Zhang,1,143.1,0.05,135.94,57.64,Pending
ORD-101223,2023-05-28,SKU-1020,Laptops,UKI,Direct,SMB,Emeka Weber,4,3674.26,0,14697.04,9562.88,Shipped
ORD-101744,2023-05-28,SKU-1094,Storage,APAC-N,Online,Consumer,Ada Singh,3,321.11,0.2,770.66,674.67,Shipped
ORD-104017,2023-05-28,SKU-1088,Storage,NA-E,Partner,SMB,Nadia Kowalski,2,601.62,0.05,1143.08,867.86,Returned
ORD-104213,2023-05-28,SKU-1047,Peripherals,UKI,Direct,Mid-Market,Emeka Lindqvist,9,240.32,0,2162.88,1139.22,Pending
ORD-104420,2023-05-28,SKU-1090,Storage,APAC-S,Retail,Mid-Market,Emeka Lindqvist,2,853.08,0.15,1450.24,1126.68,Shipped
ORD-104474,2023-05-28,SKU-1025,Monitors,APAC-S,Online,Consumer,Thea Ibrahim,2,577.77,0.2,924.43,796.02,Pending
ORD-101180,2023-05-29,SKU-1037,Monitors,NORDIC,Online,Mid-Market,Ada Zimmerman,3,1230.78,0.2,2953.87,2348.07,Shipped
ORD-101767,2023-05-29,SKU-1067,Networking,APAC-S,Direct,SMB,Ada Zimmerman,1,254.78,0.05,242.04,153.76,Pending
ORD-103648,2023-05-29,SKU-1011,Laptops,UKI,Online,Enterprise,Elena Laurent,3,2304.08,0.25,5184.18,4467.9,Pending
ORD-102050,2023-05-30,SKU-1013,Laptops,APAC-S,Direct,Mid-Market,Yusuf Mbeki,2,2073.19,0.1,3731.74,2781.3,Shipped
ORD-103569,2023-05-30,SKU-1053,Peripherals,LATAM,Partner,Consumer,Uma Okafor,2,417.51,0.15,709.77,433.12,Pending
ORD-104533,2023-05-30,SKU-1103,Accessories,NA-W,Partner,Mid-Market,Rosa Weber,1,198.1,0,198.1,86.3,Shipped
ORD-100938,2023-05-31,SKU-1021,Monitors,NA-W,Direct,SMB,Chen Iversen,1,444.75,0.1,400.28,303.16,Pending
ORD-101027,2023-05-31,SKU-1076,Networking,NORDIC,Online,Enterprise,Yusuf Fontaine,4,1719.15,0.1,6188.94,4117.12,Returned
ORD-101134,2023-05-31,SKU-1120,Accessories,APAC-N,Direct,Mid-Market,Hana Rossi,4,210.18,0.2,672.58,344.68,Shipped
ORD-101287,2023-05-31,SKU-1009,Laptops,LATAM,Direct,SMB,Zara Sorensen,2,3341.5,0,6683.0,4637.16,Returned
ORD-101363,2023-05-31,SKU-1010,Laptops,LATAM,Partner,Consumer,Chen Iversen,2,1514.87,0,3029.74,2180.46,Shipped
ORD-103592,2023-05-31,SKU-1078,Networking,LATAM,Retail,SMB,Yara Eriksen,1,981.51,0.05,932.43,583.05,Returned
ORD-104490,2023-05-31,SKU-1048,Peripherals,NA-E,Partner,SMB,Paulo Carvalho,3,405.97,0.1,1096.12,601.92,Shipped
ORD-100580,2023-06-01,SKU-1068,Networking,UKI,Online,SMB,Elena Laurent,4,782.54,0.25,2347.62,1853.0,Pending
ORD-102176,2023-06-01,SKU-1070,Networking,NORDIC,Direct,Consumer,Rosa Weber,7,1052.94,0.15,6264.99,4410.56,Shipped
ORD-102305,2023-06-01,SKU-1048,Peripherals,NA-E,Direct,Mid-Market,Elena Laurent,12,405.97,0.15,4140.89,2407.68,Shipped
ORD-102362,2023-06-02,SKU-1087,Storage,APAC-N,Partner,SMB,Rania Eriksen,4,222.44,0.15,756.3,603.24,Shipped
ORD-102796,2023-06-02,SKU-1029,Monitors,DACH,Direct,Mid-Market,Darius Kaur,1,438.72,0.05,416.78,287.42,Shipped
ORD-104769,2023-06-02,SKU-1039,Monitors,NA-E,Direct,SMB,Nikolai Jensen,12,1201.03,0,14412.36,8977.56,Pending
ORD-104983,2023-06-02,SKU-1090,Storage,APAC-N,Partner,Enterprise,Fatima Dahl,1,853.08,0.25,639.81,563.34,Pending
ORD-101311,2023-06-03,SKU-1026,Monitors,NA-W,Direct,SMB,Yara Eriksen,5,371.18,0.05,1763.11,1270.1,Pending
ORD-101650,2023-06-03,SKU-1118,Accessories,NA-E,Partner,Enterprise,Ada Zimmerman,3,143.1,0.1,386.37,172.92,Shipped
ORD-103977,2023-06-03,SKU-1113,Accessories,NORDIC,Direct,Consumer,Zara Fontaine,1,23.87,0.25,17.9,10.45,Shipped
ORD-104905,2023-06-03,SKU-1023,Monitors,NA-E,Online,Mid-Market,Zara Fontaine,1,1366.21,0.25,1024.66,898.81,Returned
ORD-100706,2023-06-04,SKU-1018,Laptops,NA-E,Online,SMB,Zara Sorensen,1,2719.05,0.15,2311.19,1773.97,Shipped
ORD-101820,2023-06-04,SKU-1071,Networking,LATAM,Partner,Consumer,Hana Rossi,10,827.39,0.05,7860.2,5287.1,Shipped
ORD-101312,2023-06-05,SKU-1086,Storage,APAC-N,Partner,Enterprise,Nadia Kowalski,2,1066.03,0.05,2025.46,1412.88,Shipped
ORD-101542,2023-06-05,SKU-1045,Peripherals,LATAM,Partner,Mid-Market,Ada Zimmerman,2,388.64,0,777.28,417.58,Shipped
ORD-101780,2023-06-05,SKU-1108,Accessories,LATAM,Direct,Mid-Market,Fatima Dahl,1,111.01,0.05,105.46,47.94,Shipped
ORD-102833,2023-06-05,SKU-1010,Laptops,LATAM,Direct,Enterprise,Zara Fontaine,13,1514.87,0.2,15754.65,14172.99,Shipped
ORD-103107,2023-06-05,SKU-1108,Accessories,APAC-S,Direct,Enterprise,Bao Kaur,2,111.01,0.15,188.72,95.88,Shipped
ORD-103900,2023-06-05,SKU-1034,Monitors,NA-E,Partner,SMB,Ada Zimmerman,2,511.32,0,1022.64,631.44,Shipped
ORD-104332,2023-06-05,SKU-1103,Accessories,NA-E,Direct,SMB,Ada Singh,1,198.1,0.05,188.19,86.3,Returned
ORD-101860,2023-06-06,SKU-1006,Laptops,NORDIC,Retail,SMB,Darius Kaur,3,2229.97,0,6689.91,4451.49,Shipped
ORD-103253,2023-06-06,SKU-1014,Laptops,NA-W,Partner,Enterprise,Rosa Marchetti,8,1949.83,0,15598.64,10572.08,Returned
ORD-104370,2023-06-06,SKU-1060,Peripherals,DACH,Partner,Enterprise,Ada Vargas,2,299.52,0.1,539.14,339.3,Returned
ORD-101699,2023-06-07,SKU-1103,Accessories,LATAM,Partner,Enterprise,Nadia Kowalski,2,198.1,0,396.2,172.6,Pending
ORD-102021,2023-06-07,SKU-1115,Accessories,APAC-S,Direct,SMB,Yusuf Mbeki,1,201.56,0.05,191.48,95.86,Pending
ORD-102449,2023-06-07,SKU-1093,Storage,NA-W,Direct,Enterprise,Chen Iversen,2,856.06,0.05,1626.51,1256.56,Returned
ORD-102853,2023-06-07,SKU-1068,Networking,NA-W,Online,Enterprise,Rosa Weber,4,782.54,0.05,2973.65,1853.0,Shipped
ORD-103292,2023-06-07,SKU-1032,Monitors,NA-E,Online,Mid-Market,Elena Okafor,5,929.07,0,4645.35,2927.45,Returned
ORD-102156,2023-06-08,SKU-1050,Peripherals,LATAM,Retail,Enterprise,Yara Eriksen,3,335.4,0.05,955.89,569.07,Shipped
ORD-102896,2023-06-08,SKU-1054,Peripherals,DACH,Direct,Enterprise,Darius Kaur,2,210.36,0,420.72,209.18,Pending
ORD-102969,2023-06-08,SKU-1116,Accessories,NA-W,Partner,Enterprise,Zara Sorensen,1,147.71,0.15,125.55,72.53,Shipped
ORD-103991,2023-06-08,SKU-1003,Laptops,UKI,Online,Mid-Market,Chen Iversen,5,2349.75,0,11748.75,7561.85,Shipped
ORD-104681,2023-06-08,SKU-1011,Laptops,DACH,Partner,Mid-Market,Ada Singh,1,2304.08,0,2304.08,1489.3,Returned
ORD-104837,2023-06-08,SKU-1029,Monitors,NA-E,Partner,SMB,Rania Kaur,6,438.72,0.05,2500.7,1724.52,Shipped
ORD-101413,2023-06-09,SKU-1065,Networking,NA-E,Retail,Mid-Market,Viktor Zhang,1,417.19,0.25,312.89,239.24,Shipped
ORD-101722,2023-06-09,SKU-1016,Laptops,DACH,Online,SMB,Elena Okafor,1,3292.27,0.2,2633.82,2228.04,Pending
ORD-101779,2023-06-09,SKU-1073,Networking,DACH,Partner,Enterprise,Malik Kowalski,4,347.65,0.1,1251.54,905.68,Shipped
ORD-102303,2023-06-09,SKU-1003,Laptops,NA-E,Online,Mid-Market,Fatima Bennett,1,2349.75,0.25,1762.31,1512.37,Shipped
ORD-103534,2023-06-09,SKU-1013,Laptops,NORDIC,Partner,SMB,Fatima Bennett,4,2073.19,0.1,7463.48,5562.6,Shipped
ORD-104758,2023-06-09,SKU-1054,Peripherals,NA-W,Partner,Mid-Market,Emeka Weber,2,210.36,0.15,357.61,209.18,Returned
ORD-100660,2023-06-10,SKU-1034,Monitors,APAC-N,Direct,SMB,Zara Sorensen,2,511.32,0,1022.64,631.44,Shipped
ORD-103415,2023-06-10,SKU-1019,Laptops,NORDIC,Partner,Mid-Market,Emeka Weber,2,1704.93,0,3409.86,2350.94,Pending
ORD-103509,2023-06-10,SKU-1095,Storage,APAC-S,Direct,Mid-Market,Nadia Kowalski,7,537.52,0.25,2821.98,2696.19,Shipped
ORD-104737,2023-06-10,SKU-1012,Laptops,UKI,Partner,Mid-Market,Rosa Marchetti,4,3047.46,0.15,10361.36,8409.56,Returned
ORD-104802,2023-06-10,SKU-1092,Storage,NA-E,Partner,SMB,Darius Kaur,3,227.16,0.05,647.41,481.95,Shipped
ORD-100036,2023-06-11,SKU-1048,Peripherals,LATAM,Partner,Consumer,Amara Dahl,1,405.97,0.25,304.48,200.64,Returned
ORD-102996,2023-06-11,SKU-1117,Accessories,NA-E,Direct,SMB,Bruno Zhang,1,127.94,0,127.94,55.83,Pending
ORD-103475,2023-06-11,SKU-1028,Monitors,DACH,Direct,Mid-Market,Thea Ibrahim,1,1296.45,0.1,1166.81,836.57,Returned
ORD-103897,2023-06-11,SKU-1119,Accessories,UKI,Online,SMB,Darius Kaur,2,84.73,0.15,144.04,83.12,Returned
ORD-104225,2023-06-11,SKU-1056,Peripherals,APAC-N,Online,Enterprise,Bao Kaur,3,45.14,0,135.42,67.86,Pending
ORD-104859,2023-06-11,SKU-1104,Accessories,LATAM,Online,SMB,Chen Iversen,28,40.52,0,1134.56,541.52,Returned
ORD-100966,2023-06-12,SKU-1063,Networking,UKI,Online,Mid-Market,Hana Rossi,2,935.12,0,1870.24,1203.56,Shipped
ORD-101536,2023-06-12,SKU-1073,Networking,UKI,Online,Enterprise,Thea Ibrahim,1,347.65,0.05,330.27,226.42,Shipped
ORD-102568,2023-06-12,SKU-1108,Accessories,NA-W,Partner,Enterprise,Thea Zhang,2,111.01,0.1,199.82,95.88,Pending
ORD-103714,2023-06-12,SKU-1019,Laptops,UKI,Direct,Mid-Market,Fatima Dahl,2,1704.93,0.05,3239.37,2350.94,Shipped
ORD-104864,2023-06-12,SKU-1118,Accessories,LATAM,Partner,Enterprise,Uma Okafor,3,143.1,0.05,407.83,172.92,Pending
ORD-100992,2023-06-13,SKU-1032,Monitors,UKI,Direct,SMB,Hana Rossi,1,929.07,0,929.07,585.49,Returned
ORD-102538,2023-06-13,SKU-1100,Storage,NA-W,Direct,Mid-Market,Viktor Zhang,3,754.71,0.2,1811.3,1499.58,Returned
ORD-104948,2023-06-13,SKU-1033,Monitors,NA-W,Direct,Mid-Market,Rania Eriksen,1,617.73,0.05,586.84,400.25,Shipped
ORD-100388,2023-06-14,SKU-1035,Monitors,APAC-N,Partner,Consumer,Nikolai Jensen,2,1114.67,0.05,2117.87,1526.02,Returned
ORD-101627,2023-06-14,SKU-1040,Monitors,NA-W,Retail,Enterprise,Ada Zimmerman,1,519.33,0.05,493.36,344.73,Shipped
ORD-102117,2023-06-14,SKU-1013,Laptops,APAC-S,Online,Mid-Market,Thea Zhang,1,2073.19,0.05,1969.53,1390.65,Shipped
ORD-103395,2023-06-14,SKU-1067,Networking,APAC-N,Partner,SMB,Ada Vargas,1,254.78,0,254.78,153.76,Shipped
ORD-104657,2023-06-15,SKU-1041,Peripherals,NORDIC,Online,SMB,Ivan Kaur,1,371.64,0.05,353.06,211.27,Shipped
ORD-100163,2023-06-16,SKU-1035,Monitors,NA-E,Online,SMB,Wei Tanaka,1,1114.67,0.25,836.0,763.01,Shipped
ORD-100175,2023-06-16,SKU-1018,Laptops,NA-W,Direct,SMB,Yusuf Fontaine,5,2719.05,0.15,11555.96,8869.85,Shipped
ORD-100408,2023-06-16,SKU-1120,Accessories,NA-E,Online,Enterprise,Zara Fontaine,2,210.18,0.1,378.32,172.34,Shipped
ORD-100836,2023-06-16,SKU-1084,Storage,LATAM,Direct,SMB,Greta Haddad,5,497.7,0,2488.5,1822.9,Shipped
ORD-104478,2023-06-16,SKU-1071,Networking,NA-E,Direct,Mid-Market,Nadia Kowalski,3,827.39,0,2482.17,1586.13,Pending
ORD-101114,2023-06-17,SKU-1101,Accessories,DACH,Direct,Enterprise,Emeka Weber,1,149.25,0.25,111.94,60.05,Shipped
ORD-101221,2023-06-17,SKU-1118,Accessories,NA-E,Retail,Enterprise,Rania Eriksen,4,143.1,0,572.4,230.56,Shipped
ORD-101232,2023-06-17,SKU-1067,Networking,NA-W,Retail,Enterprise,Greta Haddad,1,254.78,0.05,242.04,153.76,Shipped
ORD-100326,2023-06-18,SKU-1021,Monitors,UKI,Direct,Mid-Market,Paulo Carvalho,6,444.75,0.1,2401.65,1818.96,Shipped
ORD-101514,2023-06-18,SKU-1109,Accessories,APAC-S,Retail,Mid-Market,Chen Iversen,4,131.89,0,527.56,237.72,Returned
ORD-103455,2023-06-18,SKU-1020,Laptops,NA-W,Direct,SMB,Elena Okafor,2,3674.26,0.05,6981.09,4781.44,Shipped
ORD-100542,2023-06-19,SKU-1078,Networking,UKI,Partner,Enterprise,Sana Lindqvist,2,981.51,0.15,1668.57,1166.1,Pending
ORD-101152,2023-06-19,SKU-1064,Networking,NA-E,Online,Enterprise,Fatima Dahl,7,2008.03,0.1,12650.59,8527.4,Shipped
ORD-100959,2023-06-20,SKU-1066,Networking,APAC-N,Online,Consumer,Malik Andersen,5,491.43,0.1,2211.43,1438.45,Shipped
ORD-101951,2023-06-20,SKU-1092,Storage,NA-E,Online,Enterprise,Fatima Bennett,1,227.16,0,227.16,160.65,Pending
ORD-103559,2023-06-20,SKU-1044,Peripherals,UKI,Partner,SMB,Emeka Lindqvist,14,42.05,0,588.7,297.92,Shipped
ORD-103784,2023-06-20,SKU-1060,Peripherals,APAC-N,Direct,SMB,Yusuf Fontaine,2,299.52,0.1,539.14,339.3,Shipped
ORD-100558,2023-06-21,SKU-1015,Laptops,APAC-N,Direct,Enterprise,Bao Kaur,4,1315.81,0.25,3947.43,3698.76,Shipped
ORD-100737,2023-06-21,SKU-1025,Monitors,UKI,Direct,Mid-Market,Nadia Kowalski,4,577.77,0.1,2079.97,1592.04,Shipped
ORD-103995,2023-06-21,SKU-1074,Networking,UKI,Partner,Mid-Market,Darius Kaur,5,192.25,0.05,913.19,604.35,Shipped
ORD-104087,2023-06-21,SKU-1091,Storage,APAC-N,Online,SMB,Thea Zhang,7,949.67,0.15,5650.54,4896.57,Returned
ORD-104899,2023-06-21,SKU-1005,Laptops,NA-W,Partner,Consumer,Paulo Carvalho,1,1611.9,0.05,1531.31,1032.29,Returned
ORD-100530,2023-06-22,SKU-1011,Laptops,NA-E,Direct,Consumer,Emeka Lindqvist,1,2304.08,0.25,1728.06,1489.3,Shipped
ORD-101050,2023-06-22,SKU-1012,Laptops,UKI,Online,SMB,Ada Zimmerman,1,3047.46,0.05,2895.09,2102.39,Shipped
ORD-102261,2023-06-22,SKU-1057,Peripherals,NA-W,Direct,SMB,Zara Sorensen,21,457.5,0.05,9127.12,4799.13,Shipped
ORD-104207,2023-06-22,SKU-1039,Monitors,NORDIC,Direct,SMB,Yusuf Mbeki,3,1201.03,0.15,3062.63,2244.39,Shipped
ORD-104306,2023-06-22,SKU-1103,Accessories,NA-W,Online,Enterprise,Thea Ibrahim,6,198.1,0.05,1129.17,517.8,Shipped
ORD-101709,2023-06-23,SKU-1021,Monitors,APAC-N,Partner,Consumer,Zara Sorensen,1,444.75,0.2,355.8,303.16,Shipped
ORD-101746,2023-06-23,SKU-1055,Peripherals,NA-W,Partner,Enterprise,Malik Andersen,4,77.77,0,311.08,156.72,Shipped
ORD-102272,2023-06-23,SKU-1079,Networking,LATAM,Online,Mid-Market,Rosa Marchetti,1,453.79,0.05,431.1,286.76,Shipped
ORD-102518,2023-06-23,SKU-1097,Storage,NA-W,Partner,Mid-Market,Yusuf Fontaine,5,176.34,0.2,705.36,666.75,Shipped
ORD-102727,2023-06-23,SKU-1016,Laptops,NA-E,Direct,SMB,Thea Ibrahim,6,3292.27,0.2,15802.9,13368.24,Shipped
ORD-103657,2023-06-23,SKU-1053,Peripherals,NORDIC,Online,SMB,Kwame Abara,2,417.51,0,835.02,433.12,Returned
ORD-100502,2023-06-24,SKU-1081,Storage,APAC-S,Direct,SMB,Sana Lindqvist,12,427.43,0.25,3846.87,3549.36,Returned
ORD-101913,2023-06-24,SKU-1076,Networking,DACH,Direct,Enterprise,Malik Eriksen,1,1719.15,0.05,1633.19,1029.28,Shipped
ORD-103074,2023-06-24,SKU-1065,Networking,NORDIC,Online,Enterprise,Hana Rossi,3,417.19,0,1251.57,717.72,Returned
ORD-103767,2023-06-24,SKU-1060,Peripherals,UKI,Direct,Mid-Market,Uma Okafor,6,299.52,0.1,1617.41,1017.9,Returned
ORD-104797,2023-06-24,SKU-1076,Networking,NA-E,Partner,SMB,Yusuf Mbeki,3,1719.15,0,5157.45,3087.84,Shipped
ORD-103717,2023-06-25,SKU-1049,Peripherals,UKI,Partner,Mid-Market,Rania Kaur,2,426.32,0,852.64,462.22,Shipped
ORD-100765,2023-06-26,SKU-1038,Monitors,NA-W,Direct,Consumer,Rania Kaur,2,829.48,0,1658.96,1108.66,Shipped
ORD-101895,2023-06-26,SKU-1043,Peripherals,APAC-N,Direct,SMB,Uma Sandoval,1,212.9,0,212.9,113.15,Shipped
ORD-104415,2023-06-26,SKU-1094,Storage,APAC-N,Retail,SMB,Malik Andersen,5,321.11,0,1605.55,1124.45,Shipped
ORD-100531,2023-06-27,SKU-1028,Monitors,DACH,Direct,SMB,Nikolai Jensen,1,1296.45,0.1,1166.81,836.57,Shipped
ORD-100833,2023-06-27,SKU-1014,Laptops,APAC-N,Online,Mid-Market,Fatima Iversen,1,1949.83,0,1949.83,1321.51,Shipped
ORD-104418,2023-06-27,SKU-1046,Peripherals,APAC-S,Online,Mid-Market,Nikolai Jensen,2,291.02,0.25,436.53,298.58,Shipped
ORD-102515,2023-06-28,SKU-1056,Peripherals,NA-W,Online,Enterprise,Yusuf Mbeki,8,45.14,0.1,325.01,180.96,Shipped
ORD-100588,2023-06-29,SKU-1115,Accessories,NA-E,Online,Enterprise,Sana Lindqvist,1,201.56,0,201.56,95.86,Shipped
ORD-101025,2023-06-29,SKU-1074,Networking,APAC-S,Online,SMB,Bao Alvarez,7,192.25,0.1,1211.17,846.09,Shipped
ORD-101425,2023-06-29,SKU-1074,Networking,NA-E,Partner,SMB,Thea Delgado,2,192.25,0.25,288.38,241.74,Shipped
ORD-102924,2023-06-30,SKU-1105,Accessories,APAC-N,Direct,SMB,Yara Eriksen,4,139.86,0.05,531.47,243.88,Shipped
ORD-103228,2023-06-30,SKU-1052,Peripherals,NA-W,Direct,SMB,Elena Okafor,3,310.49,0.05,884.9,477.84,Shipped
ORD-103398,2023-06-30,SKU-1020,Laptops,NORDIC,Retail,Consumer,Zara Fontaine,7,3674.26,0.05,24433.83,16735.04,Pending
ORD-102428,2023-07-01,SKU-1059,Peripherals,NA-E,Direct,Enterprise,Rosa Weber,1,294.39,0.15,250.23,144.83,Returned
ORD-102574,2023-07-01,SKU-1095,Storage,LATAM,Partner,Consumer,Yusuf Mbeki,2,537.52,0.05,1021.29,770.34,Shipped
ORD-102576,2023-07-01,SKU-1037,Monitors,NORDIC,Direct,Enterprise,Emeka Lindqvist,8,1230.78,0,9846.24,6261.52,Shipped
ORD-102654,2023-07-01,SKU-1003,Laptops,APAC-N,Online,Mid-Market,Elena Kaur,3,2349.75,0,7049.25,4537.11,Shipped
ORD-103432,2023-07-01,SKU-1113,Accessories,NORDIC,Direct,Mid-Market,Yara Eriksen,1,23.87,0.2,19.1,10.45,Shipped
ORD-103822,2023-07-01,SKU-1045,Peripherals,DACH,Direct,Enterprise,Greta Haddad,3,388.64,0.05,1107.62,626.37,Shipped
ORD-104263,2023-07-01,SKU-1087,Storage,DACH,Online,Mid-Market,Emeka Weber,16,222.44,0,3559.04,2412.96,Returned
ORD-100215,2023-07-02,SKU-1072,Networking,NA-E,Online,Enterprise,Bao Alvarez,3,593.71,0,1781.13,1114.44,Pending
ORD-100355,2023-07-02,SKU-1110,Accessories,NORDIC,Online,SMB,Rania Eriksen,9,50.0,0.2,360.0,215.82,Shipped
ORD-103769,2023-07-02,SKU-1022,Monitors,NA-W,Direct,Consumer,Rosa Weber,2,296.21,0.1,533.18,390.52,Returned
ORD-103865,2023-07-02,SKU-1053,Peripherals,UKI,Online,SMB,Bao Kaur,2,417.51,0.25,626.26,433.12,Shipped
ORD-100385,2023-07-03,SKU-1017,Laptops,LATAM,Online,SMB,Ada Singh,10,3083.45,0.2,24667.6,21804.9,Shipped
ORD-101466,2023-07-03,SKU-1025,Monitors,LATAM,Partner,SMB,Bao Alvarez,3,577.77,0,1733.31,1194.03,Returned
ORD-101633,2023-07-03,SKU-1077,Networking,NA-W,Retail,Mid-Market,Rania Kaur,4,740.62,0,2962.48,1799.76,Pending
ORD-103093,2023-07-03,SKU-1098,Storage,LATAM,Partner,SMB,Malik Kowalski,1,587.94,0.1,529.15,407.17,Shipped
ORD-103274,2023-07-03,SKU-1088,Storage,DACH,Partner,Mid-Market,Elena Kaur,1,601.62,0,601.62,433.93,Shipped
ORD-103679,2023-07-03,SKU-1091,Storage,NA-E,Partner,Mid-Market,Petra Ibrahim,4,949.67,0.15,3228.88,2798.04,Returned
ORD-100709,2023-07-04,SKU-1023,Monitors,LATAM,Direct,Consumer,Zara Sorensen,2,1366.21,0.15,2322.56,1797.62,Shipped
ORD-102995,2023-07-04,SKU-1042,Peripherals,APAC-N,Partner,Mid-Market,Kwame Abara,8,84.72,0,677.76,372.08,Pending
ORD-100392,2023-07-05,SKU-1042,Peripherals,NA-E,Online,Enterprise,Bruno Zhang,3,84.72,0.1,228.74,139.53,Shipped
ORD-101825,2023-07-05,SKU-1029,Monitors,APAC-N,Partner,Enterprise,Yusuf Mbeki,3,438.72,0.1,1184.54,862.26,Shipped
ORD-103021,2023-07-05,SKU-1057,Peripherals,NA-E,Online,Enterprise,Uma Sandoval,10,457.5,0.05,4346.25,2285.3,Shipped
ORD-103139,2023-07-05,SKU-1037,Monitors,APAC-N,Online,Enterprise,Adaeze Marchetti,5,1230.78,0.15,5230.81,3913.45,Shipped
ORD-103323,2023-07-05,SKU-1047,Peripherals,NA-W,Partner,SMB,Fatima Dahl,8,240.32,0,1922.56,1012.64,Pending
ORD-103828,2023-07-05,SKU-1019,Laptops,LATAM,Direct,SMB,Elena Kaur,2,1704.93,0.05,3239.37,2350.94,Pending
ORD-104417,2023-07-05,SKU-1035,Monitors,NA-W,Direct,Enterprise,Rosa Weber,5,1114.67,0.2,4458.68,3815.05,Returned
ORD-101219,2023-07-06,SKU-1110,Accessories,NA-W,Online,Mid-Market,Ada Zimmerman,1,50.0,0.15,42.5,23.98,Shipped
ORD-101703,2023-07-06,SKU-1106,Accessories,NORDIC,Direct,Consumer,Uma Sandoval,6,179.48,0.2,861.5,488.22,Shipped
ORD-101982,2023-07-06,SKU-1098,Storage,NA-W,Direct,Enterprise,Ada Singh,1,587.94,0,587.94,407.17,Shipped
ORD-102378,2023-07-06,SKU-1107,Accessories,LATAM,Partner,SMB,Elena Okafor,1,92.86,0,92.86,37.72,Shipped
ORD-102760,2023-07-06,SKU-1110,Accessories,NA-E,Online,Mid-Market,Adaeze Marchetti,4,50.0,0.05,190.0,95.92,Returned
ORD-104093,2023-07-06,SKU-1088,Storage,UKI,Online,Mid-Market,Greta Haddad,1,601.62,0,601.62,433.93,Pending
ORD-100537,2023-07-07,SKU-1119,Accessories,NA-W,Retail,SMB,Yusuf Mbeki,1,84.73,0,84.73,41.56,Shipped
ORD-101590,2023-07-07,SKU-1108,Accessories,APAC-N,Online,Consumer,Bruno Zhang,5,111.01,0,555.05,239.7,Shipped
ORD-101933,2023-07-07,SKU-1016,Laptops,UKI,Partner,Consumer,Paulo Carvalho,1,3292.27,0,3292.27,2228.04,Shipped
ORD-104498,2023-07-07,SKU-1101,Accessories,NA-W,Direct,Mid-Market,Rania Eriksen,1,149.25,0,149.25,60.05,Shipped
ORD-101208,2023-07-08,SKU-1115,Accessories,APAC-S,Partner,Enterprise,Wei Tanaka,1,201.56,0.05,191.48,95.86,Shipped
ORD-102358,2023-07-08,SKU-1098,Storage,NORDIC,Online,Mid-Market,Petra Ibrahim,3,587.94,0,1763.82,1221.51,Shipped
ORD-104390,2023-07-08,SKU-1041,Peripherals,APAC-S,Direct,SMB,Wei Tanaka,1,371.64,0.1,334.48,211.27,Pending
ORD-104772,2023-07-08,SKU-1093,Storage,NA-E,Direct,Mid-Market,Rania Eriksen,3,856.06,0.2,2054.54,1884.84,Returned
ORD-100626,2023-07-09,SKU-1044,Peripherals,DACH,Direct,Mid-Market,Ada Zimmerman,1,42.05,0,42.05,21.28,Shipped
ORD-100652,2023-07-09,SKU-1082,Storage,NA-W,Partner,Consumer,Darius Kaur,1,199.64,0.05,189.66,140.32,Pending
ORD-101173,2023-07-09,SKU-1047,Peripherals,UKI,Online,Enterprise,Elena Kaur,1,240.32,0,240.32,126.58,Returned
ORD-101754,2023-07-09,SKU-1080,Networking,DACH,Online,Mid-Market,Thea Ibrahim,3,788.65,0.1,2129.36,1549.89,Shipped
ORD-101824,2023-07-09,SKU-1026,Monitors,LATAM,Partner,SMB,Adaeze Marchetti,6,371.18,0,2227.08,1524.12,Shipped
ORD-103953,2023-07-09,SKU-1080,Networking,NA-W,Partner,SMB,Viktor Zhang,4,788.65,0.05,2996.87,2066.52,Shipped
ORD-104701,2023-07-09,SKU-1094,Storage,NA-W,Partner,SMB,Nadia Kowalski,3,321.11,0.2,770.66,674.67,Shipped
ORD-104829,2023-07-09,SKU-1024,Monitors,NA-E,Direct,Mid-Market,Malik Eriksen,1,340.87,0.1,306.78,221.59,Shipped
ORD-100077,2023-07-10,SKU-1086,Storage,NA-E,Retail,Consumer,Yara Eriksen,1,1066.03,0.1,959.43,706.44,Pending
ORD-100683,2023-07-10,SKU-1104,Accessories,NA-E,Online,SMB,Wei Tanaka,1,40.52,0.2,32.42,19.34,Shipped
ORD-102616,2023-07-10,SKU-1057,Peripherals,UKI,Online,Enterprise,Fatima Bennett,2,457.5,0.25,686.25,457.06,Shipped
ORD-102883,2023-07-10,SKU-1115,Accessories,NA-W,Direct,Mid-Market,Yusuf Fontaine,3,201.56,0.05,574.45,287.58,Shipped
ORD-100968,2023-07-11,SKU-1076,Networking,NA-E,Partner,Enterprise,Bruno Zhang,2,1719.15,0.05,3266.39,2058.56,Pending
ORD-103275,2023-07-11,SKU-1039,Monitors,NA-W,Direct,Enterprise,Nikolai Jensen,2,1201.03,0,2402.06,1496.26,Returned
ORD-100612,2023-07-12,SKU-1022,Monitors,NA-E,Direct,Enterprise,Yusuf Fontaine,3,296.21,0,888.63,585.78,Shipped
ORD-103681,2023-07-12,SKU-1060,Peripherals,APAC-S,Partner,Enterprise,Ada Zimmerman,5,299.52,0.2,1198.08,848.25,Shipped
ORD-102443,2023-07-13,SKU-1053,Peripherals,DACH,Direct,SMB,Elena Laurent,5,417.51,0.05,1983.17,1082.8,Shipped
ORD-100453,2023-07-14,SKU-1039,Monitors,NA-E,Partner,Consumer,Thea Delgado,2,1201.03,0,2402.06,1496.26,Shipped
ORD-102282,2023-07-14,SKU-1040,Monitors,LATAM,Retail,Mid-Market,Chen Iversen,5,519.33,0.1,2336.99,1723.65,Shipped
ORD-102786,2023-07-14,SKU-1054,Peripherals,NA-W,Online,Mid-Market,Paulo Carvalho,6,210.36,0.05,1199.05,627.54,Shipped
ORD-100549,2023-07-15,SKU-1091,Storage,DACH,Direct,SMB,Zara Sorensen,3,949.67,0,2849.01,2098.53,Shipped
ORD-100654,2023-07-15,SKU-1086,Storage,DACH,Partner,Mid-Market,Uma Sandoval,2,1066.03,0.25,1599.05,1412.88,Pending
ORD-102091,2023-07-15,SKU-1033,Monitors,NORDIC,Partner,Mid-Market,Fatima Dahl,1,617.73,0.15,525.07,400.25,Returned
ORD-103634,2023-07-15,SKU-1052,Peripherals,NA-W,Partner,Mid-Market,Adaeze Marchetti,1,310.49,0,310.49,159.28,Shipped
ORD-100381,2023-07-16,SKU-1002,Laptops,UKI,Direct,SMB,Rosa Marchetti,1,3368.08,0.05,3199.68,2299.73,Pending
ORD-102359,2023-07-16,SKU-1093,Storage,NA-E,Retail,Enterprise,Nikolai Jensen,1,856.06,0.05,813.26,628.28,Shipped
ORD-103137,2023-07-16,SKU-1022,Monitors,DACH,Online,Mid-Market,Thea Delgado,4,296.21,0.05,1125.6,781.04,Shipped
ORD-104279,2023-07-16,SKU-1065,Networking,APAC-N,Direct,SMB,Adaeze Marchetti,5,417.19,0,2085.95,1196.2,Shipped
ORD-100004,2023-07-17,SKU-1111,Accessories,NA-E,Online,Enterprise,Chen Iversen,3,118.52,0,355.56,152.01,Returned
ORD-102912,2023-07-17,SKU-1017,Laptops,DACH,Partner,Consumer,Ada Singh,5,3083.45,0,15417.25,10902.45,Shipped
ORD-103472,2023-07-17,SKU-1043,Peripherals,NA-W,Online,Mid-Market,Bruno Zhang,1,212.9,0.25,159.68,113.15,Pending
ORD-104054,2023-07-17,SKU-1038,Monitors,DACH,Partner,SMB,Yusuf Fontaine,2,829.48,0,1658.96,1108.66,Shipped
ORD-100064,2023-07-18,SKU-1045,Peripherals,DACH,Direct,Mid-Market,Bao Alvarez,1,388.64,0.15,330.34,208.79,Shipped
ORD-100123,2023-07-18,SKU-1110,Accessories,NA-E,Partner,SMB,Petra Ibrahim,4,50.0,0,200.0,95.92,Shipped
ORD-100351,2023-07-18,SKU-1081,Storage,NA-E,Partner,Enterprise,Malik Andersen,7,427.43,0,2992.01,2070.46,Returned
ORD-100441,2023-07-18,SKU-1075,Networking,APAC-S,Retail,Mid-Market,Rania Kaur,1,1273.44,0.15,1082.42,736.87,Returned
ORD-100583,2023-07-18,SKU-1087,Storage,UKI,Online,Enterprise,Bruno Zhang,7,222.44,0,1557.08,1055.67,Returned
ORD-101215,2023-07-18,SKU-1025,Monitors,LATAM,Direct,SMB,Ivan Kaur,10,577.77,0,5777.7,3980.1,Pending
ORD-102417,2023-07-18,SKU-1097,Storage,APAC-N,Partner,Enterprise,Elena Okafor,14,176.34,0.1,2221.88,1866.9,Shipped
ORD-102929,2023-07-18,SKU-1092,Storage,NA-E,Partner,Mid-Market,Zara Fontaine,1,227.16,0.1,204.44,160.65,Shipped
ORD-103397,2023-07-18,SKU-1080,Networking,NA-E,Online,Mid-Market,Paulo Carvalho,4,788.65,0.05,2996.87,2066.52,Shipped
ORD-100466,2023-07-19,SKU-1017,Laptops,DACH,Direct,SMB,Zara Sorensen,3,3083.45,0,9250.35,6541.47,Shipped
ORD-100628,2023-07-19,SKU-1028,Monitors,NA-E,Partner,SMB,Rosa Marchetti,1,1296.45,0.05,1231.63,836.57,Shipped
ORD-100983,2023-07-19,SKU-1005,Laptops,NA-E,Partner,Enterprise,Malik Kowalski,1,1611.9,0,1611.9,1032.29,Shipped
ORD-102485,2023-07-19,SKU-1049,Peripherals,NORDIC,Direct,SMB,Chen Iversen,2,426.32,0.05,810.01,462.22,Pending
ORD-102940,2023-07-19,SKU-1070,Networking,NA-E,Partner,Enterprise,Ivan Kaur,1,1052.94,0,1052.94,630.08,Shipped
ORD-103117,2023-07-19,SKU-1071,Networking,NA-W,Partner,Consumer,Ada Zimmerman,1,827.39,0,827.39,528.71,Shipped
ORD-103419,2023-07-19,SKU-1087,Storage,NA-W,Online,Mid-Market,Rosa Marchetti,3,222.44,0.25,500.49,452.43,Shipped
ORD-104563,2023-07-19,SKU-1093,Storage,APAC-S,Online,SMB,Elena Kaur,1,856.06,0.05,813.26,628.28,Shipped
ORD-101872,2023-07-20,SKU-1024,Monitors,UKI,Direct,Enterprise,Bruno Zhang,7,340.87,0.25,1789.57,1551.13,Pending
ORD-103321,2023-07-20,SKU-1094,Storage,NA-E,Partner,SMB,Rosa Marchetti,1,321.11,0.25,240.83,224.89,Shipped
ORD-101004,2023-07-21,SKU-1110,Accessories,NORDIC,Online,Mid-Market,Elena Okafor,7,50.0,0.1,315.0,167.86,Shipped
ORD-104335,2023-07-21,SKU-1057,Peripherals,DACH,Online,Enterprise,Bao Alvarez,1,457.5,0.1,411.75,228.53,Shipped
ORD-100500,2023-07-22,SKU-1081,Storage,APAC-S,Online,Enterprise,Emeka Weber,20,427.43,0.05,8121.17,5915.6,Shipped
ORD-100924,2023-07-22,SKU-1059,Peripherals,LATAM,Online,Enterprise,Thea Delgado,2,294.39,0.2,471.02,289.66,Returned
ORD-103668,2023-07-22,SKU-1008,Laptops,NA-W,Online,Enterprise,Greta Haddad,2,2860.19,0,5720.38,3979.86,Pending
ORD-104552,2023-07-22,SKU-1093,Storage,APAC-S,Online,Consumer,Rosa Marchetti,13,856.06,0,11128.78,8167.64,Pending
ORD-104842,2023-07-22,SKU-1119,Accessories,DACH,Direct,Mid-Market,Zara Fontaine,15,84.73,0,1270.95,623.4,Shipped
ORD-102426,2023-07-23,SKU-1038,Monitors,NA-E,Online,SMB,Bao Kaur,3,829.48,0.1,2239.6,1662.99,Shipped
ORD-103289,2023-07-23,SKU-1001,Laptops,NA-W,Direct,Mid-Market,Rania Kaur,5,1590.48,0.1,7157.16,5610.3,Pending
ORD-103164,2023-07-24,SKU-1087,Storage,UKI,Partner,SMB,Fatima Bennett,2,222.44,0,444.88,301.62,Shipped
ORD-103839,2023-07-24,SKU-1059,Peripherals,UKI,Online,SMB,Malik Eriksen,1,294.39,0.1,264.95,144.83,Shipped
ORD-104104,2023-07-24,SKU-1024,Monitors,LATAM,Partner,SMB,Malik Andersen,7,340.87,0,2386.09,1551.13,Shipped
ORD-100758,2023-07-25,SKU-1053,Peripherals,UKI,Direct,Enterprise,Rosa Marchetti,1,417.51,0.25,313.13,216.56,Returned
ORD-101107,2023-07-25,SKU-1036,Monitors,NA-E,Partner,Enterprise,Petra Ibrahim,6,1180.66,0,7083.96,4603.98,Shipped
ORD-103675,2023-07-25,SKU-1101,Accessories,APAC-N,Online,SMB,Rosa Weber,1,149.25,0,149.25,60.05,Shipped
ORD-100448,2023-07-26,SKU-1065,Networking,NA-W,Online,Mid-Market,Rosa Marchetti,2,417.19,0,834.38,478.48,Shipped
ORD-102789,2023-07-26,SKU-1005,Laptops,NA-E,Online,Mid-Market,Rosa Weber,1,1611.9,0,1611.9,1032.29,Shipped
ORD-103073,2023-07-26,SKU-1021,Monitors,DACH,Online,Mid-Market,Zara Sorensen,3,444.75,0,1334.25,909.48,Returned
ORD-100100,2023-07-27,SKU-1060,Peripherals,LATAM,Direct,SMB,Malik Andersen,2,299.52,0,599.04,339.3,Pending
ORD-102898,2023-07-27,SKU-1023,Monitors,LATAM,Retail,SMB,Emeka Weber,1,1366.21,0,1366.21,898.81,Returned
ORD-103572,2023-07-27,SKU-1001,Laptops,NA-E,Online,SMB,Rania Eriksen,3,1590.48,0.15,4055.72,3366.18,Shipped
ORD-104117,2023-07-27,SKU-1009,Laptops,UKI,Online,Enterprise,Bao Kaur,3,3341.5,0.05,9523.27,6955.74,Shipped
ORD-104981,2023-07-27,SKU-1063,Networking,NA-E,Direct,SMB,Rosa Weber,2,935.12,0,1870.24,1203.56,Returned
ORD-100935,2023-07-28,SKU-1093,Storage,LATAM,Partner,SMB,Ada Vargas,17,856.06,0.15,12370.07,10680.76,Shipped
ORD-103947,2023-07-28,SKU-1112,Accessories,NORDIC,Online,Mid-Market,Paulo Carvalho,1,160.4,0.1,144.36,73.98,Returned
ORD-102075,2023-07-29,SKU-1090,Storage,NA-W,Online,SMB,Bruno Zhang,5,853.08,0,4265.4,2816.7,Shipped
ORD-103174,2023-07-29,SKU-1067,Networking,APAC-N,Online,Mid-Market,Ada Vargas,1,254.78,0.15,216.56,153.76,Shipped
ORD-104491,2023-07-29,SKU-1118,Accessories,APAC-N,Online,Mid-Market,Bao Alvarez,1,143.1,0,143.1,57.64,Shipped
ORD-100254,2023-07-30,SKU-1033,Monitors,LATAM,Partner,Enterprise,Malik Eriksen,1,617.73,0.2,494.18,400.25,Returned
ORD-100849,2023-07-30,SKU-1092,Storage,NA-W,Online,Consumer,Uma Okafor,7,227.16,0.15,1351.6,1124.55,Shipped
ORD-101256,2023-07-30,SKU-1022,Monitors,UKI,Direct,Consumer,Rania Kaur,1,296.21,0,296.21,195.26,Shipped
ORD-101705,2023-07-30,SKU-1118,Accessories,APAC-S,Online,Mid-Market,Petra Ibrahim,28,143.1,0.25,3005.1,1613.92,Shipped
ORD-104136,2023-07-30,SKU-1081,Storage,APAC-S,Online,Mid-Market,Bao Alvarez,3,427.43,0.05,1218.18,887.34,Shipped
ORD-104138,2023-07-30,SKU-1091,Storage,NA-E,Partner,SMB,Thea Delgado,1,949.67,0,949.67,699.51,Shipped
ORD-100205,2023-07-31,SKU-1104,Accessories,UKI,Online,SMB,Adaeze Marchetti,4,40.52,0.2,129.66,77.36,Shipped
ORD-100368,2023-07-31,SKU-1028,Monitors,NORDIC,Online,Mid-Market,Zara Fontaine,1,1296.45,0,1296.45,836.57,Shipped
ORD-101648,2023-07-31,SKU-1040,Monitors,APAC-N,Direct,SMB,Thea Ibrahim,6,519.33,0.1,2804.38,2068.38,Shipped
ORD-103523,2023-07-31,SKU-1041,Peripherals,UKI,Online,SMB,Sana Lindqvist,1,371.64,0.1,334.48,211.27,Shipped
ORD-103579,2023-07-31,SKU-1067,Networking,DACH,Retail,Mid-Market,Ada Vargas,23,254.78,0.15,4980.95,3536.48,Pending
ORD-103655,2023-07-31,SKU-1032,Monitors,NA-W,Online,Mid-Market,Rosa Weber,1,929.07,0,929.07,585.49,Shipped
ORD-103890,2023-07-31,SKU-1113,Accessories,NA-E,Retail,Mid-Market,Adaeze Marchetti,5,23.87,0.15,101.45,52.25,Shipped
ORD-103928,2023-07-31,SKU-1069,Networking,NORDIC,Direct,SMB,Rosa Weber,1,640.52,0,640.52,390.62,Returned
ORD-103990,2023-07-31,SKU-1090,Storage,NA-E,Online,Enterprise,Malik Kowalski,3,853.08,0,2559.24,1690.02,Shipped
ORD-104757,2023-07-31,SKU-1094,Storage,NA-E,Online,Enterprise,Nikolai Jensen,4,321.11,0.05,1220.22,899.56,Shipped
ORD-101645,2023-08-01,SKU-1043,Peripherals,NA-E,Direct,Mid-Market,Emeka Weber,3,212.9,0.2,510.96,339.45,Pending
ORD-102466,2023-08-01,SKU-1058,Peripherals,DACH,Direct,SMB,Elena Laurent,3,410.18,0,1230.54,665.61,Shipped
ORD-100692,2023-08-02,SKU-1049,Peripherals,APAC-N,Partner,SMB,Zara Sorensen,2,426.32,0.25,639.48,462.22,Shipped
ORD-101294,2023-08-02,SKU-1050,Peripherals,APAC-S,Direct,SMB,Chen Iversen,14,335.4,0,4695.6,2655.66,Shipped
ORD-101966,2023-08-02,SKU-1036,Monitors,NA-E,Direct,Consumer,Emeka Lindqvist,8,1180.66,0.2,7556.22,6138.64,Pending
ORD-103173,2023-08-02,SKU-1078,Networking,UKI,Online,Mid-Market,Greta Haddad,2,981.51,0,1963.02,1166.1,Returned
ORD-101784,2023-08-03,SKU-1028,Monitors,NA-E,Partner,Enterprise,Adaeze Marchetti,6,1296.45,0,7778.7,5019.42,Shipped
ORD-101874,2023-08-03,SKU-1034,Monitors,NA-W,Online,Consumer,Fatima Dahl,1,511.32,0.05,485.75,315.72,Shipped
ORD-104646,2023-08-03,SKU-1021,Monitors,UKI,Online,SMB,Fatima Iversen,2,444.75,0,889.5,606.32,Shipped
ORD-100164,2023-08-04,SKU-1025,Monitors,DACH,Online,Mid-Market,Petra Ibrahim,1,577.77,0,577.77,398.01,Shipped
ORD-101269,2023-08-04,SKU-1031,Monitors,APAC-S,Direct,Mid-Market,Uma Okafor,1,953.0,0,953.0,667.83,Shipped
ORD-101685,2023-08-04,SKU-1063,Networking,NA-E,Retail,Mid-Market,Paulo Carvalho,1,935.12,0,935.12,601.78,Pending
ORD-102816,2023-08-04,SKU-1035,Monitors,NA-E,Online,SMB,Thea Delgado,2,1114.67,0,2229.34,1526.02,Returned
ORD-104350,2023-08-04,SKU-1073,Networking,UKI,Direct,Enterprise,Thea Delgado,2,347.65,0.15,591.0,452.84,Returned
ORD-100984,2023-08-05,SKU-1003,Laptops,APAC-S,Partner,Mid-Market,Adaeze Marchetti,1,2349.75,0.25,1762.31,1512.37,Shipped
ORD-101511,2023-08-05,SKU-1090,Storage,UKI,Online,Enterprise,Thea Ibrahim,2,853.08,0.15,1450.24,1126.68,Returned
ORD-101891,2023-08-05,SKU-1085,Storage,NA-E,Direct,SMB,Emeka Lindqvist,2,163.55,0.15,278.04,246.76,Shipped
ORD-103145,2023-08-05,SKU-1096,Storage,DACH,Direct,Enterprise,Thea Delgado,1,924.54,0,924.54,664.98,Shipped
ORD-103547,2023-08-05,SKU-1081,Storage,LATAM,Partner,Mid-Market,Zara Sorensen,3,427.43,0,1282.29,887.34,Shipped
ORD-100562,2023-08-06,SKU-1074,Networking,NA-W,Online,SMB,Petra Ibrahim,1,192.25,0.2,153.8,120.87,Shipped
ORD-100655,2023-08-06,SKU-1113,Accessories,NA-E,Retail,Enterprise,Kwame Abara,1,23.87,0,23.87,10.45,Shipped
ORD-101169,2023-08-06,SKU-1080,Networking,UKI,Online,SMB,Chen Iversen,1,788.65,0.25,591.49,516.63,Shipped
ORD-102854,2023-08-06,SKU-1031,Monitors,DACH,Direct,Consumer,Yusuf Mbeki,3,953.0,0.15,2430.15,2003.49,Shipped
ORD-103454,2023-08-06,SKU-1113,Accessories,APAC-N,Online,SMB,Fatima Bennett,2,23.87,0.15,40.58,20.9,Shipped
ORD-103604,2023-08-06,SKU-1043,Peripherals,NA-W,Online,Consumer,Nadia Kowalski,3,212.9,0.2,510.96,339.45,Shipped
ORD-104652,2023-08-06,SKU-1055,Peripherals,NA-E,Retail,SMB,Thea Zhang,1,77.77,0.1,69.99,39.18,Returned
ORD-104746,2023-08-06,SKU-1098,Storage,NA-W,Direct,Enterprise,Adaeze Marchetti,2,587.94,0,1175.88,814.34,Shipped
ORD-101022,2023-08-07,SKU-1005,Laptops,NA-E,Online,SMB,Elena Kaur,4,1611.9,0.15,5480.46,4129.16,Shipped
ORD-101517,2023-08-07,SKU-1070,Networking,LATAM,Online,SMB,Viktor Zhang,1,1052.94,0.05,1000.29,630.08,Shipped
ORD-101955,2023-08-07,SKU-1059,Peripherals,NA-E,Direct,Consumer,Wei Tanaka,4,294.39,0.15,1000.93,579.32,Shipped
ORD-100584,2023-08-08,SKU-1102,Accessories,UKI,Partner,SMB,Emeka Weber,1,198.44,0,198.44,92.26,Pending
ORD-101476,2023-08-08,SKU-1030,Monitors,APAC-S,Partner,Enterprise,Adaeze Marchetti,3,756.24,0.15,1928.41,1566.6,Shipped
ORD-102520,2023-08-08,SKU-1044,Peripherals,NA-E,Partner,Mid-Market,Wei Tanaka,7,42.05,0.15,250.2,148.96,Shipped
ORD-102710,2023-08-08,SKU-1023,Monitors,LATAM,Direct,Enterprise,Emeka Lindqvist,1,1366.21,0.05,1297.9,898.81,Shipped
ORD-104141,2023-08-08,SKU-1044,Peripherals,LATAM,Online,Mid-Market,Elena Laurent,6,42.05,0.05,239.68,127.68,Shipped
ORD-100008,2023-08-09,SKU-1116,Accessories,APAC-S,Online,Consumer,Amara Dahl,5,147.71,0.2,590.84,362.65,Shipped
ORD-100695,2023-08-09,SKU-1034,Monitors,UKI,Partner,SMB,Paulo Carvalho,5,511.32,0.05,2428.77,1578.6,Pending
ORD-102450,2023-08-09,SKU-1115,Accessories,NA-W,Online,SMB,Darius Kaur,1,201.56,0.2,161.25,95.86,Returned
ORD-102732,2023-08-09,SKU-1016,Laptops,DACH,Partner,Consumer,Nikolai Jensen,2,3292.27,0.25,4938.4,4456.08,Pending
ORD-102955,2023-08-09,SKU-1104,Accessories,UKI,Partner,SMB,Sana Lindqvist,1,40.52,0.15,34.44,19.34,Pending
ORD-104459,2023-08-09,SKU-1022,Monitors,UKI,Partner,Mid-Market,Uma Sandoval,2,296.21,0.2,473.94,390.52,Shipped
ORD-100673,2023-08-10,SKU-1036,Monitors,UKI,Direct,Consumer,Malik Andersen,7,1180.66,0.05,7851.39,5371.31,Shipped
ORD-103260,2023-08-10,SKU-1033,Monitors,APAC-S,Direct,Enterprise,Rania Kaur,1,617.73,0,617.73,400.25,Shipped
ORD-103830,2023-08-10,SKU-1034,Monitors,NORDIC,Direct,SMB,Viktor Zhang,9,511.32,0,4601.88,2841.48,Pending
ORD-103997,2023-08-10,SKU-1057,Peripherals,LATAM,Direct,SMB,Chen Iversen,5,457.5,0,2287.5,1142.65,Shipped
ORD-100631,2023-08-11,SKU-1102,Accessories,APAC-N,Direct,SMB,Nadia Kowalski,1,198.44,0.05,188.52,92.26,Shipped
ORD-100882,2023-08-11,SKU-1065,Networking,DACH,Online,SMB,Rania Kaur,5,417.19,0,2085.95,1196.2,Returned
ORD-103588,2023-08-11,SKU-1042,Peripherals,NA-E,Online,Enterprise,Bao Kaur,19,84.72,0.25,1207.26,883.69,Shipped
ORD-103799,2023-08-11,SKU-1015,Laptops,APAC-S,Direct,Consumer,Ada Zimmerman,1,1315.81,0,1315.81,924.69,Pending
ORD-103837,2023-08-11,SKU-1043,Peripherals,APAC-S,Online,Mid-Market,Amara Dahl,6,212.9,0.1,1149.66,678.9,Pending
ORD-103952,2023-08-11,SKU-1031,Monitors,APAC-S,Direct,Mid-Market,Rosa Weber,3,953.0,0.25,2144.25,2003.49,Returned
ORD-104781,2023-08-11,SKU-1109,Accessories,NA-W,Online,Mid-Market,Sana Lindqvist,2,131.89,0,263.78,118.86,Pending
ORD-100179,2023-08-12,SKU-1073,Networking,NA-E,Online,Mid-Market,Fatima Iversen,2,347.65,0.25,521.47,452.84,Shipped
ORD-100804,2023-08-12,SKU-1037,Monitors,UKI,Direct,Mid-Market,Rania Eriksen,8,1230.78,0.05,9353.93,6261.52,Pending
ORD-101986,2023-08-12,SKU-1089,Storage,UKI,Online,Mid-Market,Darius Kaur,7,512.43,0.1,3228.31,2377.9,Returned
ORD-101251,2023-08-13,SKU-1114,Accessories,APAC-N,Direct,Mid-Market,Thea Ibrahim,1,150.14,0.05,142.63,72.47,Shipped
ORD-102286,2023-08-13,SKU-1061,Networking,DACH,Retail,Mid-Market,Hana Rossi,3,1191.4,0.25,2680.65,2087.97,Shipped
ORD-103250,2023-08-13,SKU-1087,Storage,NA-W,Online,Mid-Market,Petra Ibrahim,2,222.44,0,444.88,301.62,Shipped
ORD-100471,2023-08-14,SKU-1089,Storage,NA-E,Online,Enterprise,Thea Zhang,1,512.43,0,512.43,339.7,Shipped
ORD-101908,2023-08-14,SKU-1062,Networking,UKI,Partner,SMB,Bruno Zhang,5,864.38,0,4321.9,2708.45,Shipped
ORD-102326,2023-08-14,SKU-1089,Storage,NA-W,Partner,Consumer,Kwame Abara,1,512.43,0.2,409.94,339.7,Shipped
ORD-103007,2023-08-14,SKU-1031,Monitors,NA-E,Online,SMB,Uma Okafor,1,953.0,0.15,810.05,667.83,Returned
ORD-103099,2023-08-14,SKU-1005,Laptops,APAC-N,Online,SMB,Ivan Kaur,2,1611.9,0.05,3062.61,2064.58,Returned
ORD-104726,2023-08-14,SKU-1049,Peripherals,APAC-N,Partner,SMB,Sana Lindqvist,5,426.32,0.05,2025.02,1155.55,Shipped
ORD-100251,2023-08-15,SKU-1006,Laptops,NA-E,Partner,SMB,Elena Okafor,3,2229.97,0.25,5017.43,4451.49,Pending
ORD-101197,2023-08-15,SKU-1037,Monitors,NA-W,Retail,Enterprise,Rosa Weber,2,1230.78,0,2461.56,1565.38,Returned
ORD-102104,2023-08-15,SKU-1084,Storage,LATAM,Direct,Enterprise,Fatima Dahl,1,497.7,0.15,423.04,364.58,Shipped
ORD-102894,2023-08-15,SKU-1082,Storage,DACH,Online,SMB,Fatima Bennett,1,199.64,0.2,159.71,140.32,Shipped
ORD-100055,2023-08-16,SKU-1066,Networking,UKI,Direct,Consumer,Greta Haddad,7,491.43,0.2,2752.01,2013.83,Shipped
ORD-100135,2023-08-16,SKU-1009,Laptops,UKI,Direct,Mid-Market,Fatima Iversen,2,3341.5,0,6683.0,4637.16,Shipped
ORD-102412,2023-08-16,SKU-1117,Accessories,NA-E,Online,Consumer,Ada Vargas,2,127.94,0.15,217.5,111.66,Pending
ORD-102802,2023-08-16,SKU-1006,Laptops,NA-W,Online,Mid-Market,Uma Okafor,2,2229.97,0.2,3567.95,2967.66,Shipped
ORD-100313,2023-08-17,SKU-1070,Networking,NA-W,Direct,Enterprise,Yusuf Mbeki,1,1052.94,0.05,1000.29,630.08,Shipped
ORD-100473,2023-08-17,SKU-1073,Networking,APAC-S,Retail,SMB,Ada Vargas,4,347.65,0,1390.6,905.68,Shipped
ORD-103210,2023-08-17,SKU-1031,Monitors,NA-W,Direct,Consumer,Yusuf Fontaine,4,953.0,0,3812.0,2671.32,Shipped
ORD-104118,2023-08-17,SKU-1061,Networking,NA-E,Direct,SMB,Kwame Abara,1,1191.4,0.15,1012.69,695.99,Pending
ORD-104766,2023-08-17,SKU-1111,Accessories,UKI,Partner,SMB,Bao Alvarez,7,118.52,0.2,663.71,354.69,Shipped
ORD-100102,2023-08-18,SKU-1021,Monitors,DACH,Retail,Mid-Market,Darius Kaur,1,444.75,0.25,333.56,303.16,Shipped
ORD-100268,2023-08-18,SKU-1073,Networking,LATAM,Direct,Enterprise,Yusuf Mbeki,1,347.65,0.15,295.5,226.42,Shipped
ORD-103597,2023-08-18,SKU-1100,Storage,NA-W,Partner,SMB,Uma Okafor,53,754.71,0.15,33999.69,26492.58,Returned
ORD-103795,2023-08-18,SKU-1108,Accessories,APAC-S,Online,SMB,Yusuf Fontaine,1,111.01,0.05,105.46,47.94,Pending
ORD-104323,2023-08-18,SKU-1081,Storage,NA-E,Online,Mid-Market,Thea Delgado,23,427.43,0.2,7864.71,6802.94,Shipped
ORD-100426,2023-08-19,SKU-1039,Monitors,NA-E,Partner,SMB,Bao Alvarez,9,1201.03,0,10809.27,6733.17,Pending
ORD-104869,2023-08-19,SKU-1080,Networking,NA-E,Partner,Mid-Market,Zara Fontaine,3,788.65,0,2365.95,1549.89,Shipped
ORD-100729,2023-08-20,SKU-1115,Accessories,APAC-S,Partner,Enterprise,Uma Sandoval,1,201.56,0.05,191.48,95.86,Shipped
ORD-100839,2023-08-20,SKU-1071,Networking,NA-W,Direct,Enterprise,Viktor Zhang,1,827.39,0.15,703.28,528.71,Pending
ORD-102320,2023-08-20,SKU-1007,Laptops,NA-E,Direct,Mid-Market,Elena Laurent,4,1513.38,0.15,5145.49,4246.96,Returned
ORD-102495,2023-08-20,SKU-1001,Laptops,NA-E,Direct,SMB,Yusuf Mbeki,3,1590.48,0.2,3817.15,3366.18,Shipped
ORD-102582,2023-08-20,SKU-1050,Peripherals,NA-E,Direct,Enterprise,Malik Kowalski,2,335.4,0.15,570.18,379.38,Shipped
ORD-104149,2023-08-20,SKU-1013,Laptops,NA-E,Retail,SMB,Rania Kaur,1,2073.19,0,2073.19,1390.65,Shipped
ORD-104666,2023-08-20,SKU-1033,Monitors,APAC-N,Partner,Mid-Market,Malik Eriksen,1,617.73,0.1,555.96,400.25,Pending
ORD-100689,2023-08-21,SKU-1003,Laptops,DACH,Online,Enterprise,Ada Singh,3,2349.75,0,7049.25,4537.11,Pending
ORD-103755,2023-08-21,SKU-1036,Monitors,NORDIC,Partner,SMB,Ada Zimmerman,3,1180.66,0.2,2833.58,2301.99,Shipped
ORD-100599,2023-08-22,SKU-1020,Laptops,UKI,Online,SMB,Fatima Bennett,2,3674.26,0.1,6613.67,4781.44,Shipped
ORD-102013,2023-08-22,SKU-1104,Accessories,NA-W,Partner,Enterprise,Viktor Zhang,1,40.52,0.25,30.39,19.34,Returned
ORD-103106,2023-08-22,SKU-1037,Monitors,NA-W,Direct,Mid-Market,Uma Sandoval,6,1230.78,0,7384.68,4696.14,Shipped
ORD-104097,2023-08-22,SKU-1043,Peripherals,NA-E,Direct,Mid-Market,Uma Okafor,5,212.9,0.25,798.38,565.75,Pending
ORD-104554,2023-08-22,SKU-1032,Monitors,NA-E,Direct,Enterprise,Yara Eriksen,3,929.07,0,2787.21,1756.47,Shipped
ORD-100369,2023-08-23,SKU-1118,Accessories,NORDIC,Direct,Mid-Market,Sana Lindqvist,1,143.1,0,143.1,57.64,Shipped
ORD-100768,2023-08-23,SKU-1074,Networking,APAC-N,Direct,Enterprise,Thea Delgado,2,192.25,0.15,326.82,241.74,Shipped
ORD-103535,2023-08-23,SKU-1094,Storage,APAC-N,Online,SMB,Wei Tanaka,2,321.11,0.25,481.67,449.78,Shipped
ORD-101861,2023-08-24,SKU-1063,Networking,NA-E,Online,Enterprise,Ada Singh,4,935.12,0.1,3366.43,2407.12,Returned
ORD-103698,2023-08-24,SKU-1025,Monitors,DACH,Retail,Mid-Market,Bao Kaur,4,577.77,0.2,1848.86,1592.04,Shipped
ORD-104523,2023-08-24,SKU-1085,Storage,DACH,Partner,Mid-Market,Elena Laurent,1,163.55,0.15,139.02,123.38,Shipped
ORD-101307,2023-08-25,SKU-1106,Accessories,NA-E,Direct,Enterprise,Nikolai Jensen,6,179.48,0.2,861.5,488.22,Shipped
ORD-101401,2023-08-25,SKU-1096,Storage,DACH,Partner,SMB,Ada Vargas,2,924.54,0,1849.08,1329.96,Shipped
ORD-103069,2023-08-25,SKU-1043,Peripherals,LATAM,Direct,SMB,Rania Eriksen,5,212.9,0.05,1011.27,565.75,Shipped
ORD-103316,2023-08-25,SKU-1002,Laptops,NORDIC,Direct,Consumer,Nikolai Jensen,3,3368.08,0.25,7578.18,6899.19,Shipped
ORD-103495,2023-08-25,SKU-1012,Laptops,NA-E,Partner,Mid-Market,Bao Alvarez,1,3047.46,0,3047.46,2102.39,Shipped
ORD-100970,2023-08-26,SKU-1100,Storage,NA-W,Direct,Mid-Market,Elena Laurent,4,754.71,0,3018.84,1999.44,Shipped
ORD-101140,2023-08-26,SKU-1001,Laptops,UKI,Online,SMB,Fatima Iversen,1,1590.48,0,1590.48,1122.06,Pending
ORD-102157,2023-08-26,SKU-1014,Laptops,NA-W,Direct,Enterprise,Viktor Zhang,2,1949.83,0.25,2924.74,2643.02,Pending
ORD-102934,2023-08-26,SKU-1099,Storage,NA-E,Direct,Mid-Market,Paulo Carvalho,2,881.67,0.05,1675.17,1187.78,Pending
ORD-103014,2023-08-26,SKU-1020,Laptops,LATAM,Partner,SMB,Elena Laurent,3,3674.26,0,11022.78,7172.16,Shipped
ORD-104187,2023-08-26,SKU-1064,Networking,NA-E,Retail,SMB,Fatima Iversen,1,2008.03,0,2008.03,1218.2,Shipped
ORD-100504,2023-08-27,SKU-1119,Accessories,DACH,Direct,Enterprise,Adaeze Marchetti,1,84.73,0.05,80.49,41.56,Shipped
ORD-102087,2023-08-27,SKU-1048,Peripherals,NA-W,Retail,Mid-Market,Wei Tanaka,10,405.97,0.1,3653.73,2006.4,Shipped
ORD-102311,2023-08-27,SKU-1108,Accessories,NA-E,Direct,SMB,Amara Dahl,9,111.01,0.05,949.14,431.46,Shipped
ORD-102740,2023-08-27,SKU-1075,Networking,DACH,Online,Mid-Market,Zara Fontaine,2,1273.44,0.1,2292.19,1473.74,Shipped
ORD-103402,2023-08-27,SKU-1109,Accessories,NA-W,Retail,SMB,Adaeze Marchetti,6,131.89,0.05,751.77,356.58,Shipped
ORD-103701,2023-08-27,SKU-1063,Networking,APAC-S,Online,Consumer,Rania Kaur,2,935.12,0,1870.24,1203.56,Returned
ORD-104451,2023-08-27,SKU-1079,Networking,UKI,Partner,Consumer,Hana Rossi,2,453.79,0,907.58,573.52,Shipped
ORD-104645,2023-08-27,SKU-1086,Storage,APAC-N,Online,SMB,Amara Dahl,2,1066.03,0.2,1705.65,1412.88,Shipped
ORD-100897,2023-08-28,SKU-1056,Peripherals,NA-W,Online,Mid-Market,Emeka Weber,1,45.14,0.05,42.88,22.62,Pending
ORD-103035,2023-08-28,SKU-1026,Monitors,APAC-S,Online,Mid-Market,Thea Delgado,1,371.18,0.15,315.5,254.02,Pending
ORD-100852,2023-08-29,SKU-1072,Networking,UKI,Direct,Enterprise,Paulo Carvalho,5,593.71,0.25,2226.41,1857.4,Pending
ORD-101262,2023-08-29,SKU-1006,Laptops,NA-E,Partner,Enterprise,Rosa Marchetti,2,2229.97,0.25,3344.95,2967.66,Shipped
ORD-101281,2023-08-29,SKU-1014,Laptops,NA-W,Direct,Mid-Market,Ada Singh,3,1949.83,0.05,5557.02,3964.53,Shipped
ORD-102224,2023-08-29,SKU-1103,Accessories,NORDIC,Direct,Mid-Market,Thea Zhang,9,198.1,0.1,1604.61,776.7,Shipped
ORD-103365,2023-08-29,SKU-1115,Accessories,UKI,Retail,Consumer,Rania Kaur,13,201.56,0.05,2489.27,1246.18,Shipped
ORD-100352,2023-08-30,SKU-1005,Laptops,NA-W,Direct,Enterprise,Malik Kowalski,1,1611.9,0,1611.9,1032.29,Shipped
ORD-104506,2023-08-30,SKU-1009,Laptops,NA-E,Partner,Mid-Market,Rosa Marchetti,4,3341.5,0.1,12029.4,9274.32,Shipped
ORD-101290,2023-08-31,SKU-1078,Networking,NA-W,Direct,Enterprise,Paulo Carvalho,6,981.51,0.2,4711.25,3498.3,Returned
ORD-102921,2023-08-31,SKU-1052,Peripherals,APAC-N,Online,SMB,Amara Dahl,1,310.49,0,310.49,159.28,Returned
ORD-102954,2023-08-31,SKU-1115,Accessories,DACH,Direct,SMB,Viktor Zhang,9,201.56,0.05,1723.34,862.74,Shipped
ORD-100585,2023-09-01,SKU-1099,Storage,NA-E,Partner,SMB,Yusuf Fontaine,7,881.67,0.1,5554.52,4157.23,Shipped
ORD-103200,2023-09-01,SKU-1018,Laptops,UKI,Online,Enterprise,Kwame Abara,4,2719.05,0,10876.2,7095.88,Returned
ORD-103636,2023-09-01,SKU-1022,Monitors,NA-W,Partner,Mid-Market,Viktor Zhang,3,296.21,0.25,666.47,585.78,Shipped
ORD-101739,2023-09-02,SKU-1115,Accessories,UKI,Online,Consumer,Amara Dahl,1,201.56,0.15,171.33,95.86,Shipped
ORD-102402,2023-09-02,SKU-1028,Monitors,NA-E,Online,Enterprise,Sana Lindqvist,5,1296.45,0.05,6158.14,4182.85,Shipped
ORD-103561,2023-09-02,SKU-1071,Networking,UKI,Direct,SMB,Malik Kowalski,4,827.39,0.15,2813.13,2114.84,Shipped
ORD-100093,2023-09-03,SKU-1032,Monitors,UKI,Retail,Mid-Market,Bruno Zhang,2,929.07,0.05,1765.23,1170.98,Shipped
ORD-100869,2023-09-03,SKU-1066,Networking,LATAM,Retail,Mid-Market,Thea Ibrahim,11,491.43,0.2,4324.58,3164.59,Returned
ORD-102470,2023-09-03,SKU-1030,Monitors,NA-W,Online,SMB,Zara Sorensen,1,756.24,0.05,718.43,522.2,Pending
ORD-103812,2023-09-03,SKU-1045,Peripherals,UKI,Direct,Mid-Market,Ada Singh,1,388.64,0.05,369.21,208.79,Returned
ORD-104340,2023-09-03,SKU-1113,Accessories,LATAM,Retail,SMB,Rosa Marchetti,2,23.87,0,47.74,20.9,Shipped
ORD-104374,2023-09-03,SKU-1049,Peripherals,NA-E,Partner,SMB,Fatima Dahl,2,426.32,0.15,724.74,462.22,Shipped
ORD-104163,2023-09-04,SKU-1076,Networking,NA-E,Direct,SMB,Emeka Lindqvist,4,1719.15,0.25,5157.45,4117.12,Shipped
ORD-104193,2023-09-04,SKU-1103,Accessories,NA-W,Online,Mid-Market,Yara Eriksen,8,198.1,0.15,1347.08,690.4,Shipped
ORD-100280,2023-09-05,SKU-1111,Accessories,NA-E,Partner,Enterprise,Uma Sandoval,1,118.52,0.15,100.74,50.67,Returned
ORD-100641,2023-09-05,SKU-1093,Storage,NA-E,Direct,SMB,Nadia Kowalski,6,856.06,0.15,4365.91,3769.68,Shipped
ORD-100223,2023-09-06,SKU-1065,Networking,NA-E,Online,Enterprise,Ada Singh,1,417.19,0.15,354.61,239.24,Shipped
ORD-101424,2023-09-06,SKU-1060,Peripherals,UKI,Online,Mid-Market,Fatima Dahl,1,299.52,0.1,269.57,169.65,Shipped
ORD-104223,2023-09-06,SKU-1113,Accessories,NA-E,Partner,SMB,Sana Lindqvist,11,23.87,0.25,196.93,114.95,Shipped
ORD-100068,2023-09-07,SKU-1010,Laptops,LATAM,Partner,Consumer,Thea Ibrahim,6,1514.87,0.2,7271.38,6541.38,Shipped
ORD-100185,2023-09-07,SKU-1041,Peripherals,NA-W,Partner,Mid-Market,Uma Sandoval,7,371.64,0,2601.48,1478.89,Shipped
ORD-100050,2023-09-08,SKU-1115,Accessories,NA-E,Partner,Mid-Market,Ada Singh,11,201.56,0.2,1773.73,1054.46,Shipped
ORD-100207,2023-09-08,SKU-1050,Peripherals,UKI,Direct,Mid-Market,Malik Andersen,2,335.4,0.25,503.1,379.38,Shipped
ORD-102342,2023-09-08,SKU-1039,Monitors,NA-W,Partner,Enterprise,Thea Ibrahim,1,1201.03,0,1201.03,748.13,Shipped
ORD-103856,2023-09-08,SKU-1113,Accessories,NA-W,Retail,Enterprise,Adaeze Marchetti,2,23.87,0,47.74,20.9,Shipped
ORD-104396,2023-09-08,SKU-1078,Networking,APAC-N,Partner,Mid-Market,Elena Okafor,1,981.51,0.05,932.43,583.05,Returned
ORD-100182,2023-09-09,SKU-1063,Networking,APAC-S,Direct,Consumer,Ada Zimmerman,1,935.12,0.1,841.61,601.78,Shipped
ORD-102603,2023-09-09,SKU-1078,Networking,APAC-S,Partner,Mid-Market,Ada Singh,1,981.51,0.05,932.43,583.05,Shipped
ORD-103334,2023-09-09,SKU-1052,Peripherals,UKI,Direct,Mid-Market,Amara Dahl,4,310.49,0.05,1179.86,637.12,Returned
ORD-103903,2023-09-09,SKU-1053,Peripherals,NA-W,Partner,SMB,Zara Fontaine,1,417.51,0.15,354.88,216.56,Shipped
ORD-104262,2023-09-09,SKU-1066,Networking,NA-W,Direct,Enterprise,Ivan Kaur,1,491.43,0.05,466.86,287.69,Returned
ORD-101915,2023-09-10,SKU-1056,Peripherals,UKI,Direct,Enterprise,Elena Okafor,1,45.14,0.2,36.11,22.62,Shipped
ORD-103691,2023-09-10,SKU-1073,Networking,APAC-N,Online,Enterprise,Petra Ibrahim,5,347.65,0,1738.25,1132.1,Shipped
ORD-104256,2023-09-10,SKU-1064,Networking,NA-E,Online,Mid-Market,Rosa Marchetti,5,2008.03,0.2,8032.12,6091.0,Shipped
ORD-101378,2023-09-11,SKU-1101,Accessories,NA-E,Direct,Enterprise,Malik Eriksen,3,149.25,0.25,335.81,180.15,Returned
ORD-102059,2023-09-11,SKU-1089,Storage,DACH,Partner,Consumer,Darius Kaur,3,512.43,0.25,1152.97,1019.1,Returned
ORD-102857,2023-09-11,SKU-1093,Storage,NA-W,Direct,Consumer,Greta Haddad,20,856.06,0.05,16265.14,12565.6,Shipped
ORD-104089,2023-09-11,SKU-1008,Laptops,DACH,Partner,SMB,Yusuf Fontaine,19,2860.19,0,54343.61,37808.67,Returned
ORD-104286,2023-09-11,SKU-1039,Monitors,DACH,Partner,SMB,Viktor Zhang,1,1201.03,0.2,960.82,748.13,Shipped
ORD-101015,2023-09-12,SKU-1078,Networking,NA-E,Direct,Consumer,Emeka Weber,1,981.51,0,981.51,583.05,Shipped
ORD-102658,2023-09-12,SKU-1073,Networking,NA-E,Retail,SMB,Uma Sandoval,4,347.65,0.05,1321.07,905.68,Pending
ORD-101604,2023-09-13,SKU-1080,Networking,NORDIC,Partner,SMB,Rosa Marchetti,4,788.65,0.25,2365.95,2066.52,Returned
ORD-104158,2023-09-13,SKU-1051,Peripherals,LATAM,Partner,SMB,Yusuf Mbeki,10,311.03,0.25,2332.72,1781.8,Pending
ORD-102149,2023-09-14,SKU-1103,Accessories,NA-E,Online,Mid-Market,Rosa Marchetti,1,198.1,0,198.1,86.3,Shipped
ORD-103416,2023-09-14,SKU-1072,Networking,NA-E,Online,Enterprise,Uma Okafor,5,593.71,0.2,2374.84,1857.4,Pending
ORD-103750,2023-09-14,SKU-1028,Monitors,APAC-N,Partner,Mid-Market,Fatima Iversen,3,1296.45,0,3889.35,2509.71,Shipped
ORD-100158,2023-09-15,SKU-1119,Accessories,UKI,Partner,SMB,Ivan Kaur,1,84.73,0.25,63.55,41.56,Shipped
ORD-101694,2023-09-15,SKU-1080,Networking,NA-E,Retail,Enterprise,Zara Sorensen,2,788.65,0.1,1419.57,1033.26,Shipped
ORD-102085,2023-09-15,SKU-1008,Laptops,NA-E,Partner,Consumer,Ivan Kaur,5,2860.19,0.2,11440.76,9949.65,Shipped
ORD-102295,2023-09-15,SKU-1058,Peripherals,UKI,Online,Mid-Market,Adaeze Marchetti,3,410.18,0.05,1169.01,665.61,Pending
ORD-102766,2023-09-15,SKU-1001,Laptops,DACH,Online,Enterprise,Yusuf Fontaine,5,1590.48,0.1,7157.16,5610.3,Shipped
ORD-103729,2023-09-15,SKU-1036,Monitors,NA-W,Direct,Consumer,Thea Ibrahim,1,1180.66,0.2,944.53,767.33,Shipped
ORD-103800,2023-09-15,SKU-1056,Peripherals,LATAM,Partner,SMB,Ivan Kaur,2,45.14,0,90.28,45.24,Shipped
ORD-101393,2023-09-16,SKU-1058,Peripherals,APAC-N,Direct,SMB,Uma Sandoval,1,410.18,0.1,369.16,221.87,Pending
ORD-101704,2023-09-16,SKU-1050,Peripherals,NA-E,Partner,SMB,Ada Singh,3,335.4,0.25,754.65,569.07,Shipped
ORD-101994,2023-09-16,SKU-1010,Laptops,NA-W,Partner,SMB,Thea Delgado,17,1514.87,0.2,20602.23,18533.91,Shipped
ORD-103835,2023-09-17,SKU-1017,Laptops,DACH,Partner,Mid-Market,Yara Eriksen,6,3083.45,0.05,17575.66,13082.94,Shipped
ORD-104045,2023-09-17,SKU-1038,Monitors,NA-E,Direct,Enterprise,Malik Eriksen,1,829.48,0.05,788.01,554.33,Returned
ORD-104992,2023-09-17,SKU-1075,Networking,NA-E,Partner,Enterprise,Thea Delgado,1,1273.44,0.2,1018.75,736.87,Shipped
ORD-100533,2023-09-18,SKU-1065,Networking,NA-E,Direct,SMB,Yara Eriksen,1,417.19,0.15,354.61,239.24,Returned
ORD-102626,2023-09-18,SKU-1069,Networking,DACH,Direct,Enterprise,Ivan Kaur,5,640.52,0.15,2722.21,1953.1,Shipped
ORD-102983,2023-09-18,SKU-1057,Peripherals,DACH,Online,Mid-Market,Ada Zimmerman,5,457.5,0,2287.5,1142.65,Shipped
ORD-103855,2023-09-18,SKU-1031,Monitors,NA-E,Direct,Mid-Market,Adaeze Marchetti,4,953.0,0.05,3621.4,2671.32,Shipped
ORD-104841,2023-09-18,SKU-1035,Monitors,NA-W,Direct,SMB,Wei Tanaka,3,1114.67,0,3344.01,2289.03,Shipped
ORD-104956,2023-09-18,SKU-1024,Monitors,LATAM,Retail,SMB,Greta Haddad,1,340.87,0.1,306.78,221.59,Shipped
ORD-103001,2023-09-19,SKU-1044,Peripherals,NA-E,Retail,SMB,Thea Delgado,1,42.05,0.2,33.64,21.28,Shipped
ORD-103902,2023-09-19,SKU-1096,Storage,APAC-S,Retail,Mid-Market,Rania Kaur,2,924.54,0.25,1386.81,1329.96,Shipped
ORD-104214,2023-09-19,SKU-1029,Monitors,NA-W,Direct,SMB,Thea Ibrahim,4,438.72,0,1754.88,1149.68,Shipped
ORD-104932,2023-09-19,SKU-1029,Monitors,NA-W,Online,SMB,Rosa Marchetti,1,438.72,0,438.72,287.42,Pending
ORD-100242,2023-09-20,SKU-1001,Laptops,NA-W,Online,SMB,Amara Dahl,7,1590.48,0,11133.36,7854.42,Returned
ORD-102451,2023-09-20,SKU-1095,Storage,NA-W,Direct,Mid-Market,Malik Eriksen,4,537.52,0.15,1827.57,1540.68,Shipped
ORD-102644,2023-09-20,SKU-1081,Storage,NA-E,Partner,Consumer,Bao Alvarez,1,427.43,0.1,384.69,295.78,Pending
ORD-103166,2023-09-20,SKU-1024,Monitors,DACH,Direct,Mid-Market,Thea Delgado,2,340.87,0.2,545.39,443.18,Shipped
ORD-104826,2023-09-20,SKU-1035,Monitors,NA-W,Direct,Mid-Market,Elena Laurent,1,1114.67,0,1114.67,763.01,Shipped
ORD-100691,2023-09-21,SKU-1051,Peripherals,UKI,Direct,SMB,Bao Kaur,6,311.03,0,1866.18,1069.08,Shipped
ORD-102952,2023-09-21,SKU-1046,Peripherals,UKI,Online,Mid-Market,Emeka Lindqvist,3,291.02,0.15,742.1,447.87,Shipped
ORD-104025,2023-09-21,SKU-1016,Laptops,NA-E,Retail,SMB,Nikolai Jensen,1,3292.27,0.05,3127.66,2228.04,Shipped
ORD-100928,2023-09-22,SKU-1074,Networking,NA-W,Direct,SMB,Emeka Weber,2,192.25,0.05,365.27,241.74,Shipped
ORD-101285,2023-09-22,SKU-1010,Laptops,NA-E,Direct,Consumer,Thea Zhang,5,1514.87,0,7574.35,5451.15,Shipped
ORD-101454,2023-09-22,SKU-1072,Networking,DACH,Partner,Mid-Market,Ada Singh,4,593.71,0.2,1899.87,1485.92,Shipped
ORD-101489,2023-09-22,SKU-1095,Storage,NA-E,Partner,SMB,Nadia Kowalski,7,537.52,0.15,3198.24,2696.19,Shipped
ORD-101971,2023-09-22,SKU-1053,Peripherals,NA-E,Partner,Mid-Market,Uma Okafor,1,417.51,0,417.51,216.56,Returned
ORD-104353,2023-09-22,SKU-1043,Peripherals,NA-E,Partner,Mid-Market,Fatima Dahl,1,212.9,0.05,202.25,113.15,Shipped
ORD-100192,2023-09-23,SKU-1007,Laptops,DACH,Partner,Mid-Market,Viktor Zhang,2,1513.38,0,3026.76,2123.48,Pending
ORD-100389,2023-09-23,SKU-1031,Monitors,UKI,Online,Mid-Market,Paulo Carvalho,6,953.0,0,5718.0,4006.98,Shipped
ORD-100430,2023-09-23,SKU-1066,Networking,NA-E,Partner,Enterprise,Elena Okafor,1,491.43,0,491.43,287.69,Shipped
ORD-101885,2023-09-23,SKU-1069,Networking,NA-E,Direct,Mid-Market,Bruno Zhang,6,640.52,0.15,3266.65,2343.72,Shipped
ORD-102345,2023-09-23,SKU-1057,Peripherals,NA-E,Retail,Consumer,Fatima Iversen,3,457.5,0.1,1235.25,685.59,Shipped
ORD-102807,2023-09-23,SKU-1054,Peripherals,NA-W,Direct,Enterprise,Rosa Weber,5,210.36,0.05,999.21,522.95,Pending
ORD-103172,2023-09-23,SKU-1064,Networking,APAC-N,Direct,SMB,Elena Laurent,12,2008.03,0,24096.36,14618.4,Shipped
ORD-103602,2023-09-23,SKU-1059,Peripherals,NA-E,Partner,SMB,Emeka Lindqvist,1,294.39,0.05,279.67,144.83,Shipped
ORD-104356,2023-09-23,SKU-1044,Peripherals,NORDIC,Direct,SMB,Malik Kowalski,3,42.05,0.2,100.92,63.84,Shipped
ORD-100033,2023-09-24,SKU-1056,Peripherals,APAC-N,Online,Consumer,Emeka Lindqvist,2,45.14,0.05,85.77,45.24,Shipped
ORD-103443,2023-09-24,SKU-1091,Storage,NA-W,Direct,Mid-Market,Kwame Abara,1,949.67,0.1,854.7,699.51,Shipped
ORD-100048,2023-09-25,SKU-1066,Networking,NA-W,Online,Mid-Market,Elena Kaur,8,491.43,0.25,2948.58,2301.52,Returned
ORD-100841,2023-09-25,SKU-1032,Monitors,APAC-S,Partner,SMB,Bao Alvarez,8,929.07,0.15,6317.68,4683.92,Shipped
ORD-101791,2023-09-25,SKU-1120,Accessories,NA-W,Direct,Enterprise,Fatima Bennett,3,210.18,0.25,472.9,258.51,Shipped
ORD-101985,2023-09-25,SKU-1037,Monitors,NA-E,Direct,Mid-Market,Thea Ibrahim,1,1230.78,0.2,984.62,782.69,Pending
ORD-103756,2023-09-25,SKU-1087,Storage,APAC-N,Direct,Consumer,Yara Eriksen,2,222.44,0.05,422.64,301.62,Shipped
ORD-103814,2023-09-25,SKU-1088,Storage,NA-W,Direct,SMB,Fatima Bennett,1,601.62,0.05,571.54,433.93,Returned
ORD-103892,2023-09-25,SKU-1080,Networking,LATAM,Direct,SMB,Thea Delgado,19,788.65,0.1,13485.92,9815.97,Shipped
ORD-103945,2023-09-25,SKU-1104,Accessories,NA-E,Partner,Enterprise,Yusuf Fontaine,1,40.52,0.1,36.47,19.34,Shipped
ORD-104157,2023-09-25,SKU-1018,Laptops,APAC-N,Direct,Enterprise,Bao Alvarez,5,2719.05,0,13595.25,8869.85,Returned
ORD-104914,2023-09-25,SKU-1040,Monitors,LATAM,Direct,Mid-Market,Zara Sorensen,1,519.33,0.15,441.43,344.73,Returned
ORD-102765,2023-09-26,SKU-1118,Accessories,NA-W,Retail,Consumer,Emeka Lindqvist,1,143.1,0.05,135.94,57.64,Shipped
ORD-100226,2023-09-27,SKU-1013,Laptops,LATAM,Direct,Enterprise,Zara Fontaine,3,2073.19,0,6219.57,4171.95,Pending
ORD-100854,2023-09-27,SKU-1013,Laptops,NA-E,Online,Mid-Market,Thea Ibrahim,8,2073.19,0,16585.52,11125.2,Shipped
ORD-101684,2023-09-27,SKU-1082,Storage,APAC-S,Online,Mid-Market,Rosa Weber,4,199.64,0,798.56,561.28,Returned
ORD-102333,2023-09-27,SKU-1088,Storage,UKI,Online,Mid-Market,Yusuf Fontaine,4,601.62,0.25,1804.86,1735.72,Shipped
ORD-103414,2023-09-27,SKU-1022,Monitors,UKI,Partner,Mid-Market,Chen Iversen,3,296.21,0.05,844.2,585.78,Pending
ORD-103609,2023-09-27,SKU-1033,Monitors,NA-W,Online,SMB,Nikolai Jensen,1,617.73,0.05,586.84,400.25,Shipped
ORD-104849,2023-09-27,SKU-1012,Laptops,LATAM,Direct,SMB,Nikolai Jensen,1,3047.46,0.05,2895.09,2102.39,Shipped
ORD-100732,2023-09-28,SKU-1013,Laptops,LATAM,Partner,SMB,Hana Rossi,4,2073.19,0,8292.76,5562.6,Shipped
ORD-100965,2023-09-28,SKU-1043,Peripherals,NA-W,Retail,Mid-Market,Paulo Carvalho,3,212.9,0,638.7,339.45,Shipped
ORD-102396,2023-09-28,SKU-1093,Storage,NORDIC,Partner,Mid-Market,Fatima Bennett,4,856.06,0.25,2568.18,2513.12,Shipped
ORD-103522,2023-09-28,SKU-1092,Storage,NA-E,Online,Mid-Market,Ada Zimmerman,3,227.16,0.25,511.11,481.95,Pending
ORD-103891,2023-09-28,SKU-1110,Accessories,DACH,Retail,SMB,Uma Okafor,2,50.0,0.2,80.0,47.96,Pending
ORD-103937,2023-09-28,SKU-1060,Peripherals,NORDIC,Partner,Consumer,Yusuf Mbeki,2,299.52,0.15,509.18,339.3,Pending
ORD-104020,2023-09-28,SKU-1110,Accessories,APAC-S,Direct,Mid-Market,Ada Vargas,8,50.0,0.15,340.0,191.84,Shipped
ORD-104376,2023-09-28,SKU-1012,Laptops,NA-E,Partner,Consumer,Bao Alvarez,1,3047.46,0,3047.46,2102.39,Returned
ORD-100594,2023-09-29,SKU-1022,Monitors,APAC-S,Partner,Enterprise,Yusuf Fontaine,1,296.21,0.15,251.78,195.26,Pending
ORD-101125,2023-09-29,SKU-1033,Monitors,NA-E,Partner,Enterprise,Ivan Kaur,1,617.73,0.2,494.18,400.25,Shipped
ORD-101805,2023-09-29,SKU-1012,Laptops,APAC-N,Direct,Enterprise,Bao Alvarez,3,3047.46,0,9142.38,6307.17,Returned
ORD-102557,2023-09-29,SKU-1035,Monitors,NA-W,Online,Consumer,Ada Vargas,3,1114.67,0,3344.01,2289.03,Shipped
ORD-103744,2023-09-29,SKU-1106,Accessories,NA-W,Retail,Enterprise,Greta Haddad,1,179.48,0,179.48,81.37,Shipped
ORD-104043,2023-09-29,SKU-1015,Laptops,NA-E,Direct,SMB,Nikolai Jensen,5,1315.81,0.2,5263.24,4623.45,Pending
ORD-104745,2023-09-29,SKU-1067,Networking,NORDIC,Online,Mid-Market,Ada Vargas,1,254.78,0.05,242.04,153.76,Pending
ORD-101551,2023-09-30,SKU-1108,Accessories,NA-E,Direct,Enterprise,Malik Kowalski,1,111.01,0.2,88.81,47.94,Returned
ORD-101777,2023-09-30,SKU-1047,Peripherals,APAC-N,Direct,Mid-Market,Elena Laurent,3,240.32,0.05,684.91,379.74,Shipped
ORD-101674,2023-10-01,SKU-1079,Networking,UKI,Online,SMB,Fatima Iversen,1,453.79,0,453.79,286.76,Shipped
ORD-102631,2023-10-01,SKU-1100,Storage,LATAM,Online,SMB,Rania Eriksen,5,754.71,0.25,2830.16,2499.3,Shipped
ORD-103184,2023-10-01,SKU-1062,Networking,NA-W,Online,SMB,Chen Iversen,2,864.38,0,1728.76,1083.38,Shipped
ORD-103707,2023-10-01,SKU-1059,Peripherals,NA-W,Partner,Mid-Market,Viktor Zhang,3,294.39,0.25,662.38,434.49,Shipped
ORD-104009,2023-10-01,SKU-1113,Accessories,APAC-S,Online,Mid-Market,Rosa Marchetti,4,23.87,0,95.48,41.8,Pending
ORD-104439,2023-10-01,SKU-1027,Monitors,LATAM,Online,Mid-Market,Ada Singh,1,487.06,0,487.06,331.56,Returned
ORD-104955,2023-10-01,SKU-1053,Peripherals,NA-E,Direct,Mid-Market,Yara Eriksen,1,417.51,0.25,313.13,216.56,Shipped
ORD-100264,2023-10-02,SKU-1086,Storage,NA-E,Direct,Enterprise,Fatima Dahl,1,1066.03,0.15,906.13,706.44,Shipped
ORD-100578,2023-10-02,SKU-1039,Monitors,UKI,Online,SMB,Elena Okafor,3,1201.03,0,3603.09,2244.39,Shipped
ORD-102023,2023-10-02,SKU-1096,Storage,APAC-N,Partner,SMB,Elena Laurent,8,924.54,0.1,6656.69,5319.84,Shipped
ORD-103543,2023-10-02,SKU-1039,Monitors,UKI,Partner,Mid-Market,Sana Lindqvist,2,1201.03,0.15,2041.75,1496.26,Shipped
ORD-104362,2023-10-02,SKU-1057,Peripherals,UKI,Direct,Mid-Market,Rania Kaur,7,457.5,0.15,2722.12,1599.71,Pending
ORD-102070,2023-10-03,SKU-1076,Networking,APAC-S,Direct,Mid-Market,Wei Tanaka,5,1719.15,0,8595.75,5146.4,Shipped
ORD-103176,2023-10-03,SKU-1036,Monitors,NORDIC,Direct,Mid-Market,Petra Ibrahim,2,1180.66,0.15,2007.12,1534.66,Shipped
ORD-104910,2023-10-03,SKU-1031,Monitors,DACH,Partner,Enterprise,Paulo Carvalho,1,953.0,0.2,762.4,667.83,Pending
ORD-100995,2023-10-04,SKU-1082,Storage,NA-W,Direct,Consumer,Ada Zimmerman,6,199.64,0.05,1137.95,841.92,Shipped
ORD-101078,2023-10-04,SKU-1054,Peripherals,LATAM,Retail,SMB,Bao Alvarez,1,210.36,0,210.36,104.59,Pending
ORD-101141,2023-10-04,SKU-1038,Monitors,NA-E,Direct,Mid-Market,Elena Kaur,2,829.48,0.2,1327.17,1108.66,Shipped
ORD-104861,2023-10-04,SKU-1074,Networking,NA-W,Online,Enterprise,Amara Dahl,5,192.25,0.05,913.19,604.35,Returned
ORD-100120,2023-10-05,SKU-1045,Peripherals,NA-W,Retail,SMB,Malik Andersen,1,388.64,0,388.64,208.79,Shipped
ORD-100757,2023-10-05,SKU-1070,Networking,APAC-S,Partner,Mid-Market,Bao Alvarez,1,1052.94,0.15,895.0,630.08,Shipped
ORD-102492,2023-10-05,SKU-1071,Networking,DACH,Partner,SMB,Bao Kaur,1,827.39,0.25,620.54,528.71,Returned
ORD-102982,2023-10-05,SKU-1081,Storage,DACH,Direct,Consumer,Rosa Marchetti,1,427.43,0.15,363.32,295.78,Shipped
ORD-103207,2023-10-05,SKU-1099,Storage,UKI,Retail,SMB,Emeka Weber,4,881.67,0,3526.68,2375.56,Pending
ORD-102735,2023-10-06,SKU-1115,Accessories,APAC-N,Online,Mid-Market,Elena Okafor,2,201.56,0,403.12,191.72,Returned
ORD-102793,2023-10-06,SKU-1021,Monitors,NA-W,Partner,SMB,Ada Zimmerman,3,444.75,0.1,1200.83,909.48,Shipped
ORD-103318,2023-10-06,SKU-1076,Networking,UKI,Retail,Mid-Market,Ada Vargas,1,1719.15,0,1719.15,1029.28,Returned
ORD-103775,2023-10-06,SKU-1059,Peripherals,APAC-N,Direct,SMB,Darius Kaur,21,294.39,0.15,5254.86,3041.43,Shipped
ORD-100073,2023-10-07,SKU-1047,Peripherals,NA-E,Partner,Mid-Market,Darius Kaur,7,240.32,0.25,1261.68,886.06,Returned
ORD-100647,2023-10-07,SKU-1076,Networking,NA-E,Retail,Mid-Market,Paulo Carvalho,3,1719.15,0.05,4899.58,3087.84,Shipped
ORD-101896,2023-10-07,SKU-1096,Storage,DACH,Partner,Enterprise,Malik Andersen,4,924.54,0.05,3513.25,2659.92,Returned
ORD-102288,2023-10-07,SKU-1059,Peripherals,NA-W,Direct,Enterprise,Malik Kowalski,8,294.39,0,2355.12,1158.64,Shipped
ORD-102957,2023-10-07,SKU-1043,Peripherals,APAC-N,Partner,Consumer,Paulo Carvalho,3,212.9,0.2,510.96,339.45,Shipped
ORD-100169,2023-10-08,SKU-1031,Monitors,APAC-S,Online,Mid-Market,Ada Singh,1,953.0,0.1,857.7,667.83,Returned
ORD-100763,2023-10-08,SKU-1033,Monitors,LATAM,Partner,SMB,Thea Zhang,2,617.73,0.05,1173.69,800.5,Pending
ORD-100851,2023-10-08,SKU-1031,Monitors,UKI,Direct,Mid-Market,Malik Andersen,1,953.0,0.15,810.05,667.83,Shipped
ORD-102317,2023-10-08,SKU-1071,Networking,NA-E,Partner,Mid-Market,Ada Singh,2,827.39,0,1654.78,1057.42,Shipped
ORD-102909,2023-10-08,SKU-1070,Networking,LATAM,Partner,SMB,Elena Laurent,1,1052.94,0.05,1000.29,630.08,Shipped
ORD-103248,2023-10-08,SKU-1090,Storage,APAC-N,Partner,Consumer,Rania Eriksen,7,853.08,0.05,5672.98,3943.38,Pending
ORD-103536,2023-10-08,SKU-1075,Networking,NA-E,Direct,SMB,Chen Iversen,7,1273.44,0.25,6685.56,5158.09,Returned
ORD-103389,2023-10-09,SKU-1046,Peripherals,NORDIC,Partner,Mid-Market,Hana Rossi,4,291.02,0,1164.08,597.16,Shipped
ORD-104007,2023-10-09,SKU-1120,Accessories,APAC-S,Direct,SMB,Malik Eriksen,4,210.18,0.05,798.68,344.68,Shipped
ORD-100037,2023-10-10,SKU-1115,Accessories,NA-E,Retail,Mid-Market,Darius Kaur,1,201.56,0.1,181.4,95.86,Shipped
ORD-100042,2023-10-10,SKU-1004,Laptops,DACH,Partner,SMB,Fatima Bennett,3,3198.86,0.05,9116.75,6657.27,Shipped
ORD-100168,2023-10-10,SKU-1065,Networking,APAC-N,Direct,Mid-Market,Fatima Dahl,6,417.19,0,2503.14,1435.44,Shipped
ORD-100445,2023-10-10,SKU-1111,Accessories,UKI,Online,Mid-Market,Wei Tanaka,6,118.52,0,711.12,304.02,Shipped
ORD-101359,2023-10-10,SKU-1066,Networking,NA-E,Partner,Consumer,Emeka Weber,14,491.43,0.05,6536.02,4027.66,Shipped
ORD-101956,2023-10-10,SKU-1031,Monitors,LATAM,Direct,Consumer,Zara Sorensen,2,953.0,0,1906.0,1335.66,Shipped
ORD-102293,2023-10-10,SKU-1094,Storage,APAC-N,Partner,Mid-Market,Bruno Zhang,4,321.11,0.2,1027.55,899.56,Returned
ORD-102389,2023-10-10,SKU-1063,Networking,DACH,Partner,Mid-Market,Yusuf Fontaine,3,935.12,0.05,2665.09,1805.34,Pending
ORD-103224,2023-10-10,SKU-1023,Monitors,NA-E,Direct,SMB,Nadia Kowalski,4,1366.21,0.05,5191.6,3595.24,Returned
ORD-104126,2023-10-10,SKU-1099,Storage,DACH,Online,Enterprise,Rosa Weber,2,881.67,0,1763.34,1187.78,Shipped
ORD-101006,2023-10-11,SKU-1119,Accessories,NA-W,Retail,Mid-Market,Rania Eriksen,2,84.73,0.15,144.04,83.12,Shipped
ORD-101813,2023-10-11,SKU-1103,Accessories,NA-W,Direct,SMB,Nadia Kowalski,5,198.1,0,990.5,431.5,Shipped
ORD-104617,2023-10-11,SKU-1058,Peripherals,UKI,Partner,Consumer,Nadia Kowalski,10,410.18,0.05,3896.71,2218.7,Shipped
ORD-104728,2023-10-11,SKU-1066,Networking,NA-E,Direct,Mid-Market,Sana Lindqvist,1,491.43,0,491.43,287.69,Shipped
ORD-100010,2023-10-12,SKU-1106,Accessories,NA-E,Direct,SMB,Uma Sandoval,4,179.48,0.15,610.23,325.48,Shipped
ORD-101814,2023-10-12,SKU-1060,Peripherals,UKI,Direct,Mid-Market,Nadia Kowalski,8,299.52,0,2396.16,1357.2,Returned
ORD-103322,2023-10-12,SKU-1037,Monitors,NORDIC,Partner,Mid-Market,Uma Okafor,7,1230.78,0,8615.46,5478.83,Shipped
ORD-103898,2023-10-12,SKU-1062,Networking,APAC-S,Online,Enterprise,Elena Laurent,1,864.38,0.05,821.16,541.69,Shipped
ORD-104486,2023-10-12,SKU-1048,Peripherals,NA-W,Online,Enterprise,Nadia Kowalski,1,405.97,0.15,345.07,200.64,Shipped
ORD-104901,2023-10-12,SKU-1029,Monitors,NA-E,Direct,Mid-Market,Bao Alvarez,1,438.72,0,438.72,287.42,Shipped
ORD-104996,2023-10-12,SKU-1019,Laptops,NA-E,Online,Mid-Market,Elena Kaur,3,1704.93,0,5114.79,3526.41,Shipped
ORD-100170,2023-10-13,SKU-1118,Accessories,NA-E,Partner,SMB,Malik Kowalski,2,143.1,0.05,271.89,115.28,Shipped
ORD-101225,2023-10-13,SKU-1007,Laptops,DACH,Online,Mid-Market,Fatima Iversen,1,1513.38,0,1513.38,1061.74,Shipped
ORD-103189,2023-10-13,SKU-1018,Laptops,UKI,Retail,Enterprise,Thea Zhang,2,2719.05,0.15,4622.39,3547.94,Shipped
ORD-103580,2023-10-13,SKU-1002,Laptops,DACH,Partner,SMB,Yusuf Fontaine,3,3368.08,0.25,7578.18,6899.19,Returned
ORD-101498,2023-10-14,SKU-1058,Peripherals,NORDIC,Direct,SMB,Yusuf Mbeki,1,410.18,0.1,369.16,221.87,Pending
ORD-102252,2023-10-14,SKU-1085,Storage,NA-E,Partner,Consumer,Zara Fontaine,1,163.55,0,163.55,123.38,Shipped
ORD-104192,2023-10-14,SKU-1104,Accessories,NA-E,Online,Mid-Market,Sana Lindqvist,4,40.52,0.05,153.98,77.36,Shipped
ORD-102184,2023-10-15,SKU-1060,Peripherals,NA-W,Partner,Enterprise,Amara Dahl,3,299.52,0.05,853.63,508.95,Shipped
ORD-103223,2023-10-15,SKU-1056,Peripherals,APAC-N,Partner,SMB,Fatima Dahl,14,45.14,0.1,568.76,316.68,Shipped
ORD-103753,2023-10-15,SKU-1049,Peripherals,NA-E,Partner,SMB,Fatima Dahl,2,426.32,0.25,639.48,462.22,Returned
ORD-104741,2023-10-15,SKU-1091,Storage,NA-E,Direct,SMB,Adaeze Marchetti,25,949.67,0.25,17806.31,17487.75,Shipped
ORD-104825,2023-10-15,SKU-1106,Accessories,LATAM,Online,Mid-Market,Uma Okafor,2,179.48,0.25,269.22,162.74,Shipped
ORD-100373,2023-10-16,SKU-1038,Monitors,UKI,Online,SMB,Wei Tanaka,2,829.48,0.1,1493.06,1108.66,Shipped
ORD-100953,2023-10-16,SKU-1053,Peripherals,NA-E,Partner,Mid-Market,Ivan Kaur,2,417.51,0.05,793.27,433.12,Returned
ORD-101048,2023-10-16,SKU-1106,Accessories,APAC-S,Direct,Mid-Market,Darius Kaur,1,179.48,0.05,170.51,81.37,Shipped
ORD-101081,2023-10-16,SKU-1102,Accessories,UKI,Partner,Mid-Market,Fatima Dahl,1,198.44,0,198.44,92.26,Shipped
ORD-101912,2023-10-16,SKU-1103,Accessories,LATAM,Online,Mid-Market,Yara Eriksen,1,198.1,0,198.1,86.3,Pending
ORD-102713,2023-10-16,SKU-1031,Monitors,NA-E,Online,Consumer,Bao Kaur,1,953.0,0,953.0,667.83,Shipped
ORD-103927,2023-10-16,SKU-1061,Networking,NA-W,Retail,Mid-Market,Fatima Iversen,2,1191.4,0,2382.8,1391.98,Shipped
ORD-104238,2023-10-16,SKU-1036,Monitors,DACH,Direct,Enterprise,Thea Delgado,9,1180.66,0,10625.94,6905.97,Returned
ORD-104377,2023-10-16,SKU-1039,Monitors,NA-W,Direct,Mid-Market,Zara Fontaine,1,1201.03,0,1201.03,748.13,Shipped
ORD-104964,2023-10-16,SKU-1057,Peripherals,APAC-S,Direct,Enterprise,Rania Eriksen,8,457.5,0,3660.0,1828.24,Shipped
ORD-102400,2023-10-17,SKU-1018,Laptops,NA-E,Partner,SMB,Viktor Zhang,3,2719.05,0.05,7749.29,5321.91,Returned
ORD-104744,2023-10-17,SKU-1030,Monitors,NA-E,Online,Enterprise,Ada Vargas,1,756.24,0.05,718.43,522.2,Shipped
ORD-103153,2023-10-18,SKU-1074,Networking,LATAM,Partner,SMB,Emeka Lindqvist,7,192.25,0,1345.75,846.09,Shipped
ORD-104853,2023-10-18,SKU-1020,Laptops,NA-E,Retail,Mid-Market,Malik Eriksen,2,3674.26,0.05,6981.09,4781.44,Shipped
ORD-101274,2023-10-19,SKU-1015,Laptops,DACH,Direct,Mid-Market,Thea Zhang,16,1315.81,0,21052.96,14795.04,Pending
ORD-102437,2023-10-19,SKU-1077,Networking,LATAM,Partner,Enterprise,Darius Kaur,5,740.62,0.2,2962.48,2249.7,Shipped
ORD-102553,2023-10-19,SKU-1029,Monitors,NA-W,Partner,Mid-Market,Elena Laurent,9,438.72,0,3948.48,2586.78,Shipped
ORD-102965,2023-10-19,SKU-1036,Monitors,NA-W,Partner,SMB,Fatima Iversen,1,1180.66,0.1,1062.59,767.33,Shipped
ORD-103650,2023-10-19,SKU-1018,Laptops,UKI,Direct,Enterprise,Sana Lindqvist,1,2719.05,0.1,2447.15,1773.97,Shipped
ORD-104026,2023-10-19,SKU-1072,Networking,DACH,Partner,SMB,Yusuf Mbeki,3,593.71,0.25,1335.85,1114.44,Shipped
ORD-104705,2023-10-19,SKU-1108,Accessories,APAC-N,Direct,SMB,Greta Haddad,1,111.01,0.25,83.26,47.94,Shipped
ORD-100139,2023-10-20,SKU-1017,Laptops,NA-E,Partner,Enterprise,Zara Fontaine,1,3083.45,0.15,2620.93,2180.49,Shipped
ORD-102002,2023-10-20,SKU-1066,Networking,DACH,Retail,SMB,Fatima Iversen,5,491.43,0.25,1842.86,1438.45,Shipped
ORD-102803,2023-10-20,SKU-1106,Accessories,NA-W,Retail,SMB,Elena Laurent,3,179.48,0,538.44,244.11,Pending
ORD-103208,2023-10-20,SKU-1075,Networking,NA-E,Online,SMB,Uma Okafor,4,1273.44,0.2,4075.01,2947.48,Shipped
ORD-103494,2023-10-21,SKU-1081,Storage,APAC-N,Direct,Mid-Market,Emeka Weber,4,427.43,0.15,1453.26,1183.12,Shipped
ORD-103788,2023-10-21,SKU-1078,Networking,NA-E,Partner,Consumer,Yusuf Fontaine,4,981.51,0.15,3337.13,2332.2,Shipped
ORD-104716,2023-10-21,SKU-1009,Laptops,LATAM,Direct,Mid-Market,Emeka Lindqvist,1,3341.5,0.05,3174.42,2318.58,Returned
ORD-100947,2023-10-22,SKU-1009,Laptops,APAC-S,Direct,Mid-Market,Bao Alvarez,4,3341.5,0.15,11361.1,9274.32,Shipped
ORD-102455,2023-10-22,SKU-1023,Monitors,APAC-S,Partner,SMB,Rosa Marchetti,3,1366.21,0.25,3073.97,2696.43,Pending
ORD-102561,2023-10-22,SKU-1013,Laptops,NA-W,Online,Mid-Market,Petra Ibrahim,1,2073.19,0.25,1554.89,1390.65,Shipped
ORD-100078,2023-10-23,SKU-1098,Storage,APAC-N,Partner,Enterprise,Rosa Weber,3,587.94,0.25,1322.87,1221.51,Pending
ORD-100271,2023-10-23,SKU-1048,Peripherals,UKI,Partner,Mid-Market,Paulo Carvalho,7,405.97,0.1,2557.61,1404.48,Shipped
ORD-100791,2023-10-23,SKU-1007,Laptops,LATAM,Retail,Mid-Market,Zara Sorensen,3,1513.38,0,4540.14,3185.22,Returned
ORD-103880,2023-10-23,SKU-1100,Storage,NORDIC,Retail,SMB,Bao Kaur,4,754.71,0.15,2566.01,1999.44,Shipped
ORD-100662,2023-10-24,SKU-1026,Monitors,APAC-N,Direct,Enterprise,Thea Ibrahim,2,371.18,0.05,705.24,508.04,Shipped
ORD-101347,2023-10-24,SKU-1119,Accessories,NA-W,Partner,Mid-Market,Amara Dahl,4,84.73,0.25,254.19,166.24,Shipped
ORD-101598,2023-10-24,SKU-1023,Monitors,LATAM,Direct,Enterprise,Adaeze Marchetti,1,1366.21,0,1366.21,898.81,Shipped
ORD-102456,2023-10-24,SKU-1077,Networking,NA-E,Direct,Consumer,Thea Zhang,1,740.62,0,740.62,449.94,Returned
ORD-103285,2023-10-24,SKU-1060,Peripherals,APAC-N,Partner,SMB,Ivan Kaur,5,299.52,0,1497.6,848.25,Shipped
ORD-100058,2023-10-25,SKU-1033,Monitors,NA-W,Direct,Mid-Market,Wei Tanaka,2,617.73,0.05,1173.69,800.5,Shipped
ORD-100681,2023-10-25,SKU-1016,Laptops,NA-E,Retail,Mid-Market,Malik Andersen,1,3292.27,0,3292.27,2228.04,Shipped
ORD-101361,2023-10-25,SKU-1031,Monitors,NA-W,Partner,SMB,Elena Okafor,3,953.0,0.15,2430.15,2003.49,Shipped
ORD-101631,2023-10-25,SKU-1079,Networking,NA-E,Partner,Consumer,Petra Ibrahim,1,453.79,0.05,431.1,286.76,Returned
ORD-103288,2023-10-25,SKU-1049,Peripherals,NA-W,Direct,Mid-Market,Yusuf Mbeki,3,426.32,0,1278.96,693.33,Returned
ORD-104303,2023-10-25,SKU-1096,Storage,NORDIC,Direct,SMB,Fatima Bennett,1,924.54,0.15,785.86,664.98,Shipped
ORD-100666,2023-10-26,SKU-1041,Peripherals,APAC-S,Online,Mid-Market,Viktor Zhang,19,371.64,0.05,6708.1,4014.13,Shipped
ORD-100710,2023-10-26,SKU-1021,Monitors,NA-E,Retail,SMB,Ada Singh,3,444.75,0.1,1200.83,909.48,Shipped
ORD-100908,2023-10-26,SKU-1006,Laptops,DACH,Direct,SMB,Bao Alvarez,6,2229.97,0,13379.82,8902.98,Shipped
ORD-101720,2023-10-26,SKU-1012,Laptops,NA-W,Direct,Mid-Market,Uma Okafor,8,3047.46,0.2,19503.74,16819.12,Shipped
ORD-102840,2023-10-26,SKU-1060,Peripherals,UKI,Direct,Enterprise,Ada Singh,1,299.52,0,299.52,169.65,Shipped
ORD-103121,2023-10-26,SKU-1084,Storage,NA-E,Partner,Consumer,Thea Zhang,14,497.7,0,6967.8,5104.12,Shipped
ORD-103510,2023-10-26,SKU-1058,Peripherals,NA-E,Retail,Enterprise,Elena Okafor,1,410.18,0.1,369.16,221.87,Shipped
ORD-101795,2023-10-27,SKU-1088,Storage,APAC-S,Partner,Consumer,Rania Eriksen,1,601.62,0,601.62,433.93,Shipped
ORD-102000,2023-10-27,SKU-1092,Storage,NORDIC,Partner,Enterprise,Darius Kaur,1,227.16,0.05,215.8,160.65,Shipped
ORD-102474,2023-10-27,SKU-1025,Monitors,APAC-S,Direct,Enterprise,Nadia Kowalski,2,577.77,0.1,1039.99,796.02,Returned
ORD-102797,2023-10-27,SKU-1081,Storage,NA-W,Online,Mid-Market,Yara Eriksen,16,427.43,0.05,6496.94,4732.48,Shipped
ORD-104514,2023-10-27,SKU-1107,Accessories,NA-E,Partner,SMB,Viktor Zhang,7,92.86,0.15,552.52,264.04,Returned
ORD-100177,2023-10-28,SKU-1075,Networking,NA-E,Direct,Enterprise,Rania Kaur,4,1273.44,0,5093.76,2947.48,Shipped
ORD-100748,2023-10-28,SKU-1009,Laptops,UKI,Direct,Mid-Market,Ada Vargas,2,3341.5,0.2,5346.4,4637.16,Pending
ORD-101358,2023-10-28,SKU-1078,Networking,DACH,Online,SMB,Malik Kowalski,1,981.51,0.05,932.43,583.05,Shipped
ORD-103120,2023-10-28,SKU-1114,Accessories,UKI,Retail,Enterprise,Nikolai Jensen,2,150.14,0.25,225.21,144.94,Returned
ORD-103187,2023-10-28,SKU-1075,Networking,APAC-N,Partner,Enterprise,Bao Kaur,4,1273.44,0.1,4584.38,2947.48,Returned
ORD-103958,2023-10-28,SKU-1033,Monitors,DACH,Retail,SMB,Bao Kaur,5,617.73,0,3088.65,2001.25,Shipped
ORD-104977,2023-10-28,SKU-1013,Laptops,NA-W,Online,Mid-Market,Hana Rossi,1,2073.19,0,2073.19,1390.65,Pending
ORD-100167,2023-10-29,SKU-1087,Storage,NORDIC,Direct,SMB,Emeka Lindqvist,9,222.44,0,2001.96,1357.29,Shipped
ORD-100539,2023-10-29,SKU-1072,Networking,DACH,Direct,Enterprise,Emeka Weber,2,593.71,0.15,1009.31,742.96,Shipped
ORD-100682,2023-10-29,SKU-1096,Storage,UKI,Online,SMB,Malik Eriksen,1,924.54,0.05,878.31,664.98,Shipped
ORD-101948,2023-10-29,SKU-1081,Storage,UKI,Direct,Mid-Market,Kwame Abara,3,427.43,0.05,1218.18,887.34,Pending
ORD-103521,2023-10-29,SKU-1038,Monitors,LATAM,Online,Mid-Market,Uma Okafor,1,829.48,0.05,788.01,554.33,Shipped
ORD-104099,2023-10-29,SKU-1006,Laptops,NA-E,Online,Mid-Market,Sana Lindqvist,7,2229.97,0,15609.79,10386.81,Pending
ORD-104661,2023-10-29,SKU-1050,Peripherals,LATAM,Partner,SMB,Amara Dahl,1,335.4,0.1,301.86,189.69,Shipped
ORD-101112,2023-10-30,SKU-1042,Peripherals,APAC-S,Partner,SMB,Emeka Weber,1,84.72,0.05,80.48,46.51,Shipped
ORD-101161,2023-10-30,SKU-1071,Networking,UKI,Partner,Mid-Market,Uma Sandoval,8,827.39,0.05,6288.16,4229.68,Pending
ORD-102859,2023-10-30,SKU-1085,Storage,NA-E,Direct,Consumer,Adaeze Marchetti,4,163.55,0.15,556.07,493.52,Shipped
ORD-103104,2023-10-30,SKU-1033,Monitors,APAC-N,Direct,Enterprise,Yusuf Fontaine,2,617.73,0.05,1173.69,800.5,Shipped
ORD-101846,2023-10-31,SKU-1064,Networking,NA-W,Online,SMB,Yara Eriksen,2,2008.03,0.05,3815.26,2436.4,Shipped
ORD-103742,2023-10-31,SKU-1099,Storage,DACH,Direct,Enterprise,Uma Okafor,2,881.67,0,1763.34,1187.78,Shipped
ORD-103934,2023-10-31,SKU-1052,Peripherals,APAC-N,Retail,SMB,Thea Delgado,6,310.49,0,1862.94,955.68,Shipped
ORD-104878,2023-10-31,SKU-1083,Storage,NA-W,Direct,Mid-Market,Petra Ibrahim,3,132.45,0.05,377.48,267.63,Pending
ORD-101664,2023-11-01,SKU-1078,Networking,NORDIC,Direct,SMB,Bruno Zhang,7,981.51,0.05,6527.04,4081.35,Shipped
ORD-103204,2023-11-01,SKU-1067,Networking,UKI,Online,Mid-Market,Adaeze Marchetti,9,254.78,0.2,1834.42,1383.84,Shipped
ORD-103694,2023-11-01,SKU-1044,Peripherals,LATAM,Online,Mid-Market,Sana Lindqvist,1,42.05,0.1,37.84,21.28,Pending
ORD-104946,2023-11-01,SKU-1046,Peripherals,NORDIC,Partner,Mid-Market,Zara Sorensen,1,291.02,0,291.02,149.29,Returned
ORD-100858,2023-11-02,SKU-1086,Storage,NA-E,Partner,SMB,Rosa Weber,1,1066.03,0,1066.03,706.44,Shipped
ORD-101261,2023-11-02,SKU-1117,Accessories,NA-W,Direct,Mid-Market,Nadia Kowalski,6,127.94,0,767.64,334.98,Pending
ORD-101543,2023-11-02,SKU-1100,Storage,LATAM,Partner,Enterprise,Wei Tanaka,2,754.71,0,1509.42,999.72,Returned
ORD-103810,2023-11-02,SKU-1059,Peripherals,NA-W,Direct,Consumer,Nikolai Jensen,1,294.39,0.05,279.67,144.83,Shipped
ORD-103820,2023-11-02,SKU-1019,Laptops,NA-E,Partner,Mid-Market,Amara Dahl,3,1704.93,0,5114.79,3526.41,Shipped
ORD-104773,2023-11-02,SKU-1094,Storage,NORDIC,Direct,Mid-Market,Elena Kaur,1,321.11,0.05,305.05,224.89,Shipped
ORD-102670,2023-11-03,SKU-1111,Accessories,UKI,Direct,Mid-Market,Bao Alvarez,30,118.52,0.15,3022.26,1520.1,Shipped
ORD-103596,2023-11-03,SKU-1061,Networking,UKI,Direct,SMB,Elena Kaur,2,1191.4,0,2382.8,1391.98,Shipped
ORD-104027,2023-11-03,SKU-1037,Monitors,NA-W,Online,Consumer,Malik Andersen,1,1230.78,0,1230.78,782.69,Shipped
ORD-100315,2023-11-04,SKU-1009,Laptops,NORDIC,Partner,SMB,Yara Eriksen,1,3341.5,0.05,3174.42,2318.58,Shipped
ORD-102162,2023-11-04,SKU-1072,Networking,LATAM,Direct,SMB,Emeka Weber,4,593.71,0,2374.84,1485.92,Shipped
ORD-103428,2023-11-04,SKU-1049,Peripherals,DACH,Partner,Mid-Market,Elena Okafor,3,426.32,0.25,959.22,693.33,Shipped
ORD-103963,2023-11-04,SKU-1101,Accessories,NA-E,Online,SMB,Rosa Marchetti,1,149.25,0,149.25,60.05,Shipped
ORD-104835,2023-11-04,SKU-1117,Accessories,NA-E,Direct,Mid-Market,Thea Ibrahim,5,127.94,0.05,607.72,279.15,Shipped
ORD-100645,2023-11-05,SKU-1007,Laptops,LATAM,Partner,SMB,Ada Singh,1,1513.38,0.1,1362.04,1061.74,Shipped
ORD-100867,2023-11-05,SKU-1074,Networking,UKI,Online,SMB,Thea Ibrahim,2,192.25,0,384.5,241.74,Shipped
ORD-101111,2023-11-05,SKU-1054,Peripherals,NA-W,Direct,SMB,Malik Eriksen,3,210.36,0.05,599.53,313.77,Returned
ORD-104391,2023-11-05,SKU-1020,Laptops,NA-E,Direct,Mid-Market,Ada Zimmerman,7,3674.26,0.15,21861.85,16735.04,Shipped
ORD-100443,2023-11-06,SKU-1021,Monitors,UKI,Online,SMB,Thea Delgado,10,444.75,0.2,3558.0,3031.6,Pending
ORD-100462,2023-11-06,SKU-1092,Storage,DACH,Direct,Enterprise,Ada Singh,3,227.16,0.25,511.11,481.95,Shipped
ORD-100193,2023-11-07,SKU-1070,Networking,NA-W,Online,Mid-Market,Elena Laurent,5,1052.94,0.05,5001.47,3150.4,Shipped
ORD-101706,2023-11-07,SKU-1066,Networking,NA-E,Partner,SMB,Rosa Marchetti,2,491.43,0.1,884.57,575.38,Shipped
ORD-102651,2023-11-07,SKU-1052,Peripherals,NORDIC,Direct,Mid-Market,Yara Eriksen,6,310.49,0,1862.94,955.68,Shipped
ORD-103669,2023-11-07,SKU-1057,Peripherals,LATAM,Online,SMB,Emeka Lindqvist,1,457.5,0.05,434.62,228.53,Shipped
ORD-100083,2023-11-08,SKU-1115,Accessories,DACH,Retail,Enterprise,Wei Tanaka,1,201.56,0,201.56,95.86,Pending
ORD-101149,2023-11-08,SKU-1038,Monitors,APAC-N,Direct,Mid-Market,Hana Rossi,3,829.48,0.1,2239.6,1662.99,Returned
ORD-102638,2023-11-08,SKU-1054,Peripherals,UKI,Partner,SMB,Thea Zhang,3,210.36,0.05,599.53,313.77,Returned
ORD-104471,2023-11-08,SKU-1031,Monitors,LATAM,Partner,Consumer,Uma Okafor,1,953.0,0,953.0,667.83,Shipped
ORD-102583,2023-11-09,SKU-1030,Monitors,NA-W,Online,Enterprise,Bao Alvarez,6,756.24,0.2,3629.95,3133.2,Shipped
ORD-103206,2023-11-09,SKU-1073,Networking,NA-W,Partner,Enterprise,Adaeze Marchetti,1,347.65,0,347.65,226.42,Shipped
ORD-104659,2023-11-09,SKU-1114,Accessories,NORDIC,Partner,SMB,Bruno Zhang,1,150.14,0.15,127.62,72.47,Shipped
ORD-103246,2023-11-10,SKU-1103,Accessories,NA-E,Direct,Mid-Market,Chen Iversen,2,198.1,0,396.2,172.6,Shipped
ORD-104702,2023-11-10,SKU-1092,Storage,LATAM,Partner,Mid-Market,Fatima Bennett,1,227.16,0.1,204.44,160.65,Returned
ORD-103042,2023-11-11,SKU-1041,Peripherals,LATAM,Direct,Mid-Market,Nadia Kowalski,5,371.64,0.15,1579.47,1056.35,Returned
ORD-103238,2023-11-11,SKU-1040,Monitors,DACH,Partner,Mid-Market,Fatima Iversen,1,519.33,0.1,467.4,344.73,Shipped
ORD-103712,2023-11-11,SKU-1109,Accessories,LATAM,Direct,Enterprise,Kwame Abara,1,131.89,0,131.89,59.43,Shipped
ORD-104665,2023-11-11,SKU-1039,Monitors,UKI,Partner,SMB,Fatima Iversen,1,1201.03,0,1201.03,748.13,Shipped
ORD-100586,2023-11-12,SKU-1024,Monitors,NA-W,Online,Consumer,Emeka Lindqvist,13,340.87,0.1,3988.18,2880.67,Pending
ORD-101460,2023-11-12,SKU-1071,Networking,DACH,Online,Mid-Market,Adaeze Marchetti,6,827.39,0,4964.34,3172.26,Returned
ORD-102712,2023-11-12,SKU-1089,Storage,NA-E,Direct,SMB,Petra Ibrahim,8,512.43,0.05,3894.47,2717.6,Shipped
ORD-103188,2023-11-12,SKU-1064,Networking,NA-E,Online,Consumer,Nadia Kowalski,1,2008.03,0.05,1907.63,1218.2,Shipped
ORD-103259,2023-11-12,SKU-1070,Networking,UKI,Partner,Enterprise,Nikolai Jensen,3,1052.94,0.05,3000.88,1890.24,Shipped
ORD-104484,2023-11-12,SKU-1035,Monitors,NA-W,Direct,Consumer,Elena Okafor,1,1114.67,0.05,1058.94,763.01,Returned
ORD-101439,2023-11-13,SKU-1003,Laptops,NA-W,Partner,Enterprise,Paulo Carvalho,1,2349.75,0,2349.75,1512.37,Shipped
ORD-102496,2023-11-13,SKU-1005,Laptops,LATAM,Retail,Mid-Market,Sana Lindqvist,1,1611.9,0.05,1531.31,1032.29,Pending
ORD-104120,2023-11-13,SKU-1105,Accessories,NA-W,Partner,Mid-Market,Thea Zhang,1,139.86,0,139.86,60.97,Shipped
ORD-104379,2023-11-13,SKU-1072,Networking,UKI,Online,Mid-Market,Hana Rossi,1,593.71,0.2,474.97,371.48,Pending
ORD-100060,2023-11-14,SKU-1005,Laptops,UKI,Direct,SMB,Rania Eriksen,7,1611.9,0.1,10154.97,7226.03,Returned
ORD-102564,2023-11-14,SKU-1112,Accessories,APAC-S,Retail,Enterprise,Rosa Weber,1,160.4,0.15,136.34,73.98,Shipped
ORD-102709,2023-11-14,SKU-1101,Accessories,NA-E,Online,SMB,Uma Sandoval,3,149.25,0.25,335.81,180.15,Shipped
ORD-104033,2023-11-14,SKU-1034,Monitors,DACH,Partner,Mid-Market,Fatima Iversen,1,511.32,0,511.32,315.72,Pending
ORD-104621,2023-11-14,SKU-1084,Storage,NA-E,Online,Consumer,Yusuf Fontaine,2,497.7,0.05,945.63,729.16,Shipped
ORD-104968,2023-11-14,SKU-1098,Storage,DACH,Online,Enterprise,Elena Okafor,16,587.94,0.2,7525.63,6514.72,Shipped
ORD-100287,2023-11-15,SKU-1072,Networking,NA-E,Direct,SMB,Fatima Iversen,3,593.71,0.2,1424.9,1114.44,Returned
ORD-100971,2023-11-15,SKU-1035,Monitors,DACH,Partner,Mid-Market,Paulo Carvalho,2,1114.67,0,2229.34,1526.02,Shipped
ORD-101838,2023-11-15,SKU-1108,Accessories,NA-E,Online,SMB,Rosa Marchetti,1,111.01,0.2,88.81,47.94,Returned
ORD-102540,2023-11-15,SKU-1031,Monitors,NA-W,Online,Consumer,Zara Fontaine,2,953.0,0.05,1810.7,1335.66,Shipped
ORD-103766,2023-11-15,SKU-1009,Laptops,NA-W,Online,Mid-Market,Nadia Kowalski,2,3341.5,0.25,5012.25,4637.16,Shipped
ORD-103926,2023-11-15,SKU-1050,Peripherals,DACH,Direct,SMB,Rania Kaur,6,335.4,0.25,1509.3,1138.14,Returned
ORD-104069,2023-11-15,SKU-1033,Monitors,APAC-S,Partner,Enterprise,Fatima Bennett,1,617.73,0,617.73,400.25,Pending
ORD-104328,2023-11-15,SKU-1082,Storage,APAC-S,Online,SMB,Thea Delgado,5,199.64,0.25,748.65,701.6,Shipped
ORD-100399,2023-11-16,SKU-1112,Accessories,UKI,Partner,Mid-Market,Fatima Dahl,1,160.4,0.2,128.32,73.98,Shipped
ORD-100815,2023-11-16,SKU-1028,Monitors,NA-E,Retail,Consumer,Ivan Kaur,1,1296.45,0.15,1101.98,836.57,Returned
ORD-101623,2023-11-16,SKU-1094,Storage,NA-W,Direct,Mid-Market,Amara Dahl,4,321.11,0.2,1027.55,899.56,Shipped
ORD-101773,2023-11-16,SKU-1039,Monitors,DACH,Direct,Mid-Market,Zara Fontaine,5,1201.03,0.05,5704.89,3740.65,Shipped
ORD-101916,2023-11-16,SKU-1030,Monitors,NORDIC,Partner,Mid-Market,Wei Tanaka,1,756.24,0.15,642.8,522.2,Returned
ORD-100018,2023-11-17,SKU-1099,Storage,UKI,Partner,Enterprise,Thea Zhang,1,881.67,0.25,661.25,593.89,Pending
ORD-100517,2023-11-17,SKU-1096,Storage,DACH,Direct,SMB,Bao Kaur,2,924.54,0.15,1571.72,1329.96,Shipped
ORD-101681,2023-11-17,SKU-1045,Peripherals,NA-W,Online,SMB,Rania Eriksen,6,388.64,0.1,2098.66,1252.74,Shipped
ORD-102427,2023-11-17,SKU-1074,Networking,NORDIC,Partner,SMB,Ada Zimmerman,11,192.25,0.2,1691.8,1329.57,Shipped
ORD-102971,2023-11-17,SKU-1109,Accessories,NA-E,Direct,Enterprise,Uma Okafor,2,131.89,0,263.78,118.86,Returned
ORD-103064,2023-11-17,SKU-1109,Accessories,NA-W,Retail,Enterprise,Bruno Zhang,3,131.89,0,395.67,178.29,Shipped
ORD-103256,2023-11-17,SKU-1015,Laptops,NA-E,Direct,Consumer,Rosa Weber,1,1315.81,0.15,1118.44,924.69,Shipped
ORD-103658,2023-11-17,SKU-1049,Peripherals,NA-E,Retail,Consumer,Fatima Iversen,4,426.32,0.1,1534.75,924.44,Shipped
ORD-103970,2023-11-17,SKU-1049,Peripherals,LATAM,Direct,Consumer,Bao Alvarez,18,426.32,0,7673.76,4159.98,Returned
ORD-101769,2023-11-18,SKU-1088,Storage,LATAM,Online,Enterprise,Thea Delgado,5,601.62,0.05,2857.69,2169.65,Shipped
ORD-102780,2023-11-18,SKU-1035,Monitors,UKI,Direct,SMB,Yusuf Mbeki,2,1114.67,0,2229.34,1526.02,Pending
ORD-102945,2023-11-18,SKU-1077,Networking,NORDIC,Direct,Enterprise,Ada Zimmerman,1,740.62,0.25,555.47,449.94,Returned
ORD-104261,2023-11-18,SKU-1074,Networking,APAC-S,Partner,SMB,Ada Vargas,1,192.25,0.1,173.03,120.87,Shipped
ORD-104281,2023-11-18,SKU-1023,Monitors,LATAM,Online,Mid-Market,Uma Sandoval,1,1366.21,0,1366.21,898.81,Returned
ORD-104292,2023-11-18,SKU-1059,Peripherals,NA-W,Retail,Enterprise,Zara Fontaine,5,294.39,0,1471.95,724.15,Shipped
ORD-100679,2023-11-19,SKU-1027,Monitors,APAC-N,Partner,Enterprise,Nadia Kowalski,6,487.06,0.2,2337.89,1989.36,Shipped
ORD-101044,2023-11-19,SKU-1076,Networking,DACH,Partner,Mid-Market,Greta Haddad,1,1719.15,0.25,1289.36,1029.28,Returned
ORD-102889,2023-11-19,SKU-1019,Laptops,UKI,Direct,SMB,Petra Ibrahim,2,1704.93,0,3409.86,2350.94,Shipped
ORD-103589,2023-11-19,SKU-1104,Accessories,NA-E,Direct,SMB,Amara Dahl,5,40.52,0.1,182.34,96.7,Shipped
ORD-103739,2023-11-19,SKU-1011,Laptops,UKI,Partner,Mid-Market,Yara Eriksen,4,2304.08,0.15,7833.87,5957.2,Pending
ORD-100379,2023-11-20,SKU-1028,Monitors,NA-W,Partner,Mid-Market,Nikolai Jensen,1,1296.45,0.1,1166.81,836.57,Shipped
ORD-101405,2023-11-20,SKU-1093,Storage,NA-W,Direct,Mid-Market,Thea Ibrahim,8,856.06,0.15,5821.21,5026.24,Shipped
ORD-100213,2023-11-21,SKU-1120,Accessories,APAC-N,Direct,Mid-Market,Zara Sorensen,3,210.18,0.05,599.01,258.51,Pending
ORD-101255,2023-11-21,SKU-1114,Accessories,APAC-S,Online,Mid-Market,Zara Sorensen,3,150.14,0.1,405.38,217.41,Shipped
ORD-101875,2023-11-21,SKU-1114,Accessories,UKI,Partner,Enterprise,Zara Sorensen,4,150.14,0,600.56,289.88,Shipped
ORD-103113,2023-11-21,SKU-1112,Accessories,NA-E,Direct,SMB,Ada Singh,2,160.4,0.1,288.72,147.96,Returned
ORD-103541,2023-11-21,SKU-1009,Laptops,NA-W,Direct,Mid-Market,Wei Tanaka,1,3341.5,0.05,3174.42,2318.58,Shipped
ORD-100460,2023-11-22,SKU-1045,Peripherals,NA-E,Direct,Consumer,Nadia Kowalski,1,388.64,0.1,349.78,208.79,Returned
ORD-102493,2023-11-22,SKU-1036,Monitors,NA-E,Direct,SMB,Bruno Zhang,3,1180.66,0,3541.98,2301.99,Shipped
ORD-102751,2023-11-22,SKU-1051,Peripherals,NA-W,Online,Enterprise,Amara Dahl,1,311.03,0.25,233.27,178.18,Shipped
ORD-103068,2023-11-22,SKU-1051,Peripherals,NORDIC,Direct,SMB,Nikolai Jensen,1,311.03,0,311.03,178.18,Pending
ORD-100027,2023-11-23,SKU-1023,Monitors,NA-E,Direct,SMB,Fatima Bennett,1,1366.21,0.05,1297.9,898.81,Shipped
ORD-100451,2023-11-23,SKU-1079,Networking,APAC-S,Direct,SMB,Uma Sandoval,9,453.79,0.1,3675.7,2580.84,Shipped
ORD-101325,2023-11-23,SKU-1076,Networking,APAC-S,Online,SMB,Bao Kaur,1,1719.15,0.2,1375.32,1029.28,Shipped
ORD-101829,2023-11-24,SKU-1058,Peripherals,NORDIC,Online,Mid-Market,Thea Ibrahim,14,410.18,0.05,5455.39,3106.18,Returned
ORD-103123,2023-11-24,SKU-1089,Storage,APAC-N,Partner,Consumer,Thea Ibrahim,2,512.43,0.25,768.64,679.4,Returned
ORD-104775,2023-11-24,SKU-1051,Peripherals,NA-E,Online,Consumer,Elena Laurent,1,311.03,0,311.03,178.18,Shipped
ORD-100821,2023-11-25,SKU-1110,Accessories,NA-W,Partner,Mid-Market,Uma Okafor,7,50.0,0.15,297.5,167.86,Shipped
ORD-102179,2023-11-25,SKU-1092,Storage,NA-W,Partner,Enterprise,Nikolai Jensen,4,227.16,0.15,772.34,642.6,Returned
ORD-104706,2023-11-25,SKU-1024,Monitors,APAC-N,Online,SMB,Thea Delgado,1,340.87,0,340.87,221.59,Shipped
ORD-102068,2023-11-26,SKU-1114,Accessories,NA-E,Partner,SMB,Rosa Marchetti,7,150.14,0,1050.98,507.29,Returned
ORD-102648,2023-11-26,SKU-1030,Monitors,APAC-N,Partner,SMB,Nikolai Jensen,1,756.24,0,756.24,522.2,Shipped
ORD-100429,2023-11-27,SKU-1062,Networking,NA-W,Online,Mid-Market,Yusuf Fontaine,1,864.38,0.05,821.16,541.69,Shipped
ORD-101200,2023-11-27,SKU-1017,Laptops,NA-W,Partner,Mid-Market,Wei Tanaka,22,3083.45,0.05,64444.1,47970.78,Shipped
ORD-104800,2023-11-27,SKU-1069,Networking,APAC-N,Partner,Enterprise,Rosa Marchetti,6,640.52,0.05,3650.96,2343.72,Returned
ORD-101009,2023-11-28,SKU-1120,Accessories,NA-E,Direct,Consumer,Ivan Kaur,4,210.18,0.05,798.68,344.68,Shipped
ORD-101043,2023-11-28,SKU-1020,Laptops,APAC-N,Direct,SMB,Uma Okafor,2,3674.26,0.05,6981.09,4781.44,Shipped
ORD-102095,2023-11-28,SKU-1096,Storage,LATAM,Direct,Enterprise,Adaeze Marchetti,2,924.54,0,1849.08,1329.96,Returned
ORD-102278,2023-11-28,SKU-1005,Laptops,NA-E,Direct,SMB,Ivan Kaur,1,1611.9,0.25,1208.93,1032.29,Returned
ORD-102284,2023-11-28,SKU-1047,Peripherals,NA-W,Online,Mid-Market,Darius Kaur,40,240.32,0,9612.8,5063.2,Shipped
ORD-103015,2023-11-28,SKU-1110,Accessories,NA-E,Direct,Consumer,Thea Ibrahim,2,50.0,0,100.0,47.96,Shipped
ORD-103332,2023-11-28,SKU-1108,Accessories,LATAM,Partner,Enterprise,Elena Laurent,3,111.01,0.25,249.77,143.82,Shipped
ORD-103674,2023-11-28,SKU-1015,Laptops,NA-W,Partner,SMB,Yusuf Mbeki,3,1315.81,0.05,3750.06,2774.07,Shipped
ORD-104053,2023-11-28,SKU-1109,Accessories,UKI,Partner,Mid-Market,Bao Alvarez,1,131.89,0.1,118.7,59.43,Shipped
ORD-102247,2023-11-29,SKU-1026,Monitors,APAC-N,Online,SMB,Fatima Bennett,1,371.18,0.2,296.94,254.02,Shipped
ORD-102637,2023-11-29,SKU-1067,Networking,UKI,Online,Mid-Market,Fatima Dahl,3,254.78,0.25,573.25,461.28,Pending
ORD-101494,2023-11-30,SKU-1081,Storage,LATAM,Partner,Mid-Market,Greta Haddad,1,427.43,0.25,320.57,295.78,Returned
ORD-104410,2023-11-30,SKU-1012,Laptops,UKI,Partner,Mid-Market,Thea Ibrahim,3,3047.46,0.05,8685.26,6307.17,Shipped
ORD-103126,2023-12-01,SKU-1040,Monitors,NA-E,Retail,SMB,Rosa Marchetti,13,519.33,0.15,5738.6,4481.49,Shipped
ORD-103826,2023-12-01,SKU-1035,Monitors,APAC-S,Online,Mid-Market,Adaeze Marchetti,1,1114.67,0,1114.67,763.01,Pending
ORD-100556,2023-12-02,SKU-1101,Accessories,APAC-S,Partner,Mid-Market,Bruno Zhang,1,149.25,0.15,126.86,60.05,Pending
ORD-100980,2023-12-02,SKU-1081,Storage,UKI,Partner,Enterprise,Emeka Weber,4,427.43,0.05,1624.23,1183.12,Pending
ORD-102057,2023-12-02,SKU-1094,Storage,NA-W,Partner,Enterprise,Ada Singh,2,321.11,0.05,610.11,449.78,Shipped
ORD-102845,2023-12-02,SKU-1032,Monitors,NA-E,Online,Mid-Market,Bruno Zhang,1,929.07,0,929.07,585.49,Shipped
ORD-103017,2023-12-02,SKU-1029,Monitors,UKI,Partner,Enterprise,Amara Dahl,6,438.72,0.1,2369.09,1724.52,Shipped
ORD-103037,2023-12-03,SKU-1037,Monitors,NA-E,Partner,SMB,Bruno Zhang,7,1230.78,0,8615.46,5478.83,Pending
ORD-101446,2023-12-04,SKU-1117,Accessories,APAC-N,Online,Mid-Market,Ada Vargas,5,127.94,0.05,607.72,279.15,Pending
ORD-101594,2023-12-04,SKU-1025,Monitors,DACH,Online,Mid-Market,Thea Delgado,2,577.77,0.05,1097.76,796.02,Shipped
ORD-102175,2023-12-04,SKU-1107,Accessories,APAC-S,Online,Mid-Market,Sana Lindqvist,3,92.86,0.05,264.65,113.16,Returned
ORD-103916,2023-12-04,SKU-1036,Monitors,DACH,Partner,Mid-Market,Yusuf Fontaine,5,1180.66,0,5903.3,3836.65,Shipped
ORD-104175,2023-12-04,SKU-1034,Monitors,NA-W,Online,Mid-Market,Uma Okafor,8,511.32,0.05,3886.03,2525.76,Returned
ORD-101417,2023-12-05,SKU-1048,Peripherals,APAC-S,Partner,Consumer,Sana Lindqvist,1,405.97,0.1,365.37,200.64,Returned
ORD-102585,2023-12-05,SKU-1108,Accessories,UKI,Online,Mid-Market,Fatima Iversen,1,111.01,0.25,83.26,47.94,Pending
ORD-100423,2023-12-06,SKU-1066,Networking,NA-E,Partner,SMB,Emeka Lindqvist,1,491.43,0,491.43,287.69,Shipped
ORD-101826,2023-12-06,SKU-1037,Monitors,NA-E,Direct,Consumer,Greta Haddad,2,1230.78,0.2,1969.25,1565.38,Shipped
ORD-101919,2023-12-06,SKU-1062,Networking,APAC-N,Online,SMB,Rosa Weber,1,864.38,0,864.38,541.69,Shipped
ORD-102014,2023-12-06,SKU-1014,Laptops,NA-W,Partner,Mid-Market,Uma Sandoval,2,1949.83,0.15,3314.71,2643.02,Shipped
ORD-102745,2023-12-06,SKU-1080,Networking,APAC-N,Direct,Consumer,Thea Delgado,2,788.65,0.1,1419.57,1033.26,Returned
ORD-103688,2023-12-06,SKU-1011,Laptops,LATAM,Retail,Consumer,Malik Andersen,1,2304.08,0.2,1843.26,1489.3,Returned
ORD-104566,2023-12-06,SKU-1061,Networking,DACH,Online,Consumer,Petra Ibrahim,7,1191.4,0.05,7922.81,4871.93,Returned
ORD-104986,2023-12-06,SKU-1083,Storage,DACH,Partner,Mid-Market,Elena Okafor,12,132.45,0.2,1271.52,1070.52,Pending
ORD-103746,2023-12-07,SKU-1072,Networking,UKI,Direct,SMB,Thea Ibrahim,1,593.71,0.05,564.02,371.48,Shipped
ORD-100247,2023-12-08,SKU-1024,Monitors,UKI,Online,Enterprise,Ivan Kaur,1,340.87,0.1,306.78,221.59,Pending
ORD-100909,2023-12-08,SKU-1090,Storage,NA-E,Direct,SMB,Uma Sandoval,12,853.08,0.1,9213.26,6760.08,Shipped
ORD-102346,2023-12-08,SKU-1020,Laptops,UKI,Direct,SMB,Wei Tanaka,12,3674.26,0.05,41886.56,28688.64,Shipped
ORD-100324,2023-12-09,SKU-1003,Laptops,NA-E,Direct,Consumer,Amara Dahl,1,2349.75,0,2349.75,1512.37,Pending
ORD-100361,2023-12-09,SKU-1105,Accessories,NA-E,Partner,Enterprise,Yusuf Fontaine,1,139.86,0.2,111.89,60.97,Shipped
ORD-101390,2023-12-09,SKU-1036,Monitors,APAC-N,Online,Enterprise,Ada Singh,3,1180.66,0.15,3010.68,2301.99,Shipped
ORD-101721,2023-12-09,SKU-1079,Networking,NA-W,Direct,SMB,Ada Vargas,2,453.79,0,907.58,573.52,Shipped
ORD-100282,2023-12-10,SKU-1013,Laptops,NA-E,Partner,Mid-Market,Fatima Bennett,1,2073.19,0.05,1969.53,1390.65,Pending
ORD-103225,2023-12-10,SKU-1041,Peripherals,NORDIC,Direct,SMB,Yusuf Fontaine,3,371.64,0.25,836.19,633.81,Shipped
ORD-103385,2023-12-10,SKU-1094,Storage,NA-W,Online,Enterprise,Elena Laurent,7,321.11,0.25,1685.83,1574.23,Pending
ORD-103779,2023-12-10,SKU-1032,Monitors,NA-E,Partner,Enterprise,Malik Andersen,5,929.07,0.1,4180.82,2927.45,Shipped
ORD-100025,2023-12-11,SKU-1096,Storage,UKI,Online,SMB,Paulo Carvalho,1,924.54,0.25,693.4,664.98,Shipped
ORD-101770,2023-12-11,SKU-1011,Laptops,UKI,Online,SMB,Emeka Lindqvist,3,2304.08,0.1,6221.02,4467.9,Shipped
ORD-103047,2023-12-11,SKU-1101,Accessories,NA-E,Partner,Mid-Market,Emeka Lindqvist,7,149.25,0.25,783.56,420.35,Shipped
ORD-102610,2023-12-12,SKU-1095,Storage,UKI,Online,Consumer,Sana Lindqvist,4,537.52,0.1,1935.07,1540.68,Shipped
ORD-102665,2023-12-12,SKU-1113,Accessories,NA-E,Retail,SMB,Nadia Kowalski,12,23.87,0,286.44,125.4,Shipped
ORD-102941,2023-12-12,SKU-1064,Networking,APAC-N,Online,SMB,Thea Delgado,8,2008.03,0.05,15261.03,9745.6,Shipped
ORD-103127,2023-12-12,SKU-1056,Peripherals,DACH,Partner,Enterprise,Petra Ibrahim,1,45.14,0.05,42.88,22.62,Returned
ORD-103519,2023-12-12,SKU-1023,Monitors,APAC-S,Direct,SMB,Uma Sandoval,2,1366.21,0,2732.42,1797.62,Shipped
ORD-103851,2023-12-12,SKU-1031,Monitors,UKI,Online,SMB,Yusuf Fontaine,1,953.0,0.05,905.35,667.83,Shipped
ORD-104021,2023-12-12,SKU-1117,Accessories,NA-W,Online,Mid-Market,Yara Eriksen,5,127.94,0.15,543.75,279.15,Pending
ORD-104109,2023-12-12,SKU-1028,Monitors,UKI,Direct,Enterprise,Thea Ibrahim,1,1296.45,0,1296.45,836.57,Shipped
ORD-100343,2023-12-13,SKU-1091,Storage,LATAM,Online,Mid-Market,Elena Kaur,2,949.67,0.25,1424.5,1399.02,Shipped
ORD-100421,2023-12-13,SKU-1118,Accessories,UKI,Direct,Enterprise,Yara Eriksen,2,143.1,0,286.2,115.28,Pending
ORD-101139,2023-12-13,SKU-1115,Accessories,APAC-N,Retail,SMB,Paulo Carvalho,6,201.56,0.05,1148.89,575.16,Shipped
ORD-101844,2023-12-13,SKU-1022,Monitors,NA-E,Direct,Consumer,Rania Eriksen,3,296.21,0.15,755.34,585.78,Pending
ORD-103227,2023-12-13,SKU-1021,Monitors,APAC-N,Online,Enterprise,Fatima Dahl,1,444.75,0.25,333.56,303.16,Returned
ORD-104679,2023-12-13,SKU-1062,Networking,DACH,Retail,Consumer,Amara Dahl,2,864.38,0.15,1469.45,1083.38,Pending
ORD-104768,2023-12-13,SKU-1010,Laptops,DACH,Online,Enterprise,Yara Eriksen,1,1514.87,0.15,1287.64,1090.23,Shipped
ORD-100541,2023-12-14,SKU-1030,Monitors,NA-E,Partner,Mid-Market,Petra Ibrahim,3,756.24,0.2,1814.98,1566.6,Shipped
ORD-101658,2023-12-14,SKU-1047,Peripherals,LATAM,Direct,Enterprise,Paulo Carvalho,1,240.32,0.05,228.3,126.58,Shipped
ORD-102717,2023-12-14,SKU-1013,Laptops,LATAM,Direct,Consumer,Malik Kowalski,3,2073.19,0,6219.57,4171.95,Shipped
ORD-103410,2023-12-14,SKU-1090,Storage,DACH,Online,Mid-Market,Emeka Weber,15,853.08,0.1,11516.58,8450.1,Shipped
ORD-101696,2023-12-15,SKU-1076,Networking,NORDIC,Online,Enterprise,Ivan Kaur,2,1719.15,0,3438.3,2058.56,Shipped
ORD-101821,2023-12-15,SKU-1067,Networking,NA-W,Direct,SMB,Greta Haddad,1,254.78,0.2,203.82,153.76,Shipped
ORD-101964,2023-12-15,SKU-1037,Monitors,LATAM,Direct,Mid-Market,Sana Lindqvist,3,1230.78,0.1,3323.11,2348.07,Shipped
ORD-103710,2023-12-15,SKU-1034,Monitors,LATAM,Partner,SMB,Thea Delgado,1,511.32,0,511.32,315.72,Shipped
ORD-104280,2023-12-15,SKU-1046,Peripherals,NA-E,Retail,SMB,Rania Kaur,5,291.02,0.2,1164.08,746.45,Shipped
ORD-100029,2023-12-16,SKU-1063,Networking,DACH,Online,Consumer,Zara Fontaine,1,935.12,0,935.12,601.78,Returned
ORD-101085,2023-12-16,SKU-1106,Accessories,NA-E,Partner,Mid-Market,Darius Kaur,1,179.48,0,179.48,81.37,Shipped
ORD-101399,2023-12-16,SKU-1031,Monitors,LATAM,Direct,Consumer,Ada Vargas,3,953.0,0,2859.0,2003.49,Returned
ORD-102824,2023-12-16,SKU-1082,Storage,DACH,Partner,SMB,Yusuf Fontaine,6,199.64,0.15,1018.16,841.92,Shipped
ORD-103110,2023-12-16,SKU-1093,Storage,UKI,Direct,Mid-Market,Greta Haddad,1,856.06,0.05,813.26,628.28,Pending
ORD-104593,2023-12-16,SKU-1109,Accessories,DACH,Direct,SMB,Ada Singh,8,131.89,0.1,949.61,475.44,Pending
ORD-100467,2023-12-17,SKU-1088,Storage,DACH,Retail,Consumer,Fatima Iversen,1,601.62,0.2,481.3,433.93,Shipped
ORD-101266,2023-12-17,SKU-1082,Storage,APAC-N,Retail,SMB,Elena Laurent,1,199.64,0,199.64,140.32,Shipped
ORD-103044,2023-12-17,SKU-1115,Accessories,NA-W,Partner,Enterprise,Emeka Weber,1,201.56,0.25,151.17,95.86,Shipped
ORD-103118,2023-12-17,SKU-1023,Monitors,DACH,Direct,Enterprise,Viktor Zhang,5,1366.21,0,6831.05,4494.05,Shipped
ORD-103641,2023-12-17,SKU-1067,Networking,NA-E,Online,SMB,Paulo Carvalho,5,254.78,0.05,1210.2,768.8,Shipped
ORD-104662,2023-12-17,SKU-1095,Storage,UKI,Partner,Enterprise,Bao Alvarez,5,537.52,0,2687.6,1925.85,Shipped
ORD-101356,2023-12-18,SKU-1016,Laptops,NA-E,Partner,SMB,Darius Kaur,4,3292.27,0,13169.08,8912.16,Pending
ORD-101809,2023-12-18,SKU-1115,Accessories,NA-W,Online,Mid-Market,Ada Zimmerman,3,201.56,0,604.68,287.58,Pending
ORD-102473,2023-12-18,SKU-1032,Monitors,UKI,Partner,Mid-Market,Yusuf Fontaine,1,929.07,0.2,743.26,585.49,Shipped
ORD-103951,2023-12-18,SKU-1030,Monitors,NA-W,Online,Mid-Market,Rania Eriksen,1,756.24,0,756.24,522.2,Shipped
ORD-103955,2023-12-18,SKU-1047,Peripherals,APAC-N,Direct,SMB,Fatima Dahl,2,240.32,0.1,432.58,253.16,Pending
ORD-105000,2023-12-18,SKU-1074,Networking,LATAM,Online,SMB,Ada Zimmerman,2,192.25,0.05,365.27,241.74,Shipped
ORD-100022,2023-12-19,SKU-1029,Monitors,NA-E,Online,SMB,Petra Ibrahim,2,438.72,0.25,658.08,574.84,Shipped
ORD-100450,2023-12-19,SKU-1061,Networking,APAC-N,Partner,Mid-Market,Thea Delgado,5,1191.4,0.25,4467.75,3479.95,Shipped
ORD-100764,2023-12-19,SKU-1034,Monitors,NA-W,Partner,Enterprise,Zara Sorensen,6,511.32,0,3067.92,1894.32,Returned
ORD-103400,2023-12-19,SKU-1071,Networking,NORDIC,Direct,Mid-Market,Yara Eriksen,2,827.39,0.05,1572.04,1057.42,Shipped
ORD-103643,2023-12-19,SKU-1115,Accessories,UKI,Partner,SMB,Emeka Weber,13,201.56,0.2,2096.22,1246.18,Returned
ORD-103889,2023-12-19,SKU-1080,Networking,DACH,Direct,Consumer,Yara Eriksen,5,788.65,0.05,3746.09,2583.15,Shipped
ORD-104962,2023-12-19,SKU-1091,Storage,NA-E,Partner,SMB,Rania Eriksen,2,949.67,0.05,1804.37,1399.02,Returned
ORD-100244,2023-12-20,SKU-1060,Peripherals,NORDIC,Online,Mid-Market,Bao Kaur,4,299.52,0.1,1078.27,678.6,Shipped
ORD-100945,2023-12-20,SKU-1085,Storage,NA-E,Partner,Mid-Market,Yusuf Fontaine,7,163.55,0.1,1030.37,863.66,Shipped
ORD-102459,2023-12-20,SKU-1006,Laptops,UKI,Direct,Consumer,Bruno Zhang,1,2229.97,0.05,2118.47,1483.83,Shipped
ORD-102623,2023-12-20,SKU-1112,Accessories,NA-W,Direct,Mid-Market,Ivan Kaur,3,160.4,0,481.2,221.94,Shipped
ORD-104749,2023-12-20,SKU-1097,Storage,DACH,Partner,Enterprise,Hana Rossi,2,176.34,0.15,299.78,266.7,Shipped
ORD-104958,2023-12-20,SKU-1096,Storage,UKI,Online,Consumer,Yusuf Fontaine,1,924.54,0.05,878.31,664.98,Shipped
ORD-102089,2023-12-21,SKU-1001,Laptops,APAC-S,Online,SMB,Thea Ibrahim,3,1590.48,0.1,4294.3,3366.18,Shipped
ORD-102477,2023-12-21,SKU-1049,Peripherals,LATAM,Online,Mid-Market,Thea Ibrahim,2,426.32,0,852.64,462.22,Returned
ORD-103135,2023-12-21,SKU-1067,Networking,NA-E,Online,SMB,Rania Kaur,16,254.78,0,4076.48,2460.16,Shipped
ORD-103801,2023-12-21,SKU-1001,Laptops,NA-E,Direct,Mid-Market,Rosa Weber,2,1590.48,0.1,2862.86,2244.12,Shipped
ORD-100845,2023-12-22,SKU-1028,Monitors,NA-W,Partner,Mid-Market,Rosa Weber,2,1296.45,0.05,2463.26,1673.14,Pending
ORD-102752,2023-12-22,SKU-1096,Storage,NA-W,Direct,Mid-Market,Ivan Kaur,1,924.54,0.05,878.31,664.98,Shipped
ORD-103067,2023-12-22,SKU-1050,Peripherals,NA-E,Direct,SMB,Amara Dahl,1,335.4,0.1,301.86,189.69,Shipped
ORD-104470,2023-12-22,SKU-1118,Accessories,NA-W,Partner,Mid-Market,Elena Okafor,3,143.1,0.15,364.9,172.92,Shipped
ORD-100746,2023-12-23,SKU-1020,Laptops,NORDIC,Online,Enterprise,Rania Eriksen,1,3674.26,0.25,2755.7,2390.72,Returned
ORD-104012,2023-12-23,SKU-1041,Peripherals,NA-W,Partner,SMB,Uma Okafor,1,371.64,0.15,315.89,211.27,Shipped
ORD-103649,2023-12-24,SKU-1004,Laptops,DACH,Online,SMB,Thea Ibrahim,1,3198.86,0.2,2559.09,2219.09,Shipped
ORD-104176,2023-12-24,SKU-1051,Peripherals,DACH,Partner,Mid-Market,Sana Lindqvist,4,311.03,0.25,933.09,712.72,Pending
ORD-104293,2023-12-24,SKU-1035,Monitors,LATAM,Direct,Enterprise,Malik Andersen,3,1114.67,0,3344.01,2289.03,Shipped
ORD-104614,2023-12-24,SKU-1103,Accessories,UKI,Direct,Mid-Market,Adaeze Marchetti,5,198.1,0,990.5,431.5,Returned
ORD-104827,2023-12-24,SKU-1116,Accessories,UKI,Online,Mid-Market,Bao Kaur,1,147.71,0.2,118.17,72.53,Returned
ORD-101059,2023-12-25,SKU-1014,Laptops,NA-W,Direct,Mid-Market,Emeka Lindqvist,1,1949.83,0,1949.83,1321.51,Shipped
ORD-102236,2023-12-25,SKU-1016,Laptops,LATAM,Direct,Consumer,Bao Kaur,2,3292.27,0,6584.54,4456.08,Shipped
ORD-104578,2023-12-25,SKU-1004,Laptops,NA-E,Online,Consumer,Emeka Weber,2,3198.86,0,6397.72,4438.18,Shipped
ORD-104868,2023-12-25,SKU-1047,Peripherals,NA-E,Direct,SMB,Emeka Weber,5,240.32,0.15,1021.36,632.9,Shipped
ORD-100160,2023-12-26,SKU-1066,Networking,NA-E,Partner,SMB,Rosa Weber,2,491.43,0.1,884.57,575.38,Shipped
ORD-101020,2023-12-26,SKU-1070,Networking,NA-W,Online,SMB,Elena Okafor,8,1052.94,0.1,7581.17,5040.64,Shipped
ORD-101117,2023-12-26,SKU-1085,Storage,NA-E,Online,Mid-Market,Elena Laurent,4,163.55,0,654.2,493.52,Shipped
ORD-101133,2023-12-26,SKU-1060,Peripherals,APAC-S,Online,Enterprise,Uma Sandoval,4,299.52,0.05,1138.18,678.6,Shipped
ORD-101436,2023-12-26,SKU-1093,Storage,NA-W,Online,SMB,Yusuf Mbeki,3,856.06,0.15,2182.95,1884.84,Shipped
ORD-101528,2023-12-26,SKU-1044,Peripherals,NA-W,Partner,Mid-Market,Uma Okafor,1,42.05,0.05,39.95,21.28,Shipped
ORD-101734,2023-12-26,SKU-1001,Laptops,NORDIC,Direct,Consumer,Nadia Kowalski,4,1590.48,0.15,5407.63,4488.24,Shipped
ORD-102081,2023-12-26,SKU-1088,Storage,NA-E,Direct,SMB,Bao Alvarez,2,601.62,0,1203.24,867.86,Returned
ORD-104786,2023-12-26,SKU-1062,Networking,DACH,Partner,SMB,Viktor Zhang,3,864.38,0,2593.14,1625.07,Shipped
ORD-100372,2023-12-27,SKU-1064,Networking,NA-W,Partner,Mid-Market,Nikolai Jensen,1,2008.03,0.25,1506.02,1218.2,Shipped
ORD-101186,2023-12-27,SKU-1021,Monitors,NA-E,Online,Consumer,Thea Ibrahim,10,444.75,0,4447.5,3031.6,Pending
ORD-104603,2023-12-27,SKU-1007,Laptops,APAC-S,Online,Consumer,Malik Andersen,7,1513.38,0.15,9004.61,7432.18,Returned
ORD-104935,2023-12-27,SKU-1119,Accessories,NA-E,Online,SMB,Rania Kaur,1,84.73,0.05,80.49,41.56,Returned
ORD-100701,2023-12-28,SKU-1054,Peripherals,DACH,Partner,Mid-Market,Yusuf Fontaine,2,210.36,0.25,315.54,209.18,Shipped
ORD-101565,2023-12-28,SKU-1034,Monitors,NA-E,Partner,Mid-Market,Thea Ibrahim,3,511.32,0.05,1457.26,947.16,Pending
ORD-102192,2023-12-28,SKU-1072,Networking,NORDIC,Direct,Mid-Market,Emeka Weber,3,593.71,0.25,1335.85,1114.44,Pending
ORD-102401,2023-12-28,SKU-1029,Monitors,APAC-N,Direct,SMB,Amara Dahl,1,438.72,0.25,329.04,287.42,Pending
ORD-102566,2023-12-28,SKU-1017,Laptops,UKI,Partner,Enterprise,Bao Kaur,1,3083.45,0.05,2929.28,2180.49,Shipped
ORD-102663,2023-12-28,SKU-1019,Laptops,NA-W,Direct,Enterprise,Hana Rossi,2,1704.93,0.05,3239.37,2350.94,Shipped
ORD-102678,2023-12-28,SKU-1029,Monitors,NA-E,Partner,SMB,Greta Haddad,1,438.72,0.2,350.98,287.42,Returned
ORD-102835,2023-12-28,SKU-1071,Networking,NA-W,Direct,SMB,Bao Kaur,5,827.39,0.2,3309.56,2643.55,Returned
ORD-103205,2023-12-28,SKU-1087,Storage,NA-E,Online,SMB,Zara Fontaine,2,222.44,0,444.88,301.62,Shipped
ORD-103660,2023-12-28,SKU-1020,Laptops,UKI,Online,SMB,Rania Kaur,3,3674.26,0.1,9920.5,7172.16,Shipped
ORD-104366,2023-12-28,SKU-1094,Storage,UKI,Online,Consumer,Rosa Weber,4,321.11,0,1284.44,899.56,Shipped
ORD-104743,2023-12-28,SKU-1025,Monitors,UKI,Online,Enterprise,Emeka Lindqvist,5,577.77,0,2888.85,1990.05,Shipped
ORD-103858,2023-12-29,SKU-1077,Networking,LATAM,Partner,SMB,Nadia Kowalski,3,740.62,0.15,1888.58,1349.82,Shipped
ORD-101474,2023-12-30,SKU-1088,Storage,NA-E,Online,Mid-Market,Viktor Zhang,3,601.62,0.2,1443.89,1301.79,Returned
ORD-101490,2023-12-30,SKU-1065,Networking,NA-W,Partner,Consumer,Malik Kowalski,4,417.19,0,1668.76,956.96,Shipped
ORD-102741,2023-12-30,SKU-1009,Laptops,NA-E,Partner,SMB,Adaeze Marchetti,1,3341.5,0.05,3174.42,2318.58,Shipped
ORD-103298,2023-12-30,SKU-1094,Storage,APAC-S,Online,Consumer,Zara Fontaine,1,321.11,0.1,289.0,224.89,Shipped
ORD-103823,2023-12-30,SKU-1079,Networking,DACH,Partner,Consumer,Amara Dahl,6,453.79,0.05,2586.6,1720.56,Shipped
ORD-104031,2023-12-30,SKU-1049,Peripherals,NA-E,Direct,Mid-Market,Ada Vargas,1,426.32,0,426.32,231.11,Shipped
ORD-104441,2023-12-30,SKU-1020,Laptops,APAC-N,Direct,Enterprise,Yara Eriksen,6,3674.26,0.1,19841.0,14344.32,Shipped
ORD-104627,2023-12-30,SKU-1074,Networking,APAC-N,Online,SMB,Thea Ibrahim,4,192.25,0.15,653.65,483.48,Shipped
ORD-100161,2023-12-31,SKU-1031,Monitors,NA-E,Partner,SMB,Yusuf Fontaine,2,953.0,0.1,1715.4,1335.66,Returned
ORD-100635,2023-12-31,SKU-1119,Accessories,APAC-N,Online,SMB,Nadia Kowalski,5,84.73,0.15,360.1,207.8,Returned
ORD-102267,2023-12-31,SKU-1064,Networking,NA-E,Direct,SMB,Nikolai Jensen,2,2008.03,0.05,3815.26,2436.4,Pending
ORD-102434,2023-12-31,SKU-1074,Networking,NA-E,Partner,Consumer,Bao Kaur,2,192.25,0.05,365.27,241.74,Shipped
ORD-103553,2023-12-31,SKU-1060,Peripherals,NA-E,Online,Consumer,Elena Okafor,3,299.52,0.05,853.63,508.95,Returned
ORD-102039,2024-01-01,SKU-1114,Accessories,LATAM,Online,Mid-Market,Malik Andersen,3,150.14,0.05,427.9,217.41,Shipped
ORD-102351,2024-01-01,SKU-1067,Networking,NORDIC,Direct,Enterprise,Bao Alvarez,1,254.78,0.1,229.3,153.76,Shipped
ORD-102770,2024-01-01,SKU-1030,Monitors,LATAM,Partner,Enterprise,Uma Sandoval,2,756.24,0.1,1361.23,1044.4,Returned
ORD-103082,2024-01-01,SKU-1041,Peripherals,UKI,Partner,SMB,Ivan Kaur,2,371.64,0.05,706.12,422.54,Shipped
ORD-104210,2024-01-01,SKU-1052,Peripherals,NA-W,Direct,SMB,Kwame Abara,1,310.49,0,310.49,159.28,Returned
ORD-104651,2024-01-01,SKU-1101,Accessories,LATAM,Partner,Enterprise,Sana Lindqvist,2,149.25,0,298.5,120.1,Shipped
ORD-101553,2024-01-02,SKU-1070,Networking,NA-E,Direct,Mid-Market,Fatima Dahl,4,1052.94,0.25,3158.82,2520.32,Shipped
ORD-104298,2024-01-02,SKU-1030,Monitors,NA-E,Online,Mid-Market,Yusuf Fontaine,1,756.24,0,756.24,522.2,Shipped
ORD-104882,2024-01-02,SKU-1081,Storage,NA-E,Partner,Enterprise,Yusuf Mbeki,1,427.43,0,427.43,295.78,Shipped
ORD-102029,2024-01-03,SKU-1018,Laptops,UKI,Online,Mid-Market,Uma Sandoval,1,2719.05,0.25,2039.29,1773.97,Returned
ORD-104916,2024-01-03,SKU-1079,Networking,UKI,Direct,Enterprise,Ada Zimmerman,5,453.79,0,2268.95,1433.8,Shipped
ORD-100675,2024-01-04,SKU-1113,Accessories,APAC-N,Online,Enterprise,Adaeze Marchetti,7,23.87,0.2,133.67,73.15,Returned
ORD-101909,2024-01-04,SKU-1114,Accessories,UKI,Online,Mid-Market,Zara Sorensen,1,150.14,0.15,127.62,72.47,Shipped
ORD-102448,2024-01-04,SKU-1015,Laptops,NA-E,Online,Enterprise,Rania Eriksen,1,1315.81,0.05,1250.02,924.69,Shipped
ORD-102874,2024-01-04,SKU-1010,Laptops,DACH,Direct,SMB,Adaeze Marchetti,10,1514.87,0.05,14391.26,10902.3,Returned
ORD-104368,2024-01-04,SKU-1046,Peripherals,LATAM,Partner,Mid-Market,Bao Kaur,1,291.02,0.05,276.47,149.29,Shipped
ORD-100202,2024-01-05,SKU-1120,Accessories,DACH,Direct,Enterprise,Petra Ibrahim,3,210.18,0.05,599.01,258.51,Shipped
ORD-100797,2024-01-05,SKU-1107,Accessories,UKI,Direct,SMB,Fatima Dahl,1,92.86,0.1,83.57,37.72,Shipped
ORD-103079,2024-01-05,SKU-1075,Networking,DACH,Online,Mid-Market,Yara Eriksen,2,1273.44,0.05,2419.54,1473.74,Shipped
ORD-100108,2024-01-06,SKU-1057,Peripherals,NA-E,Retail,Enterprise,Zara Fontaine,5,457.5,0.05,2173.12,1142.65,Shipped
ORD-100111,2024-01-06,SKU-1104,Accessories,APAC-N,Online,Mid-Market,Rania Eriksen,4,40.52,0,162.08,77.36,Shipped
ORD-101442,2024-01-06,SKU-1025,Monitors,APAC-N,Direct,Enterprise,Fatima Dahl,11,577.77,0.1,5719.92,4378.11,Returned
ORD-102142,2024-01-06,SKU-1102,Accessories,NORDIC,Online,SMB,Elena Kaur,3,198.44,0,595.32,276.78,Shipped
ORD-103915,2024-01-06,SKU-1064,Networking,DACH,Direct,Consumer,Thea Ibrahim,10,2008.03,0,20080.3,12182.0,Shipped
ORD-104236,2024-01-06,SKU-1015,Laptops,NA-E,Direct,SMB,Uma Sandoval,8,1315.81,0.25,7894.86,7397.52,Shipped
ORD-100250,2024-01-07,SKU-1105,Accessories,NA-W,Online,SMB,Wei Tanaka,4,139.86,0.2,447.55,243.88,Shipped
ORD-100284,2024-01-07,SKU-1031,Monitors,NA-W,Retail,SMB,Malik Kowalski,4,953.0,0,3812.0,2671.32,Shipped
ORD-101836,2024-01-07,SKU-1021,Monitors,NA-W,Partner,Consumer,Viktor Zhang,1,444.75,0,444.75,303.16,Shipped
ORD-101893,2024-01-07,SKU-1066,Networking,DACH,Direct,Mid-Market,Ivan Kaur,3,491.43,0,1474.29,863.07,Returned
ORD-102414,2024-01-07,SKU-1083,Storage,NA-W,Direct,Consumer,Nadia Kowalski,4,132.45,0,529.8,356.84,Returned
ORD-102819,2024-01-07,SKU-1079,Networking,NA-E,Direct,Mid-Market,Elena Laurent,5,453.79,0.25,1701.71,1433.8,Shipped
ORD-103686,2024-01-07,SKU-1035,Monitors,NA-W,Partner,Mid-Market,Elena Kaur,8,1114.67,0.1,8025.62,6104.08,Shipped
ORD-104411,2024-01-07,SKU-1109,Accessories,DACH,Direct,Enterprise,Elena Kaur,2,131.89,0.1,237.4,118.86,Returned
ORD-104814,2024-01-07,SKU-1073,Networking,NORDIC,Online,SMB,Fatima Bennett,4,347.65,0.2,1112.48,905.68,Shipped
ORD-100145,2024-01-08,SKU-1060,Peripherals,NA-W,Partner,SMB,Amara Dahl,4,299.52,0.2,958.46,678.6,Pending
ORD-102140,2024-01-08,SKU-1007,Laptops,UKI,Partner,Consumer,Fatima Iversen,2,1513.38,0,3026.76,2123.48,Pending
ORD-102258,2024-01-08,SKU-1072,Networking,APAC-N,Online,Mid-Market,Wei Tanaka,2,593.71,0.1,1068.68,742.96,Returned
ORD-102591,2024-01-08,SKU-1001,Laptops,NA-E,Direct,Mid-Market,Elena Kaur,3,1590.48,0.05,4532.87,3366.18,Shipped
ORD-102963,2024-01-08,SKU-1066,Networking,NA-E,Direct,Mid-Market,Ada Singh,5,491.43,0,2457.15,1438.45,Shipped
ORD-103102,2024-01-08,SKU-1020,Laptops,DACH,Direct,SMB,Malik Eriksen,1,3674.26,0.15,3123.12,2390.72,Returned
ORD-103150,2024-01-08,SKU-1054,Peripherals,NA-E,Partner,Mid-Market,Malik Eriksen,7,210.36,0,1472.52,732.13,Shipped
ORD-104426,2024-01-08,SKU-1067,Networking,LATAM,Direct,Mid-Market,Zara Fontaine,8,254.78,0,2038.24,1230.08,Shipped
ORD-104458,2024-01-08,SKU-1045,Peripherals,NORDIC,Partner,SMB,Bruno Zhang,13,388.64,0,5052.32,2714.27,Shipped
ORD-104921,2024-01-08,SKU-1109,Accessories,NA-E,Online,SMB,Yusuf Mbeki,9,131.89,0.2,949.61,534.87,Returned
ORD-100912,2024-01-09,SKU-1066,Networking,UKI,Direct,Consumer,Ivan Kaur,1,491.43,0.05,466.86,287.69,Shipped
ORD-101881,2024-01-09,SKU-1081,Storage,DACH,Direct,Mid-Market,Emeka Lindqvist,1,427.43,0,427.43,295.78,Returned
ORD-102405,2024-01-09,SKU-1016,Laptops,UKI,Online,SMB,Fatima Dahl,3,3292.27,0.25,7407.61,6684.12,Pending
ORD-103058,2024-01-09,SKU-1060,Peripherals,NA-W,Direct,Consumer,Yusuf Fontaine,5,299.52,0.05,1422.72,848.25,Returned
ORD-103203,2024-01-09,SKU-1030,Monitors,NA-E,Online,Mid-Market,Nadia Kowalski,2,756.24,0.2,1209.98,1044.4,Shipped
ORD-103558,2024-01-09,SKU-1101,Accessories,NORDIC,Partner,Mid-Market,Paulo Carvalho,7,149.25,0,1044.75,420.35,Shipped
ORD-104051,2024-01-09,SKU-1009,Laptops,NA-W,Partner,Mid-Market,Rosa Marchetti,1,3341.5,0.2,2673.2,2318.58,Shipped
ORD-100822,2024-01-10,SKU-1113,Accessories,DACH,Direct,Enterprise,Petra Ibrahim,1,23.87,0.1,21.48,10.45,Shipped
ORD-103178,2024-01-10,SKU-1046,Peripherals,NA-W,Online,SMB,Nadia Kowalski,1,291.02,0.2,232.82,149.29,Pending
ORD-103699,2024-01-10,SKU-1066,Networking,NA-E,Retail,Consumer,Amara Dahl,8,491.43,0,3931.44,2301.52,Shipped
ORD-104004,2024-01-10,SKU-1014,Laptops,APAC-N,Retail,SMB,Rania Eriksen,1,1949.83,0.05,1852.34,1321.51,Returned
ORD-100703,2024-01-11,SKU-1082,Storage,UKI,Direct,Mid-Market,Amara Dahl,4,199.64,0.15,678.78,561.28,Returned
ORD-101122,2024-01-11,SKU-1083,Storage,NA-W,Direct,Consumer,Rosa Marchetti,1,132.45,0.05,125.83,89.21,Shipped
ORD-102782,2024-01-11,SKU-1071,Networking,DACH,Direct,Consumer,Kwame Abara,1,827.39,0.2,661.91,528.71,Returned
ORD-100103,2024-01-12,SKU-1073,Networking,DACH,Direct,SMB,Paulo Carvalho,1,347.65,0.05,330.27,226.42,Shipped
ORD-100786,2024-01-12,SKU-1106,Accessories,NA-W,Online,SMB,Nikolai Jensen,1,179.48,0.05,170.51,81.37,Returned
ORD-101758,2024-01-12,SKU-1089,Storage,DACH,Online,SMB,Bao Alvarez,2,512.43,0,1024.86,679.4,Shipped
ORD-101853,2024-01-12,SKU-1016,Laptops,NA-W,Partner,Consumer,Ada Vargas,2,3292.27,0,6584.54,4456.08,Returned
ORD-103368,2024-01-12,SKU-1029,Monitors,UKI,Retail,Enterprise,Fatima Dahl,1,438.72,0.1,394.85,287.42,Returned
ORD-102165,2024-01-13,SKU-1054,Peripherals,NA-E,Online,SMB,Bruno Zhang,2,210.36,0.1,378.65,209.18,Shipped
ORD-102167,2024-01-13,SKU-1009,Laptops,NA-W,Direct,Enterprise,Fatima Iversen,7,3341.5,0,23390.5,16230.06,Shipped
ORD-101288,2024-01-14,SKU-1059,Peripherals,NA-E,Partner,SMB,Elena Kaur,3,294.39,0.2,706.54,434.49,Pending
ORD-101379,2024-01-14,SKU-1107,Accessories,APAC-N,Direct,Mid-Market,Ada Zimmerman,1,92.86,0.05,88.22,37.72,Shipped
ORD-103319,2024-01-14,SKU-1062,Networking,DACH,Partner,SMB,Paulo Carvalho,5,864.38,0.1,3889.71,2708.45,Shipped
ORD-103425,2024-01-14,SKU-1004,Laptops,DACH,Online,SMB,Rania Kaur,2,3198.86,0,6397.72,4438.18,Returned
ORD-104040,2024-01-14,SKU-1109,Accessories,NA-W,Online,Mid-Market,Nikolai Jensen,1,131.89,0,131.89,59.43,Shipped
ORD-104641,2024-01-14,SKU-1007,Laptops,NA-W,Partner,SMB,Uma Okafor,1,1513.38,0.1,1362.04,1061.74,Shipped
ORD-104761,2024-01-14,SKU-1045,Peripherals,NORDIC,Partner,SMB,Kwame Abara,3,388.64,0,1165.92,626.37,Pending
ORD-100485,2024-01-15,SKU-1085,Storage,NA-E,Direct,Enterprise,Zara Fontaine,2,163.55,0.05,310.75,246.76,Pending
ORD-101299,2024-01-15,SKU-1035,Monitors,UKI,Partner,Mid-Market,Emeka Lindqvist,1,1114.67,0,1114.67,763.01,Shipped
ORD-102577,2024-01-15,SKU-1082,Storage,NA-W,Direct,Enterprise,Thea Ibrahim,1,199.64,0.15,169.69,140.32,Shipped
ORD-102691,2024-01-15,SKU-1057,Peripherals,NA-W,Direct,Mid-Market,Uma Sandoval,8,457.5,0.15,3111.0,1828.24,Shipped
ORD-102779,2024-01-15,SKU-1107,Accessories,UKI,Direct,Mid-Market,Darius Kaur,6,92.86,0,557.16,226.32,Shipped
ORD-102788,2024-01-15,SKU-1069,Networking,NA-W,Retail,Consumer,Bao Kaur,4,640.52,0.1,2305.87,1562.48,Shipped
ORD-100779,2024-01-16,SKU-1090,Storage,NORDIC,Online,SMB,Petra Ibrahim,2,853.08,0,1706.16,1126.68,Shipped
ORD-101818,2024-01-16,SKU-1088,Storage,NA-E,Retail,SMB,Hana Rossi,2,601.62,0.2,962.59,867.86,Shipped
ORD-103505,2024-01-16,SKU-1009,Laptops,UKI,Online,Mid-Market,Rania Eriksen,2,3341.5,0.25,5012.25,4637.16,Pending
ORD-100256,2024-01-17,SKU-1110,Accessories,APAC-S,Partner,Mid-Market,Rosa Weber,19,50.0,0.15,807.5,455.62,Shipped
ORD-100258,2024-01-17,SKU-1029,Monitors,NORDIC,Direct,SMB,Rania Eriksen,3,438.72,0,1316.16,862.26,Shipped
ORD-101421,2024-01-17,SKU-1033,Monitors,UKI,Online,SMB,Ada Vargas,3,617.73,0.05,1760.53,1200.75,Returned
ORD-101508,2024-01-17,SKU-1071,Networking,NA-E,Direct,SMB,Nikolai Jensen,3,827.39,0.2,1985.74,1586.13,Shipped
ORD-100153,2024-01-18,SKU-1007,Laptops,LATAM,Direct,Mid-Market,Ada Vargas,2,1513.38,0.1,2724.08,2123.48,Shipped
ORD-100232,2024-01-18,SKU-1114,Accessories,NA-E,Retail,SMB,Rania Eriksen,1,150.14,0.1,135.13,72.47,Shipped
ORD-101513,2024-01-18,SKU-1012,Laptops,NA-E,Direct,Mid-Market,Malik Andersen,3,3047.46,0.05,8685.26,6307.17,Shipped
ORD-101732,2024-01-18,SKU-1082,Storage,NA-W,Direct,Consumer,Bao Kaur,6,199.64,0.25,898.38,841.92,Shipped
ORD-102753,2024-01-18,SKU-1072,Networking,DACH,Retail,Consumer,Uma Okafor,2,593.71,0.15,1009.31,742.96,Shipped
ORD-102901,2024-01-18,SKU-1062,Networking,DACH,Partner,SMB,Rania Kaur,3,864.38,0,2593.14,1625.07,Pending
ORD-100279,2024-01-19,SKU-1068,Networking,NA-W,Direct,Mid-Market,Bao Alvarez,4,782.54,0.15,2660.64,1853.0,Shipped
ORD-100604,2024-01-19,SKU-1016,Laptops,NA-E,Direct,Mid-Market,Paulo Carvalho,2,3292.27,0.1,5926.09,4456.08,Shipped
ORD-101434,2024-01-19,SKU-1095,Storage,NA-E,Direct,Enterprise,Amara Dahl,1,537.52,0.15,456.89,385.17,Shipped
ORD-101657,2024-01-19,SKU-1032,Monitors,NA-E,Online,SMB,Yusuf Mbeki,4,929.07,0.05,3530.47,2341.96,Pending
ORD-101949,2024-01-19,SKU-1064,Networking,UKI,Online,Consumer,Rosa Weber,1,2008.03,0,2008.03,1218.2,Shipped
ORD-102989,2024-01-19,SKU-1059,Peripherals,DACH,Online,SMB,Wei Tanaka,12,294.39,0,3532.68,1737.96,Shipped
ORD-103868,2024-01-19,SKU-1071,Networking,NA-W,Retail,Enterprise,Ada Vargas,3,827.39,0.1,2233.95,1586.13,Returned
ORD-104885,2024-01-19,SKU-1024,Monitors,NA-E,Retail,SMB,Bao Alvarez,2,340.87,0,681.74,443.18,Pending
ORD-104891,2024-01-19,SKU-1109,Accessories,DACH,Direct,SMB,Bruno Zhang,1,131.89,0.15,112.11,59.43,Shipped
ORD-100231,2024-01-20,SKU-1028,Monitors,UKI,Online,SMB,Darius Kaur,1,1296.45,0,1296.45,836.57,Shipped
ORD-100344,2024-01-20,SKU-1067,Networking,APAC-N,Direct,Enterprise,Adaeze Marchetti,3,254.78,0,764.34,461.28,Shipped
ORD-100644,2024-01-20,SKU-1031,Monitors,NA-W,Direct,SMB,Ada Singh,1,953.0,0.05,905.35,667.83,Shipped
ORD-101039,2024-01-20,SKU-1038,Monitors,APAC-S,Retail,SMB,Ivan Kaur,1,829.48,0,829.48,554.33,Shipped
ORD-101700,2024-01-20,SKU-1089,Storage,DACH,Direct,SMB,Malik Eriksen,1,512.43,0.05,486.81,339.7,Shipped
ORD-101828,2024-01-20,SKU-1041,Peripherals,NA-E,Online,Consumer,Rosa Weber,22,371.64,0.25,6132.06,4647.94,Shipped
ORD-101941,2024-01-20,SKU-1065,Networking,UKI,Partner,Mid-Market,Fatima Bennett,5,417.19,0.1,1877.35,1196.2,Shipped
ORD-101959,2024-01-20,SKU-1064,Networking,NA-E,Online,SMB,Zara Fontaine,3,2008.03,0,6024.09,3654.6,Shipped
ORD-102194,2024-01-20,SKU-1010,Laptops,NA-W,Online,Consumer,Darius Kaur,4,1514.87,0,6059.48,4360.92,Shipped
ORD-102420,2024-01-20,SKU-1001,Laptops,NA-E,Direct,Enterprise,Nadia Kowalski,5,1590.48,0,7952.4,5610.3,Shipped
ORD-103731,2024-01-20,SKU-1117,Accessories,DACH,Direct,Mid-Market,Darius Kaur,1,127.94,0.15,108.75,55.83,Shipped
ORD-103761,2024-01-20,SKU-1106,Accessories,LATAM,Direct,Enterprise,Paulo Carvalho,3,179.48,0.15,457.67,244.11,Shipped
ORD-100498,2024-01-21,SKU-1112,Accessories,LATAM,Online,Consumer,Hana Rossi,4,160.4,0.2,513.28,295.92,Returned
ORD-101611,2024-01-21,SKU-1037,Monitors,NA-W,Online,SMB,Yusuf Mbeki,2,1230.78,0.05,2338.48,1565.38,Shipped
ORD-101663,2024-01-21,SKU-1039,Monitors,NA-E,Online,Mid-Market,Ada Singh,4,1201.03,0.1,4323.71,2992.52,Shipped
ORD-104934,2024-01-21,SKU-1091,Storage,LATAM,Online,Mid-Market,Greta Haddad,1,949.67,0.15,807.22,699.51,Shipped
ORD-100607,2024-01-22,SKU-1077,Networking,UKI,Partner,SMB,Uma Okafor,2,740.62,0,1481.24,899.88,Shipped
ORD-101526,2024-01-22,SKU-1056,Peripherals,NA-W,Online,Enterprise,Darius Kaur,1,45.14,0.2,36.11,22.62,Shipped
ORD-101892,2024-01-23,SKU-1046,Peripherals,NA-W,Direct,Consumer,Uma Okafor,9,291.02,0.15,2226.3,1343.61,Shipped
ORD-101907,2024-01-23,SKU-1035,Monitors,UKI,Online,Mid-Market,Amara Dahl,3,1114.67,0,3344.01,2289.03,Shipped
ORD-103031,2024-01-23,SKU-1071,Networking,NA-E,Online,SMB,Malik Eriksen,3,827.39,0,2482.17,1586.13,Shipped
ORD-103647,2024-01-23,SKU-1061,Networking,LATAM,Direct,Mid-Market,Bao Kaur,3,1191.4,0,3574.2,2087.97,Shipped
ORD-104107,2024-01-23,SKU-1004,Laptops,LATAM,Direct,Consumer,Hana Rossi,6,3198.86,0.15,16314.19,13314.54,Pending
ORD-101737,2024-01-24,SKU-1005,Laptops,NA-W,Partner,SMB,Fatima Iversen,6,1611.9,0.05,9187.83,6193.74,Shipped
ORD-101743,2024-01-24,SKU-1022,Monitors,NA-E,Partner,Consumer,Fatima Iversen,8,296.21,0.1,2132.71,1562.08,Shipped
ORD-101797,2024-01-24,SKU-1072,Networking,NORDIC,Online,Mid-Market,Malik Andersen,5,593.71,0.15,2523.27,1857.4,Shipped
ORD-104409,2024-01-24,SKU-1062,Networking,APAC-N,Partner,SMB,Yusuf Mbeki,1,864.38,0.05,821.16,541.69,Shipped
ORD-104785,2024-01-24,SKU-1025,Monitors,DACH,Online,Enterprise,Bao Alvarez,9,577.77,0,5199.93,3582.09,Shipped
ORD-100548,2024-01-25,SKU-1079,Networking,DACH,Retail,SMB,Darius Kaur,2,453.79,0,907.58,573.52,Shipped
ORD-103202,2024-01-25,SKU-1024,Monitors,LATAM,Online,SMB,Petra Ibrahim,16,340.87,0.2,4363.14,3545.44,Shipped
ORD-103743,2024-01-25,SKU-1120,Accessories,APAC-N,Direct,Mid-Market,Emeka Lindqvist,3,210.18,0.15,535.96,258.51,Pending
ORD-103949,2024-01-25,SKU-1106,Accessories,APAC-N,Partner,SMB,Ivan Kaur,1,179.48,0.25,134.61,81.37,Shipped
ORD-100828,2024-01-26,SKU-1059,Peripherals,NORDIC,Online,Enterprise,Ada Zimmerman,2,294.39,0,588.78,289.66,Pending
ORD-101328,2024-01-26,SKU-1075,Networking,DACH,Partner,Consumer,Bruno Zhang,2,1273.44,0.05,2419.54,1473.74,Shipped
ORD-101794,2024-01-26,SKU-1037,Monitors,NA-W,Partner,Mid-Market,Ada Vargas,3,1230.78,0.05,3507.72,2348.07,Shipped
ORD-103613,2024-01-26,SKU-1112,Accessories,NA-W,Online,Enterprise,Nikolai Jensen,4,160.4,0,641.6,295.92,Pending
ORD-101507,2024-01-27,SKU-1010,Laptops,NA-W,Partner,SMB,Darius Kaur,2,1514.87,0.2,2423.79,2180.46,Shipped
ORD-101977,2024-01-27,SKU-1048,Peripherals,DACH,Direct,Mid-Market,Greta Haddad,14,405.97,0.05,5399.4,2808.96,Shipped
ORD-103498,2024-01-27,SKU-1115,Accessories,UKI,Online,SMB,Rania Kaur,5,201.56,0,1007.8,479.3,Shipped
ORD-103590,2024-01-27,SKU-1112,Accessories,NA-W,Online,SMB,Rania Eriksen,1,160.4,0.25,120.3,73.98,Shipped
ORD-104874,2024-01-27,SKU-1016,Laptops,NA-W,Partner,Mid-Market,Fatima Dahl,1,3292.27,0,3292.27,2228.04,Shipped
ORD-100021,2024-01-28,SKU-1120,Accessories,UKI,Direct,SMB,Bruno Zhang,13,210.18,0.2,2185.87,1120.21,Returned
ORD-100526,2024-01-28,SKU-1108,Accessories,APAC-S,Direct,Enterprise,Yara Eriksen,7,111.01,0.25,582.8,335.58,Shipped
ORD-100866,2024-01-28,SKU-1021,Monitors,NA-W,Online,SMB,Petra Ibrahim,2,444.75,0.25,667.12,606.32,Shipped
ORD-102429,2024-01-28,SKU-1005,Laptops,UKI,Partner,SMB,Elena Laurent,3,1611.9,0.05,4593.92,3096.87,Shipped
ORD-102726,2024-01-28,SKU-1014,Laptops,NA-E,Online,SMB,Uma Sandoval,8,1949.83,0.05,14818.71,10572.08,Shipped
ORD-100015,2024-01-29,SKU-1085,Storage,UKI,Partner,Mid-Market,Yusuf Fontaine,1,163.55,0,163.55,123.38,Shipped
ORD-100402,2024-01-29,SKU-1069,Networking,NA-E,Direct,SMB,Yusuf Fontaine,2,640.52,0.1,1152.94,781.24,Shipped
ORD-101355,2024-01-31,SKU-1013,Laptops,NA-E,Online,SMB,Ivan Kaur,2,2073.19,0.15,3524.42,2781.3,Pending
ORD-103350,2024-01-31,SKU-1074,Networking,NA-E,Retail,SMB,Zara Fontaine,17,192.25,0.05,3104.84,2054.79,Shipped
ORD-100493,2024-02-01,SKU-1024,Monitors,LATAM,Partner,Consumer,Rania Eriksen,1,340.87,0.1,306.78,221.59,Pending
ORD-101136,2024-02-01,SKU-1029,Monitors,UKI,Direct,Mid-Market,Sana Lindqvist,1,438.72,0.15,372.91,287.42,Returned
ORD-100187,2024-02-02,SKU-1083,Storage,DACH,Online,Mid-Market,Ada Vargas,5,132.45,0.1,596.02,446.05,Shipped
ORD-100252,2024-02-02,SKU-1060,Peripherals,NORDIC,Direct,Mid-Market,Nikolai Jensen,1,299.52,0.05,284.54,169.65,Shipped
ORD-100463,2024-02-02,SKU-1084,Storage,NORDIC,Online,SMB,Emeka Weber,7,497.7,0.15,2961.32,2552.06,Shipped
ORD-101459,2024-02-02,SKU-1051,Peripherals,LATAM,Online,SMB,Uma Okafor,4,311.03,0.1,1119.71,712.72,Returned
ORD-101642,2024-02-02,SKU-1096,Storage,NA-W,Direct,Enterprise,Fatima Iversen,1,924.54,0,924.54,664.98,Shipped
ORD-104253,2024-02-02,SKU-1084,Storage,NA-E,Direct,SMB,Greta Haddad,10,497.7,0,4977.0,3645.8,Returned
ORD-104960,2024-02-02,SKU-1008,Laptops,NA-W,Direct,Enterprise,Ada Singh,7,2860.19,0.1,18019.2,13929.51,Shipped
ORD-100487,2024-02-03,SKU-1075,Networking,NA-E,Online,SMB,Petra Ibrahim,3,1273.44,0.25,2865.24,2210.61,Pending
ORD-101371,2024-02-03,SKU-1080,Networking,UKI,Online,Mid-Market,Bruno Zhang,7,788.65,0.05,5244.52,3616.41,Shipped
ORD-101945,2024-02-03,SKU-1001,Laptops,NA-W,Partner,Consumer,Bruno Zhang,3,1590.48,0,4771.44,3366.18,Shipped
ORD-102549,2024-02-03,SKU-1015,Laptops,NORDIC,Partner,Mid-Market,Yara Eriksen,1,1315.81,0.2,1052.65,924.69,Returned
ORD-104539,2024-02-03,SKU-1113,Accessories,NA-E,Retail,SMB,Ada Singh,3,23.87,0,71.61,31.35,Shipped
ORD-100294,2024-02-04,SKU-1070,Networking,NORDIC,Direct,Enterprise,Bao Alvarez,2,1052.94,0.2,1684.7,1260.16,Pending
ORD-101839,2024-02-04,SKU-1014,Laptops,NA-E,Online,Consumer,Malik Andersen,1,1949.83,0.25,1462.37,1321.51,Shipped
ORD-102182,2024-02-04,SKU-1018,Laptops,NA-E,Direct,Mid-Market,Amara Dahl,2,2719.05,0.1,4894.29,3547.94,Shipped
ORD-102476,2024-02-04,SKU-1081,Storage,UKI,Online,Enterprise,Bao Kaur,4,427.43,0,1709.72,1183.12,Returned
ORD-104116,2024-02-04,SKU-1106,Accessories,UKI,Partner,Enterprise,Emeka Lindqvist,8,179.48,0.15,1220.46,650.96,Shipped
ORD-104560,2024-02-04,SKU-1013,Laptops,UKI,Online,Mid-Market,Nikolai Jensen,4,2073.19,0.25,6219.57,5562.6,Returned
ORD-104879,2024-02-04,SKU-1092,Storage,NA-W,Online,SMB,Fatima Dahl,8,227.16,0.05,1726.42,1285.2,Shipped
ORD-104976,2024-02-04,SKU-1112,Accessories,APAC-N,Online,SMB,Uma Okafor,32,160.4,0,5132.8,2367.36,Shipped
ORD-101412,2024-02-05,SKU-1001,Laptops,NA-W,Online,Mid-Market,Viktor Zhang,3,1590.48,0.1,4294.3,3366.18,Shipped
ORD-102846,2024-02-05,SKU-1107,Accessories,NORDIC,Partner,SMB,Rania Eriksen,3,92.86,0.2,222.86,113.16,Shipped
ORD-102849,2024-02-05,SKU-1071,Networking,APAC-N,Online,Enterprise,Hana Rossi,8,827.39,0,6619.12,4229.68,Shipped
ORD-104582,2024-02-05,SKU-1049,Peripherals,NA-W,Online,Consumer,Ada Zimmerman,1,426.32,0,426.32,231.11,Returned
ORD-100522,2024-02-06,SKU-1017,Laptops,NA-E,Partner,Mid-Market,Hana Rossi,2,3083.45,0.1,5550.21,4360.98,Shipped
ORD-102491,2024-02-06,SKU-1098,Storage,UKI,Online,Enterprise,Thea Ibrahim,1,587.94,0.05,558.54,407.17,Shipped
ORD-100241,2024-02-07,SKU-1014,Laptops,NA-W,Direct,SMB,Paulo Carvalho,1,1949.83,0.15,1657.36,1321.51,Shipped
ORD-100538,2024-02-07,SKU-1092,Storage,NORDIC,Direct,Mid-Market,Bruno Zhang,2,227.16,0,454.32,321.3,Shipped
ORD-101687,2024-02-07,SKU-1084,Storage,NA-W,Direct,Mid-Market,Thea Ibrahim,2,497.7,0,995.4,729.16,Shipped
ORD-104803,2024-02-07,SKU-1023,Monitors,NA-W,Online,Mid-Market,Fatima Iversen,28,1366.21,0,38253.88,25166.68,Pending
ORD-100340,2024-02-08,SKU-1043,Peripherals,UKI,Retail,Enterprise,Sana Lindqvist,2,212.9,0.05,404.51,226.3,Pending
ORD-100577,2024-02-08,SKU-1064,Networking,NA-W,Direct,SMB,Fatima Dahl,2,2008.03,0,4016.06,2436.4,Shipped
ORD-102052,2024-02-08,SKU-1063,Networking,NA-W,Partner,Mid-Market,Rosa Marchetti,6,935.12,0.05,5330.18,3610.68,Shipped
ORD-102144,2024-02-08,SKU-1035,Monitors,NA-E,Direct,Consumer,Emeka Lindqvist,1,1114.67,0.1,1003.2,763.01,Returned
ORD-102632,2024-02-08,SKU-1073,Networking,NA-W,Direct,Mid-Market,Rania Kaur,1,347.65,0,347.65,226.42,Returned
ORD-103866,2024-02-08,SKU-1097,Storage,UKI,Online,SMB,Rania Eriksen,2,176.34,0,352.68,266.7,Shipped
ORD-104371,2024-02-08,SKU-1021,Monitors,APAC-S,Online,SMB,Elena Laurent,2,444.75,0,889.5,606.32,Shipped
ORD-104595,2024-02-08,SKU-1007,Laptops,NA-E,Partner,Mid-Market,Elena Kaur,6,1513.38,0,9080.28,6370.44,Pending
ORD-101583,2024-02-09,SKU-1043,Peripherals,NA-E,Online,Mid-Market,Emeka Lindqvist,3,212.9,0.05,606.76,339.45,Shipped
ORD-102361,2024-02-09,SKU-1050,Peripherals,DACH,Direct,Enterprise,Ivan Kaur,1,335.4,0,335.4,189.69,Returned
ORD-100743,2024-02-10,SKU-1062,Networking,DACH,Online,Consumer,Yusuf Fontaine,2,864.38,0.2,1383.01,1083.38,Shipped
ORD-101070,2024-02-10,SKU-1099,Storage,LATAM,Direct,Consumer,Ada Singh,1,881.67,0.1,793.5,593.89,Shipped
ORD-102379,2024-02-10,SKU-1063,Networking,UKI,Partner,Mid-Market,Emeka Weber,1,935.12,0.2,748.1,601.78,Shipped
ORD-104694,2024-02-10,SKU-1019,Laptops,NA-W,Direct,SMB,Malik Andersen,6,1704.93,0.05,9718.1,7052.82,Shipped
ORD-104793,2024-02-10,SKU-1071,Networking,NA-W,Partner,Mid-Market,Elena Laurent,1,827.39,0.05,786.02,528.71,Shipped
ORD-104924,2024-02-10,SKU-1065,Networking,DACH,Direct,Mid-Market,Emeka Lindqvist,17,417.19,0.2,5673.78,4067.08,Shipped
ORD-100523,2024-02-11,SKU-1088,Storage,NA-W,Direct,SMB,Malik Kowalski,3,601.62,0,1804.86,1301.79,Shipped
ORD-102618,2024-02-11,SKU-1041,Peripherals,NA-E,Online,SMB,Uma Sandoval,1,371.64,0.15,315.89,211.27,Pending
ORD-104482,2024-02-11,SKU-1051,Peripherals,NA-W,Retail,Mid-Market,Chen Iversen,6,311.03,0.05,1772.87,1069.08,Shipped
ORD-100661,2024-02-12,SKU-1032,Monitors,UKI,Partner,Consumer,Zara Fontaine,1,929.07,0,929.07,585.49,Shipped
ORD-101810,2024-02-12,SKU-1025,Monitors,NA-E,Online,Enterprise,Bruno Zhang,3,577.77,0,1733.31,1194.03,Shipped
ORD-102667,2024-02-12,SKU-1078,Networking,NA-E,Partner,Mid-Market,Uma Okafor,1,981.51,0,981.51,583.05,Returned
ORD-104272,2024-02-12,SKU-1024,Monitors,APAC-N,Online,Mid-Market,Petra Ibrahim,1,340.87,0,340.87,221.59,Shipped
ORD-101165,2024-02-13,SKU-1109,Accessories,UKI,Partner,Enterprise,Elena Kaur,1,131.89,0,131.89,59.43,Shipped
ORD-102101,2024-02-13,SKU-1056,Peripherals,NA-W,Partner,Mid-Market,Uma Okafor,1,45.14,0,45.14,22.62,Shipped
ORD-102634,2024-02-13,SKU-1107,Accessories,NA-W,Online,Mid-Market,Fatima Iversen,3,92.86,0.05,264.65,113.16,Shipped
ORD-104945,2024-02-13,SKU-1105,Accessories,UKI,Direct,Mid-Market,Zara Fontaine,18,139.86,0.15,2139.86,1097.46,Shipped
ORD-100234,2024-02-14,SKU-1111,Accessories,NA-E,Online,SMB,Fatima Dahl,5,118.52,0.1,533.34,253.35,Returned
ORD-100785,2024-02-14,SKU-1091,Storage,APAC-S,Online,SMB,Fatima Iversen,3,949.67,0.15,2421.66,2098.53,Shipped
ORD-102733,2024-02-14,SKU-1015,Laptops,DACH,Direct,Consumer,Fatima Bennett,1,1315.81,0,1315.81,924.69,Shipped
ORD-102986,2024-02-14,SKU-1059,Peripherals,NA-W,Direct,SMB,Rosa Weber,6,294.39,0.05,1678.02,868.98,Returned
ORD-104686,2024-02-14,SKU-1020,Laptops,NA-E,Online,Mid-Market,Darius Kaur,7,3674.26,0.05,24433.83,16735.04,Returned
ORD-102153,2024-02-15,SKU-1082,Storage,DACH,Online,SMB,Malik Kowalski,6,199.64,0,1197.84,841.92,Pending
ORD-104130,2024-02-15,SKU-1098,Storage,NA-W,Direct,SMB,Fatima Dahl,7,587.94,0.25,3086.68,2850.19,Shipped
ORD-104507,2024-02-15,SKU-1086,Storage,UKI,Direct,SMB,Viktor Zhang,2,1066.03,0.05,2025.46,1412.88,Shipped
ORD-102007,2024-02-16,SKU-1084,Storage,DACH,Retail,SMB,Darius Kaur,1,497.7,0.05,472.81,364.58,Returned
ORD-103557,2024-02-16,SKU-1106,Accessories,LATAM,Direct,Enterprise,Wei Tanaka,4,179.48,0.25,538.44,325.48,Shipped
ORD-100465,2024-02-17,SKU-1075,Networking,NA-W,Direct,SMB,Nadia Kowalski,5,1273.44,0.1,5730.48,3684.35,Pending
ORD-101613,2024-02-17,SKU-1018,Laptops,NA-E,Online,Mid-Market,Bruno Zhang,3,2719.05,0.05,7749.29,5321.91,Pending
ORD-103233,2024-02-17,SKU-1096,Storage,NA-W,Partner,SMB,Nikolai Jensen,5,924.54,0,4622.7,3324.9,Pending
ORD-101321,2024-02-18,SKU-1100,Storage,UKI,Online,SMB,Yara Eriksen,1,754.71,0,754.71,499.86,Pending
ORD-104550,2024-02-18,SKU-1065,Networking,DACH,Partner,SMB,Darius Kaur,5,417.19,0.15,1773.06,1196.2,Shipped
ORD-101300,2024-02-19,SKU-1072,Networking,APAC-S,Partner,Enterprise,Bao Kaur,1,593.71,0.05,564.02,371.48,Shipped
ORD-101630,2024-02-19,SKU-1027,Monitors,NORDIC,Online,SMB,Chen Iversen,6,487.06,0.05,2776.24,1989.36,Shipped
ORD-102698,2024-02-19,SKU-1062,Networking,APAC-N,Direct,Mid-Market,Ada Zimmerman,5,864.38,0.25,3241.42,2708.45,Pending
ORD-103379,2024-02-19,SKU-1028,Monitors,APAC-S,Partner,Enterprise,Malik Kowalski,8,1296.45,0.05,9853.02,6692.56,Pending
ORD-104030,2024-02-19,SKU-1051,Peripherals,NA-W,Online,Mid-Market,Elena Okafor,6,311.03,0,1866.18,1069.08,Shipped
ORD-104789,2024-02-19,SKU-1006,Laptops,APAC-N,Partner,Mid-Market,Uma Sandoval,4,2229.97,0,8919.88,5935.32,Shipped
ORD-100688,2024-02-20,SKU-1110,Accessories,LATAM,Direct,Enterprise,Adaeze Marchetti,1,50.0,0.15,42.5,23.98,Shipped
ORD-102424,2024-02-20,SKU-1012,Laptops,NORDIC,Direct,Enterprise,Thea Ibrahim,1,3047.46,0,3047.46,2102.39,Shipped
ORD-103944,2024-02-20,SKU-1028,Monitors,APAC-S,Online,Mid-Market,Thea Delgado,4,1296.45,0,5185.8,3346.28,Shipped
ORD-102851,2024-02-21,SKU-1099,Storage,NA-W,Partner,SMB,Bao Alvarez,1,881.67,0.2,705.34,593.89,Pending
ORD-103094,2024-02-21,SKU-1010,Laptops,LATAM,Online,SMB,Rosa Marchetti,8,1514.87,0.15,10301.12,8721.84,Shipped
ORD-104115,2024-02-21,SKU-1034,Monitors,UKI,Retail,Enterprise,Rosa Weber,2,511.32,0.25,766.98,631.44,Shipped
ORD-100880,2024-02-22,SKU-1027,Monitors,NORDIC,Retail,SMB,Rosa Weber,2,487.06,0.25,730.59,663.12,Shipped
ORD-100535,2024-02-23,SKU-1049,Peripherals,APAC-S,Partner,Mid-Market,Petra Ibrahim,2,426.32,0,852.64,462.22,Shipped
ORD-100678,2024-02-23,SKU-1015,Laptops,NA-W,Partner,Enterprise,Rania Eriksen,4,1315.81,0.05,5000.08,3698.76,Shipped
ORD-102673,2024-02-23,SKU-1026,Monitors,NA-W,Partner,SMB,Adaeze Marchetti,3,371.18,0.05,1057.86,762.06,Shipped
ORD-103556,2024-02-23,SKU-1113,Accessories,NA-E,Partner,Consumer,Thea Ibrahim,5,23.87,0.25,89.51,52.25,Returned
ORD-104378,2024-02-23,SKU-1110,Accessories,NA-W,Direct,Mid-Market,Bao Alvarez,2,50.0,0,100.0,47.96,Pending
ORD-100350,2024-02-24,SKU-1070,Networking,UKI,Online,Mid-Market,Viktor Zhang,2,1052.94,0.15,1790.0,1260.16,Shipped
ORD-100575,2024-02-24,SKU-1116,Accessories,UKI,Partner,Mid-Market,Malik Kowalski,4,147.71,0.1,531.76,290.12,Shipped
ORD-100751,2024-02-24,SKU-1031,Monitors,NA-E,Retail,SMB,Amara Dahl,1,953.0,0,953.0,667.83,Shipped
ORD-101799,2024-02-24,SKU-1008,Laptops,NA-E,Partner,SMB,Emeka Weber,1,2860.19,0.05,2717.18,1989.93,Pending
ORD-103533,2024-02-24,SKU-1010,Laptops,LATAM,Online,Mid-Market,Elena Laurent,1,1514.87,0.15,1287.64,1090.23,Returned
ORD-104819,2024-02-24,SKU-1007,Laptops,APAC-N,Online,SMB,Chen Iversen,4,1513.38,0.25,4540.14,4246.96,Shipped
ORD-100405,2024-02-25,SKU-1091,Storage,APAC-N,Partner,Enterprise,Emeka Lindqvist,6,949.67,0.25,4273.51,4197.06,Returned
ORD-102324,2024-02-25,SKU-1053,Peripherals,NORDIC,Online,Consumer,Malik Eriksen,2,417.51,0.2,668.02,433.12,Shipped
ORD-102051,2024-02-26,SKU-1014,Laptops,NA-E,Direct,SMB,Fatima Dahl,1,1949.83,0.25,1462.37,1321.51,Shipped
ORD-103676,2024-02-26,SKU-1070,Networking,NA-E,Direct,Mid-Market,Malik Kowalski,1,1052.94,0.1,947.65,630.08,Pending
ORD-104295,2024-02-26,SKU-1032,Monitors,UKI,Direct,SMB,Ada Singh,1,929.07,0.05,882.62,585.49,Shipped
ORD-104619,2024-02-26,SKU-1082,Storage,APAC-N,Online,Consumer,Ivan Kaur,1,199.64,0.1,179.68,140.32,Returned
ORD-101571,2024-02-27,SKU-1097,Storage,NORDIC,Direct,SMB,Adaeze Marchetti,5,176.34,0,881.7,666.75,Returned
ORD-100114,2024-02-28,SKU-1113,Accessories,APAC-N,Online,SMB,Sana Lindqvist,1,23.87,0.2,19.1,10.45,Returned
ORD-101529,2024-02-28,SKU-1119,Accessories,NA-W,Online,SMB,Bao Alvarez,3,84.73,0.15,216.06,124.68,Shipped
ORD-101984,2024-02-28,SKU-1060,Peripherals,NA-W,Direct,SMB,Petra Ibrahim,5,299.52,0.05,1422.72,848.25,Shipped
ORD-102308,2024-02-28,SKU-1034,Monitors,NA-W,Partner,SMB,Emeka Lindqvist,1,511.32,0.15,434.62,315.72,Pending
ORD-104270,2024-02-28,SKU-1019,Laptops,DACH,Direct,Consumer,Sana Lindqvist,7,1704.93,0.25,8950.88,8228.29,Returned
ORD-104735,2024-02-28,SKU-1084,Storage,NA-E,Direct,Enterprise,Ada Zimmerman,7,497.7,0.2,2787.12,2552.06,Shipped
ORD-100173,2024-02-29,SKU-1044,Peripherals,NA-E,Direct,Mid-Market,Chen Iversen,4,42.05,0,168.2,85.12,Shipped
ORD-100292,2024-02-29,SKU-1120,Accessories,NA-W,Direct,SMB,Wei Tanaka,4,210.18,0,840.72,344.68,Returned
ORD-100413,2024-02-29,SKU-1098,Storage,NA-E,Direct,Enterprise,Ada Zimmerman,4,587.94,0.15,1999.0,1628.68,Shipped
ORD-100659,2024-02-29,SKU-1020,Laptops,NA-W,Online,Mid-Market,Kwame Abara,8,3674.26,0,29394.08,19125.76,Shipped
ORD-101168,2024-02-29,SKU-1001,Laptops,NA-E,Direct,Consumer,Nikolai Jensen,8,1590.48,0.05,12087.65,8976.48,Shipped
ORD-102109,2024-02-29,SKU-1083,Storage,NA-E,Partner,SMB,Petra Ibrahim,3,132.45,0.25,298.01,267.63,Pending
ORD-102268,2024-02-29,SKU-1054,Peripherals,NA-E,Online,Enterprise,Nikolai Jensen,13,210.36,0.2,2187.74,1359.67,Shipped
ORD-103616,2024-02-29,SKU-1075,Networking,NA-E,Direct,Mid-Market,Kwame Abara,2,1273.44,0.15,2164.85,1473.74,Returned
ORD-101547,2024-03-01,SKU-1080,Networking,DACH,Online,Mid-Market,Malik Eriksen,1,788.65,0.2,630.92,516.63,Shipped
ORD-101647,2024-03-01,SKU-1054,Peripherals,UKI,Online,Mid-Market,Chen Iversen,1,210.36,0.05,199.84,104.59,Returned
ORD-104246,2024-03-01,SKU-1007,Laptops,NA-W,Online,SMB,Yara Eriksen,1,1513.38,0.25,1135.04,1061.74,Shipped
ORD-101008,2024-03-02,SKU-1101,Accessories,NA-W,Online,Enterprise,Greta Haddad,1,149.25,0.05,141.79,60.05,Shipped
ORD-102041,2024-03-02,SKU-1071,Networking,APAC-N,Direct,SMB,Hana Rossi,6,827.39,0,4964.34,3172.26,Shipped
ORD-103335,2024-03-02,SKU-1117,Accessories,APAC-N,Direct,Mid-Market,Emeka Weber,1,127.94,0,127.94,55.83,Returned
ORD-104520,2024-03-02,SKU-1119,Accessories,DACH,Direct,Enterprise,Emeka Weber,2,84.73,0.1,152.51,83.12,Shipped
ORD-100088,2024-03-03,SKU-1025,Monitors,NA-E,Direct,SMB,Yusuf Mbeki,2,577.77,0.05,1097.76,796.02,Shipped
ORD-101426,2024-03-03,SKU-1022,Monitors,NA-E,Online,Mid-Market,Thea Delgado,1,296.21,0.15,251.78,195.26,Shipped
ORD-101733,2024-03-03,SKU-1099,Storage,DACH,Direct,Enterprise,Nikolai Jensen,2,881.67,0.15,1498.84,1187.78,Shipped
ORD-102292,2024-03-03,SKU-1073,Networking,APAC-S,Partner,Mid-Market,Malik Andersen,2,347.65,0.25,521.47,452.84,Shipped
ORD-104926,2024-03-03,SKU-1047,Peripherals,APAC-N,Direct,Enterprise,Rania Kaur,3,240.32,0.2,576.77,379.74,Shipped
ORD-101532,2024-03-04,SKU-1039,Monitors,LATAM,Online,SMB,Zara Sorensen,1,1201.03,0,1201.03,748.13,Shipped
ORD-102275,2024-03-04,SKU-1069,Networking,NA-E,Direct,Consumer,Wei Tanaka,6,640.52,0.2,3074.5,2343.72,Shipped
ORD-100481,2024-03-05,SKU-1114,Accessories,APAC-N,Direct,SMB,Viktor Zhang,1,150.14,0.25,112.6,72.47,Returned
ORD-101584,2024-03-05,SKU-1031,Monitors,UKI,Direct,Mid-Market,Elena Kaur,4,953.0,0,3812.0,2671.32,Shipped
ORD-102862,2024-03-05,SKU-1022,Monitors,NORDIC,Direct,Enterprise,Amara Dahl,3,296.21,0.05,844.2,585.78,Returned
ORD-104598,2024-03-05,SKU-1082,Storage,LATAM,Online,SMB,Darius Kaur,3,199.64,0.15,509.08,420.96,Pending
ORD-104943,2024-03-05,SKU-1060,Peripherals,NA-W,Online,Mid-Market,Malik Kowalski,9,299.52,0,2695.68,1526.85,Shipped
ORD-101930,2024-03-06,SKU-1051,Peripherals,NA-E,Online,Mid-Market,Hana Rossi,5,311.03,0.15,1321.88,890.9,Shipped
ORD-103979,2024-03-06,SKU-1052,Peripherals,NA-W,Online,Mid-Market,Ivan Kaur,5,310.49,0.05,1474.83,796.4,Shipped
ORD-104068,2024-03-06,SKU-1012,Laptops,DACH,Direct,Enterprise,Yusuf Fontaine,4,3047.46,0.05,11580.35,8409.56,Shipped
ORD-104195,2024-03-06,SKU-1105,Accessories,NA-E,Direct,Enterprise,Greta Haddad,7,139.86,0.25,734.27,426.79,Returned
ORD-102539,2024-03-07,SKU-1011,Laptops,NA-W,Partner,SMB,Thea Delgado,4,2304.08,0.05,8755.5,5957.2,Pending
ORD-102601,2024-03-07,SKU-1105,Accessories,UKI,Partner,Consumer,Elena Okafor,6,139.86,0,839.16,365.82,Shipped
ORD-103932,2024-03-07,SKU-1115,Accessories,APAC-S,Online,SMB,Thea Delgado,3,201.56,0.2,483.74,287.58,Shipped
ORD-104143,2024-03-07,SKU-1038,Monitors,DACH,Direct,Mid-Market,Uma Sandoval,1,829.48,0.05,788.01,554.33,Shipped
ORD-104217,2024-03-07,SKU-1096,Storage,DACH,Online,Mid-Market,Bao Kaur,24,924.54,0,22188.96,15959.52,Shipped
ORD-102944,2024-03-08,SKU-1091,Storage,NA-W,Partner,SMB,Yusuf Fontaine,2,949.67,0.2,1519.47,1399.02,Shipped
ORD-103887,2024-03-08,SKU-1066,Networking,APAC-S,Partner,SMB,Paulo Carvalho,2,491.43,0.15,835.43,575.38,Shipped
ORD-100406,2024-03-09,SKU-1092,Storage,NA-E,Direct,SMB,Malik Kowalski,1,227.16,0.1,204.44,160.65,Shipped
ORD-100511,2024-03-09,SKU-1003,Laptops,APAC-N,Online,SMB,Thea Delgado,1,2349.75,0.05,2232.26,1512.37,Shipped
ORD-101752,2024-03-09,SKU-1034,Monitors,NA-W,Direct,Consumer,Thea Delgado,2,511.32,0.2,818.11,631.44,Shipped
ORD-101943,2024-03-09,SKU-1027,Monitors,NA-W,Online,Enterprise,Rania Kaur,6,487.06,0.1,2630.12,1989.36,Returned
ORD-103050,2024-03-09,SKU-1056,Peripherals,APAC-S,Online,SMB,Emeka Weber,1,45.14,0,45.14,22.62,Shipped
ORD-100857,2024-03-10,SKU-1017,Laptops,NA-E,Partner,Enterprise,Rosa Weber,3,3083.45,0,9250.35,6541.47,Returned
ORD-102343,2024-03-10,SKU-1075,Networking,NA-W,Partner,Enterprise,Bao Alvarez,3,1273.44,0,3820.32,2210.61,Shipped
ORD-103358,2024-03-10,SKU-1112,Accessories,NA-E,Online,Enterprise,Hana Rossi,10,160.4,0.1,1443.6,739.8,Shipped
ORD-103848,2024-03-10,SKU-1053,Peripherals,NA-E,Partner,SMB,Bruno Zhang,12,417.51,0,5010.12,2598.72,Shipped
ORD-103878,2024-03-10,SKU-1092,Storage,NA-E,Online,Enterprise,Bao Kaur,4,227.16,0,908.64,642.6,Pending
ORD-104125,2024-03-10,SKU-1118,Accessories,NA-W,Partner,SMB,Sana Lindqvist,12,143.1,0.05,1631.34,691.68,Shipped
ORD-104915,2024-03-10,SKU-1031,Monitors,NA-E,Online,Mid-Market,Malik Andersen,6,953.0,0,5718.0,4006.98,Shipped
ORD-100091,2024-03-11,SKU-1078,Networking,NA-E,Direct,SMB,Sana Lindqvist,1,981.51,0.1,883.36,583.05,Returned
ORD-103886,2024-03-11,SKU-1079,Networking,UKI,Partner,Enterprise,Zara Sorensen,3,453.79,0,1361.37,860.28,Returned
ORD-104082,2024-03-11,SKU-1027,Monitors,NA-W,Direct,SMB,Zara Fontaine,4,487.06,0.25,1461.18,1326.24,Shipped
ORD-101171,2024-03-12,SKU-1014,Laptops,NA-W,Partner,Mid-Market,Emeka Weber,1,1949.83,0,1949.83,1321.51,Shipped
ORD-102991,2024-03-12,SKU-1049,Peripherals,NA-E,Partner,Mid-Market,Viktor Zhang,1,426.32,0.05,405.0,231.11,Shipped
ORD-103460,2024-03-12,SKU-1034,Monitors,NA-W,Partner,SMB,Kwame Abara,1,511.32,0.15,434.62,315.72,Shipped
ORD-104019,2024-03-12,SKU-1020,Laptops,NA-W,Online,Enterprise,Nadia Kowalski,1,3674.26,0.15,3123.12,2390.72,Pending
ORD-104363,2024-03-12,SKU-1030,Monitors,APAC-S,Direct,Consumer,Rania Eriksen,9,756.24,0.2,5444.93,4699.8,Shipped
ORD-104889,2024-03-12,SKU-1119,Accessories,APAC-N,Online,Mid-Market,Fatima Iversen,5,84.73,0,423.65,207.8,Shipped
ORD-104991,2024-03-12,SKU-1003,Laptops,NA-W,Partner,SMB,Wei Tanaka,1,2349.75,0.05,2232.26,1512.37,Returned
ORD-102309,2024-03-13,SKU-1029,Monitors,NA-W,Partner,Mid-Market,Chen Iversen,2,438.72,0,877.44,574.84,Shipped
ORD-102368,2024-03-13,SKU-1045,Peripherals,NA-E,Partner,Mid-Market,Nikolai Jensen,1,388.64,0,388.64,208.79,Shipped
ORD-102436,2024-03-13,SKU-1049,Peripherals,LATAM,Online,Enterprise,Elena Kaur,29,426.32,0,12363.28,6702.19,Shipped
ORD-102839,2024-03-13,SKU-1086,Storage,NA-W,Partner,Mid-Market,Hana Rossi,1,1066.03,0.25,799.52,706.44,Shipped
ORD-100240,2024-03-14,SKU-1019,Laptops,UKI,Partner,Consumer,Hana Rossi,1,1704.93,0.05,1619.68,1175.47,Shipped
ORD-102357,2024-03-14,SKU-1096,Storage,NA-W,Direct,Consumer,Petra Ibrahim,3,924.54,0.25,2080.22,1994.94,Pending
ORD-103180,2024-03-14,SKU-1006,Laptops,NA-W,Direct,SMB,Elena Kaur,4,2229.97,0.1,8027.89,5935.32,Shipped
ORD-103994,2024-03-14,SKU-1014,Laptops,NA-E,Direct,Enterprise,Wei Tanaka,2,1949.83,0.05,3704.68,2643.02,Pending
ORD-100431,2024-03-15,SKU-1005,Laptops,LATAM,Direct,Mid-Market,Elena Okafor,10,1611.9,0.05,15313.05,10322.9,Pending
ORD-101056,2024-03-15,SKU-1074,Networking,NA-W,Direct,SMB,Wei Tanaka,6,192.25,0.05,1095.83,725.22,Pending
ORD-102337,2024-03-15,SKU-1006,Laptops,UKI,Direct,Mid-Market,Elena Laurent,3,2229.97,0.25,5017.43,4451.49,Shipped
ORD-103009,2024-03-15,SKU-1083,Storage,NA-W,Direct,SMB,Thea Delgado,10,132.45,0.05,1258.27,892.1,Shipped
ORD-104081,2024-03-15,SKU-1081,Storage,UKI,Partner,Mid-Market,Malik Andersen,8,427.43,0.25,2564.58,2366.24,Returned
ORD-104791,2024-03-15,SKU-1013,Laptops,LATAM,Direct,SMB,Zara Sorensen,5,2073.19,0.1,9329.36,6953.25,Shipped
ORD-100341,2024-03-16,SKU-1050,Peripherals,UKI,Partner,SMB,Elena Kaur,2,335.4,0.2,536.64,379.38,Shipped
ORD-100595,2024-03-16,SKU-1050,Peripherals,LATAM,Online,Consumer,Fatima Bennett,3,335.4,0,1006.2,569.07,Shipped
ORD-101396,2024-03-16,SKU-1096,Storage,NA-E,Partner,Mid-Market,Thea Zhang,8,924.54,0,7396.32,5319.84,Shipped
ORD-102614,2024-03-16,SKU-1029,Monitors,APAC-S,Online,SMB,Nadia Kowalski,1,438.72,0,438.72,287.42,Returned
ORD-103906,2024-03-16,SKU-1064,Networking,NA-W,Direct,Enterprise,Emeka Weber,1,2008.03,0.15,1706.83,1218.2,Shipped
ORD-104155,2024-03-16,SKU-1118,Accessories,NA-E,Partner,SMB,Bao Alvarez,3,143.1,0.25,321.97,172.92,Returned
ORD-102439,2024-03-17,SKU-1028,Monitors,NA-E,Online,Enterprise,Emeka Weber,2,1296.45,0.05,2463.26,1673.14,Shipped
ORD-102581,2024-03-17,SKU-1073,Networking,LATAM,Direct,Mid-Market,Emeka Lindqvist,3,347.65,0.1,938.65,679.26,Shipped
ORD-102815,2024-03-17,SKU-1020,Laptops,NORDIC,Direct,Mid-Market,Yusuf Mbeki,12,3674.26,0.05,41886.56,28688.64,Returned
ORD-103516,2024-03-17,SKU-1047,Peripherals,UKI,Direct,Consumer,Ivan Kaur,5,240.32,0,1201.6,632.9,Shipped
ORD-103105,2024-03-18,SKU-1018,Laptops,APAC-N,Online,Enterprise,Kwame Abara,11,2719.05,0.2,23927.64,19513.67,Shipped
ORD-104794,2024-03-18,SKU-1037,Monitors,DACH,Direct,Mid-Market,Fatima Bennett,21,1230.78,0,25846.38,16436.49,Shipped
ORD-101876,2024-03-19,SKU-1038,Monitors,APAC-S,Direct,SMB,Elena Laurent,2,829.48,0,1658.96,1108.66,Shipped
ORD-102621,2024-03-19,SKU-1099,Storage,APAC-S,Online,Enterprise,Petra Ibrahim,1,881.67,0.05,837.59,593.89,Shipped
ORD-102981,2024-03-19,SKU-1111,Accessories,LATAM,Partner,Mid-Market,Viktor Zhang,1,118.52,0,118.52,50.67,Pending
ORD-103112,2024-03-19,SKU-1111,Accessories,NA-W,Partner,Mid-Market,Nadia Kowalski,1,118.52,0.25,88.89,50.67,Shipped
ORD-104345,2024-03-19,SKU-1110,Accessories,LATAM,Online,Mid-Market,Zara Fontaine,12,50.0,0.05,570.0,287.76,Pending
ORD-104906,2024-03-19,SKU-1063,Networking,NA-E,Retail,Enterprise,Uma Okafor,11,935.12,0.25,7714.74,6619.58,Returned
ORD-102657,2024-03-20,SKU-1072,Networking,APAC-N,Retail,Consumer,Bao Kaur,5,593.71,0,2968.55,1857.4,Shipped
ORD-102959,2024-03-20,SKU-1009,Laptops,DACH,Retail,Enterprise,Thea Zhang,4,3341.5,0,13366.0,9274.32,Shipped
ORD-103103,2024-03-20,SKU-1103,Accessories,NA-W,Online,Mid-Market,Rania Kaur,1,198.1,0.05,188.19,86.3,Pending
ORD-101453,2024-03-21,SKU-1013,Laptops,DACH,Direct,Enterprise,Nikolai Jensen,2,2073.19,0.05,3939.06,2781.3,Shipped
ORD-102114,2024-03-21,SKU-1057,Peripherals,UKI,Retail,SMB,Rania Eriksen,1,457.5,0,457.5,228.53,Shipped
ORD-102511,2024-03-21,SKU-1117,Accessories,NA-W,Online,Enterprise,Greta Haddad,8,127.94,0.2,818.82,446.64,Shipped
ORD-103339,2024-03-21,SKU-1067,Networking,APAC-N,Online,Enterprise,Kwame Abara,11,254.78,0.05,2662.45,1691.36,Shipped
ORD-103956,2024-03-21,SKU-1074,Networking,NA-E,Direct,Mid-Market,Chen Iversen,1,192.25,0.1,173.03,120.87,Shipped
ORD-104740,2024-03-21,SKU-1075,Networking,DACH,Online,Mid-Market,Fatima Iversen,2,1273.44,0,2546.88,1473.74,Shipped
ORD-102967,2024-03-22,SKU-1013,Laptops,DACH,Direct,Mid-Market,Nadia Kowalski,1,2073.19,0.05,1969.53,1390.65,Shipped
ORD-103439,2024-03-22,SKU-1011,Laptops,NA-E,Retail,Consumer,Paulo Carvalho,7,2304.08,0.15,13709.28,10425.1,Returned
ORD-104349,2024-03-22,SKU-1019,Laptops,NA-W,Online,SMB,Ada Zimmerman,12,1704.93,0.1,18413.24,14105.64,Returned
ORD-100632,2024-03-23,SKU-1109,Accessories,APAC-N,Online,SMB,Emeka Lindqvist,3,131.89,0,395.67,178.29,Returned
ORD-102737,2024-03-23,SKU-1053,Peripherals,NA-E,Online,Consumer,Petra Ibrahim,1,417.51,0,417.51,216.56,Shipped
ORD-102988,2024-03-23,SKU-1051,Peripherals,NA-E,Direct,Enterprise,Thea Delgado,1,311.03,0.1,279.93,178.18,Shipped
ORD-100305,2024-03-24,SKU-1045,Peripherals,NA-E,Online,Consumer,Zara Fontaine,7,388.64,0.15,2312.41,1461.53,Returned
ORD-100447,2024-03-24,SKU-1072,Networking,NA-W,Retail,SMB,Bruno Zhang,3,593.71,0.15,1513.96,1114.44,Shipped
ORD-100753,2024-03-24,SKU-1072,Networking,APAC-S,Partner,Mid-Market,Kwame Abara,8,593.71,0.15,4037.23,2971.84,Shipped
ORD-102028,2024-03-24,SKU-1024,Monitors,APAC-N,Direct,Mid-Market,Zara Fontaine,4,340.87,0,1363.48,886.36,Shipped
ORD-102067,2024-03-24,SKU-1042,Peripherals,APAC-S,Partner,Mid-Market,Amara Dahl,2,84.72,0.05,160.97,93.02,Shipped
ORD-102168,2024-03-24,SKU-1048,Peripherals,NA-W,Online,Enterprise,Darius Kaur,10,405.97,0.05,3856.72,2006.4,Shipped
ORD-102749,2024-03-24,SKU-1096,Storage,UKI,Direct,Mid-Market,Uma Sandoval,2,924.54,0.05,1756.63,1329.96,Returned
ORD-102918,2024-03-24,SKU-1048,Peripherals,NA-W,Online,SMB,Paulo Carvalho,5,405.97,0.25,1522.39,1003.2,Shipped
ORD-104212,2024-03-24,SKU-1093,Storage,UKI,Direct,SMB,Greta Haddad,12,856.06,0.15,8731.81,7539.36,Pending
ORD-104423,2024-03-24,SKU-1103,Accessories,DACH,Direct,Consumer,Uma Okafor,2,198.1,0.15,336.77,172.6,Shipped
ORD-100014,2024-03-25,SKU-1061,Networking,APAC-N,Online,Mid-Market,Rania Eriksen,1,1191.4,0,1191.4,695.99,Shipped
ORD-103012,2024-03-25,SKU-1054,Peripherals,NA-E,Online,Mid-Market,Elena Laurent,2,210.36,0,420.72,209.18,Pending
ORD-104999,2024-03-25,SKU-1075,Networking,UKI,Retail,Consumer,Amara Dahl,1,1273.44,0.05,1209.77,736.87,Shipped
ORD-100393,2024-03-26,SKU-1008,Laptops,APAC-N,Retail,Enterprise,Emeka Lindqvist,1,2860.19,0.05,2717.18,1989.93,Returned
ORD-102183,2024-03-26,SKU-1071,Networking,APAC-N,Online,SMB,Elena Laurent,4,827.39,0.05,3144.08,2114.84,Pending
ORD-103870,2024-03-26,SKU-1082,Storage,APAC-N,Online,Consumer,Ada Zimmerman,1,199.64,0,199.64,140.32,Shipped
ORD-104676,2024-03-26,SKU-1041,Peripherals,DACH,Direct,SMB,Thea Delgado,1,371.64,0,371.64,211.27,Shipped
ORD-104883,2024-03-26,SKU-1036,Monitors,LATAM,Direct,Mid-Market,Greta Haddad,18,1180.66,0.2,17001.5,13811.94,Shipped
ORD-101475,2024-03-27,SKU-1002,Laptops,NA-W,Direct,Consumer,Yara Eriksen,1,3368.08,0.05,3199.68,2299.73,Shipped
ORD-102587,2024-03-27,SKU-1058,Peripherals,APAC-N,Partner,Mid-Market,Adaeze Marchetti,2,410.18,0.2,656.29,443.74,Shipped
ORD-103593,2024-03-27,SKU-1093,Storage,UKI,Online,Consumer,Ada Singh,1,856.06,0.1,770.45,628.28,Pending
ORD-103973,2024-03-27,SKU-1055,Peripherals,UKI,Partner,Mid-Market,Ada Zimmerman,4,77.77,0.1,279.97,156.72,Shipped
ORD-100572,2024-03-28,SKU-1039,Monitors,NORDIC,Direct,Enterprise,Nadia Kowalski,5,1201.03,0,6005.15,3740.65,Shipped
ORD-100605,2024-03-28,SKU-1005,Laptops,NA-E,Partner,Enterprise,Yara Eriksen,1,1611.9,0.05,1531.31,1032.29,Shipped
ORD-101212,2024-03-28,SKU-1003,Laptops,NA-E,Retail,Enterprise,Ada Zimmerman,10,2349.75,0.2,18798.0,15123.7,Shipped
ORD-101944,2024-03-28,SKU-1050,Peripherals,UKI,Direct,Enterprise,Petra Ibrahim,6,335.4,0.1,1811.16,1138.14,Shipped
ORD-102956,2024-03-28,SKU-1106,Accessories,LATAM,Online,Enterprise,Greta Haddad,1,179.48,0.2,143.58,81.37,Shipped
ORD-103673,2024-03-28,SKU-1069,Networking,NA-E,Partner,Consumer,Malik Andersen,3,640.52,0.05,1825.48,1171.86,Shipped
ORD-104796,2024-03-28,SKU-1041,Peripherals,DACH,Direct,SMB,Greta Haddad,2,371.64,0,743.28,422.54,Shipped
ORD-100546,2024-03-29,SKU-1071,Networking,NORDIC,Direct,Mid-Market,Kwame Abara,1,827.39,0.2,661.91,528.71,Shipped
ORD-102886,2024-03-29,SKU-1116,Accessories,NORDIC,Online,SMB,Malik Andersen,4,147.71,0.05,561.3,290.12,Returned
ORD-103981,2024-03-29,SKU-1110,Accessories,LATAM,Direct,Mid-Market,Paulo Carvalho,5,50.0,0.1,225.0,119.9,Shipped
ORD-101317,2024-03-30,SKU-1077,Networking,NA-W,Direct,Enterprise,Wei Tanaka,2,740.62,0.05,1407.18,899.88,Shipped
ORD-101340,2024-03-30,SKU-1021,Monitors,NA-W,Online,Mid-Market,Wei Tanaka,6,444.75,0.1,2401.65,1818.96,Shipped
ORD-102208,2024-03-30,SKU-1023,Monitors,APAC-N,Online,Mid-Market,Ada Singh,1,1366.21,0,1366.21,898.81,Shipped
ORD-103555,2024-03-30,SKU-1087,Storage,NA-E,Direct,Enterprise,Emeka Lindqvist,3,222.44,0,667.32,452.43,Shipped
ORD-103667,2024-03-30,SKU-1117,Accessories,UKI,Online,Mid-Market,Nikolai Jensen,3,127.94,0.05,364.63,167.49,Shipped
ORD-100940,2024-03-31,SKU-1107,Accessories,NORDIC,Online,SMB,Malik Kowalski,6,92.86,0.15,473.59,226.32,Shipped
ORD-101936,2024-03-31,SKU-1014,Laptops,NA-W,Online,Mid-Market,Bao Kaur,4,1949.83,0.15,6629.42,5286.04,Pending
ORD-102486,2024-03-31,SKU-1054,Peripherals,NA-E,Partner,Enterprise,Petra Ibrahim,5,210.36,0,1051.8,522.95,Returned
ORD-103901,2024-03-31,SKU-1031,Monitors,NA-E,Direct,Mid-Market,Yara Eriksen,5,953.0,0.05,4526.75,3339.15,Shipped
ORD-104477,2024-03-31,SKU-1047,Peripherals,NA-W,Partner,SMB,Elena Okafor,1,240.32,0.05,228.3,126.58,Returned
ORD-104838,2024-03-31,SKU-1074,Networking,DACH,Retail,SMB,Thea Delgado,4,192.25,0.15,653.65,483.48,Shipped
ORD-100040,2024-04-01,SKU-1018,Laptops,APAC-N,Direct,Consumer,Uma Okafor,1,2719.05,0,2719.05,1773.97,Shipped
ORD-101640,2024-04-01,SKU-1070,Networking,NA-E,Direct,SMB,Darius Kaur,2,1052.94,0,2105.88,1260.16,Pending
ORD-103216,2024-04-01,SKU-1022,Monitors,DACH,Direct,Mid-Market,Hana Rossi,1,296.21,0.25,222.16,195.26,Shipped
ORD-103462,2024-04-01,SKU-1111,Accessories,APAC-S,Online,Mid-Market,Hana Rossi,5,118.52,0.15,503.71,253.35,Shipped
ORD-103974,2024-04-01,SKU-1094,Storage,DACH,Direct,Enterprise,Yusuf Fontaine,4,321.11,0.05,1220.22,899.56,Returned
ORD-102065,2024-04-02,SKU-1098,Storage,APAC-S,Online,Enterprise,Ada Vargas,2,587.94,0.05,1117.09,814.34,Shipped
ORD-103025,2024-04-02,SKU-1005,Laptops,NA-E,Direct,SMB,Bao Alvarez,7,1611.9,0.25,8462.48,7226.03,Pending
ORD-103171,2024-04-02,SKU-1032,Monitors,NA-E,Direct,SMB,Emeka Weber,16,929.07,0.05,14121.86,9367.84,Pending
ORD-104565,2024-04-02,SKU-1030,Monitors,NA-E,Online,Consumer,Thea Delgado,1,756.24,0.15,642.8,522.2,Shipped
ORD-104858,2024-04-02,SKU-1052,Peripherals,NA-E,Partner,Mid-Market,Wei Tanaka,8,310.49,0.25,1862.94,1274.24,Shipped
ORD-101292,2024-04-03,SKU-1030,Monitors,NA-W,Online,SMB,Rania Kaur,3,756.24,0.15,1928.41,1566.6,Returned
ORD-101995,2024-04-03,SKU-1092,Storage,NA-W,Partner,SMB,Viktor Zhang,1,227.16,0.2,181.73,160.65,Shipped
ORD-102307,2024-04-03,SKU-1070,Networking,LATAM,Online,Enterprise,Thea Ibrahim,6,1052.94,0.1,5685.88,3780.48,Shipped
ORD-103671,2024-04-03,SKU-1111,Accessories,NA-E,Partner,Enterprise,Emeka Lindqvist,1,118.52,0.1,106.67,50.67,Returned
ORD-100328,2024-04-04,SKU-1092,Storage,APAC-N,Online,Mid-Market,Chen Iversen,4,227.16,0,908.64,642.6,Shipped
ORD-102170,2024-04-04,SKU-1040,Monitors,UKI,Direct,SMB,Amara Dahl,1,519.33,0.15,441.43,344.73,Shipped
ORD-102238,2024-04-04,SKU-1009,Laptops,UKI,Direct,Mid-Market,Kwame Abara,2,3341.5,0.05,6348.85,4637.16,Shipped
ORD-102645,2024-04-04,SKU-1111,Accessories,NA-W,Partner,SMB,Rosa Weber,2,118.52,0.25,177.78,101.34,Shipped
ORD-103884,2024-04-04,SKU-1037,Monitors,LATAM,Partner,SMB,Hana Rossi,14,1230.78,0.2,13784.74,10957.66,Returned
ORD-100198,2024-04-05,SKU-1039,Monitors,NA-W,Direct,Mid-Market,Rosa Weber,4,1201.03,0.2,3843.3,2992.52,Shipped
ORD-100759,2024-04-05,SKU-1011,Laptops,NA-E,Partner,Mid-Market,Bao Alvarez,1,2304.08,0.05,2188.88,1489.3,Shipped
ORD-102103,2024-04-05,SKU-1070,Networking,APAC-S,Online,Consumer,Ada Vargas,4,1052.94,0.05,4001.17,2520.32,Pending
ORD-101457,2024-04-06,SKU-1010,Laptops,NA-E,Partner,SMB,Greta Haddad,3,1514.87,0.2,3635.69,3270.69,Shipped
ORD-103803,2024-04-06,SKU-1095,Storage,NA-W,Online,Enterprise,Paulo Carvalho,1,537.52,0.05,510.64,385.17,Shipped
ORD-104434,2024-04-06,SKU-1081,Storage,NA-E,Online,Mid-Market,Nadia Kowalski,4,427.43,0.05,1624.23,1183.12,Pending
ORD-101510,2024-04-07,SKU-1037,Monitors,DACH,Partner,SMB,Ada Vargas,7,1230.78,0.05,8184.69,5478.83,Shipped
ORD-101557,2024-04-07,SKU-1043,Peripherals,APAC-N,Partner,Mid-Market,Wei Tanaka,1,212.9,0,212.9,113.15,Shipped
ORD-102391,2024-04-07,SKU-1063,Networking,APAC-S,Partner,SMB,Amara Dahl,5,935.12,0.1,4208.04,3008.9,Shipped
ORD-102630,2024-04-07,SKU-1035,Monitors,UKI,Direct,SMB,Amara Dahl,1,1114.67,0.15,947.47,763.01,Shipped
ORD-102647,2024-04-07,SKU-1115,Accessories,DACH,Online,Mid-Market,Darius Kaur,2,201.56,0.25,302.34,191.72,Pending
ORD-102716,2024-04-07,SKU-1068,Networking,APAC-N,Direct,Enterprise,Ada Vargas,3,782.54,0.1,2112.86,1389.75,Shipped
ORD-103612,2024-04-07,SKU-1074,Networking,NA-W,Online,SMB,Rania Kaur,3,192.25,0.15,490.24,362.61,Shipped
ORD-103722,2024-04-07,SKU-1013,Laptops,LATAM,Partner,SMB,Elena Kaur,3,2073.19,0.05,5908.59,4171.95,Shipped
ORD-100793,2024-04-08,SKU-1015,Laptops,NA-W,Partner,Enterprise,Wei Tanaka,1,1315.81,0.05,1250.02,924.69,Shipped
ORD-102334,2024-04-08,SKU-1053,Peripherals,APAC-S,Online,Enterprise,Uma Okafor,4,417.51,0.05,1586.54,866.24,Returned
ORD-102690,2024-04-08,SKU-1098,Storage,NA-W,Direct,Enterprise,Ada Singh,6,587.94,0,3527.64,2443.02,Shipped
ORD-104692,2024-04-08,SKU-1028,Monitors,NORDIC,Direct,SMB,Zara Sorensen,5,1296.45,0.05,6158.14,4182.85,Returned
ORD-103392,2024-04-09,SKU-1070,Networking,APAC-S,Online,Mid-Market,Yusuf Fontaine,2,1052.94,0.05,2000.59,1260.16,Shipped
ORD-104608,2024-04-09,SKU-1064,Networking,NA-W,Direct,Enterprise,Emeka Lindqvist,3,2008.03,0.25,4518.07,3654.6,Pending
ORD-100614,2024-04-10,SKU-1079,Networking,NA-E,Direct,SMB,Yusuf Fontaine,1,453.79,0.1,408.41,286.76,Pending
ORD-100639,2024-04-10,SKU-1090,Storage,NA-W,Retail,Consumer,Ada Zimmerman,8,853.08,0.25,5118.48,4506.72,Shipped
ORD-100868,2024-04-10,SKU-1075,Networking,LATAM,Partner,Enterprise,Rosa Weber,4,1273.44,0.05,4839.07,2947.48,Shipped
ORD-101533,2024-04-10,SKU-1117,Accessories,NORDIC,Retail,SMB,Yara Eriksen,7,127.94,0.05,850.8,390.81,Shipped
ORD-101766,2024-04-10,SKU-1087,Storage,NA-W,Partner,Mid-Market,Petra Ibrahim,2,222.44,0.25,333.66,301.62,Shipped
ORD-103004,2024-04-10,SKU-1049,Peripherals,NORDIC,Direct,SMB,Fatima Bennett,2,426.32,0.2,682.11,462.22,Shipped
ORD-103599,2024-04-10,SKU-1014,Laptops,NA-E,Online,Mid-Market,Elena Laurent,2,1949.83,0.1,3509.69,2643.02,Shipped
ORD-104243,2024-04-10,SKU-1070,Networking,NA-W,Online,Mid-Market,Bao Kaur,2,1052.94,0.05,2000.59,1260.16,Shipped
ORD-104367,2024-04-10,SKU-1032,Monitors,DACH,Direct,Mid-Market,Chen Iversen,1,929.07,0.25,696.8,585.49,Returned
ORD-100076,2024-04-11,SKU-1003,Laptops,NA-W,Partner,SMB,Elena Okafor,1,2349.75,0,2349.75,1512.37,Shipped
ORD-103283,2024-04-11,SKU-1075,Networking,APAC-N,Partner,Enterprise,Paulo Carvalho,4,1273.44,0.05,4839.07,2947.48,Shipped
ORD-103383,2024-04-11,SKU-1017,Laptops,UKI,Partner,Mid-Market,Fatima Bennett,3,3083.45,0,9250.35,6541.47,Shipped
ORD-100312,2024-04-12,SKU-1037,Monitors,APAC-N,Direct,Mid-Market,Viktor Zhang,2,1230.78,0,2461.56,1565.38,Pending
ORD-103424,2024-04-13,SKU-1066,Networking,NA-E,Retail,Enterprise,Amara Dahl,1,491.43,0.15,417.72,287.69,Shipped
ORD-100449,2024-04-14,SKU-1115,Accessories,NA-E,Online,Enterprise,Thea Zhang,8,201.56,0,1612.48,766.88,Pending
ORD-101738,2024-04-14,SKU-1025,Monitors,DACH,Partner,Enterprise,Chen Iversen,5,577.77,0.2,2311.08,1990.05,Returned
ORD-103486,2024-04-14,SKU-1034,Monitors,NA-W,Retail,SMB,Wei Tanaka,2,511.32,0.25,766.98,631.44,Shipped
ORD-100798,2024-04-15,SKU-1015,Laptops,UKI,Online,SMB,Chen Iversen,1,1315.81,0.15,1118.44,924.69,Pending
ORD-100913,2024-04-15,SKU-1090,Storage,LATAM,Partner,Enterprise,Bao Kaur,2,853.08,0.1,1535.54,1126.68,Shipped
ORD-101634,2024-04-15,SKU-1091,Storage,APAC-N,Direct,Mid-Market,Fatima Iversen,5,949.67,0,4748.35,3497.55,Shipped
ORD-101760,2024-04-15,SKU-1095,Storage,DACH,Direct,Mid-Market,Ada Zimmerman,5,537.52,0.05,2553.22,1925.85,Returned
ORD-102696,2024-04-15,SKU-1027,Monitors,UKI,Partner,Mid-Market,Fatima Bennett,1,487.06,0,487.06,331.56,Shipped
ORD-102783,2024-04-15,SKU-1047,Peripherals,NA-W,Direct,Mid-Market,Wei Tanaka,1,240.32,0.1,216.29,126.58,Shipped
ORD-103862,2024-04-15,SKU-1058,Peripherals,DACH,Partner,SMB,Amara Dahl,4,410.18,0,1640.72,887.48,Returned
ORD-104903,2024-04-15,SKU-1107,Accessories,NORDIC,Direct,Mid-Market,Fatima Iversen,3,92.86,0,278.58,113.16,Pending
ORD-104957,2024-04-15,SKU-1069,Networking,NA-E,Online,Mid-Market,Fatima Iversen,1,640.52,0,640.52,390.62,Shipped
ORD-100047,2024-04-16,SKU-1027,Monitors,NORDIC,Direct,Enterprise,Chen Iversen,3,487.06,0,1461.18,994.68,Pending
ORD-101726,2024-04-16,SKU-1074,Networking,NA-W,Online,Mid-Market,Ada Zimmerman,2,192.25,0.05,365.27,241.74,Pending
ORD-103056,2024-04-16,SKU-1049,Peripherals,NA-W,Direct,SMB,Kwame Abara,2,426.32,0.1,767.38,462.22,Shipped
ORD-103235,2024-04-16,SKU-1107,Accessories,DACH,Online,Mid-Market,Ada Vargas,3,92.86,0,278.58,113.16,Shipped
ORD-103552,2024-04-16,SKU-1070,Networking,NA-E,Direct,Enterprise,Ada Zimmerman,5,1052.94,0.05,5001.47,3150.4,Pending
ORD-104220,2024-04-16,SKU-1106,Accessories,UKI,Online,Enterprise,Adaeze Marchetti,5,179.48,0.05,852.53,406.85,Returned
ORD-104990,2024-04-16,SKU-1115,Accessories,NA-E,Online,SMB,Elena Laurent,1,201.56,0.25,151.17,95.86,Pending
ORD-100217,2024-04-17,SKU-1026,Monitors,NORDIC,Partner,Mid-Market,Malik Eriksen,3,371.18,0.25,835.15,762.06,Shipped
ORD-100920,2024-04-17,SKU-1052,Peripherals,NA-E,Retail,Enterprise,Elena Laurent,1,310.49,0.1,279.44,159.28,Shipped
ORD-100960,2024-04-17,SKU-1105,Accessories,DACH,Direct,Enterprise,Uma Sandoval,8,139.86,0.1,1006.99,487.76,Shipped
ORD-104110,2024-04-17,SKU-1117,Accessories,NA-W,Online,Enterprise,Ada Singh,7,127.94,0.1,806.02,390.81,Returned
ORD-100321,2024-04-18,SKU-1002,Laptops,NA-E,Partner,SMB,Malik Andersen,2,3368.08,0.25,5052.12,4599.46,Shipped
ORD-100789,2024-04-18,SKU-1020,Laptops,UKI,Partner,SMB,Ada Zimmerman,1,3674.26,0.05,3490.55,2390.72,Shipped
ORD-103095,2024-04-18,SKU-1064,Networking,UKI,Partner,SMB,Paulo Carvalho,1,2008.03,0.25,1506.02,1218.2,Returned
ORD-103931,2024-04-18,SKU-1059,Peripherals,NA-W,Direct,Mid-Market,Yusuf Fontaine,5,294.39,0,1471.95,724.15,Shipped
ORD-104211,2024-04-18,SKU-1118,Accessories,NA-W,Online,SMB,Sana Lindqvist,2,143.1,0.05,271.89,115.28,Shipped
ORD-102287,2024-04-19,SKU-1050,Peripherals,DACH,Direct,SMB,Malik Eriksen,7,335.4,0.05,2230.41,1327.83,Pending
ORD-104170,2024-04-19,SKU-1020,Laptops,NA-E,Partner,SMB,Bao Kaur,3,3674.26,0.1,9920.5,7172.16,Shipped
ORD-100363,2024-04-20,SKU-1083,Storage,NA-E,Retail,Consumer,Ada Singh,2,132.45,0.05,251.65,178.42,Shipped
ORD-102354,2024-04-20,SKU-1025,Monitors,APAC-S,Online,Consumer,Emeka Weber,4,577.77,0.05,2195.53,1592.04,Returned
ORD-104201,2024-04-20,SKU-1013,Laptops,UKI,Online,SMB,Thea Zhang,1,2073.19,0.25,1554.89,1390.65,Shipped
ORD-104387,2024-04-20,SKU-1029,Monitors,NA-E,Direct,Mid-Market,Rosa Weber,8,438.72,0,3509.76,2299.36,Shipped
ORD-101126,2024-04-21,SKU-1044,Peripherals,UKI,Direct,Mid-Market,Yusuf Mbeki,1,42.05,0.2,33.64,21.28,Shipped
ORD-101655,2024-04-21,SKU-1061,Networking,UKI,Partner,Enterprise,Bruno Zhang,2,1191.4,0.2,1906.24,1391.98,Shipped
ORD-102053,2024-04-21,SKU-1010,Laptops,LATAM,Online,SMB,Darius Kaur,3,1514.87,0,4544.61,3270.69,Shipped
ORD-102231,2024-04-21,SKU-1109,Accessories,APAC-S,Direct,Enterprise,Nadia Kowalski,3,131.89,0.1,356.1,178.29,Shipped
ORD-103435,2024-04-21,SKU-1025,Monitors,UKI,Retail,SMB,Bao Alvarez,1,577.77,0,577.77,398.01,Shipped
ORD-103500,2024-04-21,SKU-1061,Networking,APAC-N,Online,SMB,Yusuf Mbeki,1,1191.4,0.05,1131.83,695.99,Returned
ORD-104151,2024-04-21,SKU-1006,Laptops,NA-W,Direct,SMB,Wei Tanaka,1,2229.97,0,2229.97,1483.83,Shipped
ORD-104265,2024-04-21,SKU-1059,Peripherals,LATAM,Partner,Enterprise,Nadia Kowalski,2,294.39,0,588.78,289.66,Pending
ORD-104538,2024-04-21,SKU-1070,Networking,NA-W,Partner,Mid-Market,Zara Sorensen,3,1052.94,0.1,2842.94,1890.24,Shipped
ORD-104807,2024-04-21,SKU-1001,Laptops,UKI,Direct,Mid-Market,Uma Sandoval,1,1590.48,0.15,1351.91,1122.06,Returned
ORD-101233,2024-04-22,SKU-1059,Peripherals,UKI,Partner,Enterprise,Wei Tanaka,2,294.39,0,588.78,289.66,Shipped
ORD-101715,2024-04-22,SKU-1061,Networking,LATAM,Online,Enterprise,Viktor Zhang,3,1191.4,0.05,3395.49,2087.97,Shipped
ORD-102513,2024-04-22,SKU-1068,Networking,NORDIC,Direct,Mid-Market,Yara Eriksen,2,782.54,0.1,1408.57,926.5,Shipped
ORD-102622,2024-04-22,SKU-1026,Monitors,DACH,Partner,Mid-Market,Wei Tanaka,5,371.18,0.15,1577.52,1270.1,Shipped
ORD-103364,2024-04-22,SKU-1105,Accessories,LATAM,Partner,Consumer,Rania Eriksen,4,139.86,0,559.44,243.88,Pending
ORD-100884,2024-04-23,SKU-1004,Laptops,NA-E,Partner,SMB,Fatima Iversen,6,3198.86,0.1,17273.84,13314.54,Pending
ORD-101203,2024-04-23,SKU-1059,Peripherals,NA-E,Online,Enterprise,Viktor Zhang,1,294.39,0.15,250.23,144.83,Returned
ORD-101600,2024-04-23,SKU-1109,Accessories,UKI,Online,Consumer,Malik Kowalski,1,131.89,0.2,105.51,59.43,Shipped
ORD-102530,2024-04-23,SKU-1047,Peripherals,NA-E,Partner,SMB,Amara Dahl,6,240.32,0,1441.92,759.48,Pending
ORD-103163,2024-04-23,SKU-1074,Networking,NA-W,Online,SMB,Bruno Zhang,5,192.25,0,961.25,604.35,Shipped
ORD-103922,2024-04-23,SKU-1082,Storage,NA-E,Online,Enterprise,Nadia Kowalski,4,199.64,0.1,718.7,561.28,Pending
ORD-104358,2024-04-23,SKU-1047,Peripherals,DACH,Partner,Mid-Market,Amara Dahl,3,240.32,0.05,684.91,379.74,Pending
ORD-101688,2024-04-24,SKU-1118,Accessories,UKI,Partner,Consumer,Amara Dahl,1,143.1,0.05,135.94,57.64,Shipped
ORD-102118,2024-04-24,SKU-1082,Storage,NA-E,Direct,Enterprise,Hana Rossi,8,199.64,0.2,1277.7,1122.56,Shipped
ORD-102216,2024-04-24,SKU-1081,Storage,NA-W,Online,Enterprise,Amara Dahl,2,427.43,0.1,769.37,591.56,Pending
ORD-103770,2024-04-24,SKU-1042,Peripherals,APAC-N,Online,Enterprise,Kwame Abara,1,84.72,0.25,63.54,46.51,Shipped
ORD-104399,2024-04-24,SKU-1086,Storage,NA-W,Partner,Mid-Market,Amara Dahl,9,1066.03,0.1,8634.84,6357.96,Shipped
ORD-100316,2024-04-25,SKU-1021,Monitors,NORDIC,Retail,Enterprise,Rosa Weber,2,444.75,0.05,845.02,606.32,Shipped
ORD-100781,2024-04-25,SKU-1068,Networking,DACH,Direct,SMB,Bao Kaur,2,782.54,0.2,1252.06,926.5,Shipped
ORD-100837,2024-04-25,SKU-1031,Monitors,DACH,Online,SMB,Emeka Weber,4,953.0,0.05,3621.4,2671.32,Pending
ORD-101778,2024-04-25,SKU-1030,Monitors,DACH,Retail,Enterprise,Elena Okafor,1,756.24,0.15,642.8,522.2,Pending
ORD-102008,2024-04-25,SKU-1047,Peripherals,UKI,Online,SMB,Malik Andersen,2,240.32,0.15,408.54,253.16,Returned
ORD-104900,2024-04-25,SKU-1042,Peripherals,DACH,Partner,SMB,Uma Sandoval,1,84.72,0.1,76.25,46.51,Pending
ORD-100459,2024-04-26,SKU-1038,Monitors,NA-E,Online,Consumer,Thea Zhang,1,829.48,0.15,705.06,554.33,Shipped
ORD-100905,2024-04-26,SKU-1098,Storage,LATAM,Direct,SMB,Thea Ibrahim,10,587.94,0.05,5585.43,4071.7,Shipped
ORD-104269,2024-04-26,SKU-1016,Laptops,NA-E,Partner,Consumer,Yusuf Fontaine,3,3292.27,0,9876.81,6684.12,Shipped
ORD-101958,2024-04-27,SKU-1116,Accessories,APAC-N,Direct,SMB,Ada Singh,6,147.71,0.25,664.69,435.18,Pending
ORD-101979,2024-04-27,SKU-1029,Monitors,DACH,Partner,Mid-Market,Amara Dahl,3,438.72,0.05,1250.35,862.26,Returned
ORD-102702,2024-04-27,SKU-1061,Networking,NA-E,Online,SMB,Uma Okafor,10,1191.4,0.25,8935.5,6959.9,Returned
ORD-103100,2024-04-27,SKU-1033,Monitors,UKI,Online,Enterprise,Ada Zimmerman,1,617.73,0.05,586.84,400.25,Shipped
ORD-104091,2024-04-27,SKU-1098,Storage,UKI,Direct,SMB,Emeka Weber,3,587.94,0.15,1499.25,1221.51,Shipped
ORD-101072,2024-04-28,SKU-1045,Peripherals,NA-W,Direct,Enterprise,Rosa Weber,1,388.64,0,388.64,208.79,Shipped
ORD-102186,2024-04-28,SKU-1039,Monitors,DACH,Online,Mid-Market,Adaeze Marchetti,1,1201.03,0,1201.03,748.13,Returned
ORD-103194,2024-04-28,SKU-1072,Networking,LATAM,Direct,Consumer,Malik Kowalski,4,593.71,0.05,2256.1,1485.92,Shipped
ORD-104036,2024-04-28,SKU-1047,Peripherals,NA-E,Online,Enterprise,Petra Ibrahim,7,240.32,0,1682.24,886.06,Shipped
ORD-100458,2024-04-29,SKU-1089,Storage,NORDIC,Online,SMB,Chen Iversen,13,512.43,0.05,6328.51,4416.1,Shipped
ORD-100745,2024-04-29,SKU-1053,Peripherals,UKI,Online,Mid-Market,Zara Sorensen,1,417.51,0,417.51,216.56,Shipped
ORD-101461,2024-04-29,SKU-1106,Accessories,NA-W,Direct,SMB,Rania Kaur,2,179.48,0,358.96,162.74,Returned
ORD-102643,2024-04-29,SKU-1046,Peripherals,NA-W,Online,Enterprise,Amara Dahl,5,291.02,0.25,1091.32,746.45,Shipped
ORD-102919,2024-04-29,SKU-1067,Networking,UKI,Direct,Consumer,Elena Kaur,1,254.78,0,254.78,153.76,Shipped
ORD-101301,2024-04-30,SKU-1071,Networking,APAC-S,Direct,Mid-Market,Nadia Kowalski,1,827.39,0.25,620.54,528.71,Shipped
ORD-101368,2024-04-30,SKU-1100,Storage,UKI,Direct,Enterprise,Paulo Carvalho,1,754.71,0.05,716.97,499.86,Shipped
ORD-101550,2024-04-30,SKU-1083,Storage,NA-E,Direct,Mid-Market,Fatima Bennett,7,132.45,0.2,741.72,624.47,Shipped
ORD-102319,2024-04-30,SKU-1071,Networking,LATAM,Retail,SMB,Uma Okafor,3,827.39,0.05,2358.06,1586.13,Pending
ORD-103452,2024-04-30,SKU-1075,Networking,LATAM,Direct,Mid-Market,Zara Sorensen,5,1273.44,0,6367.2,3684.35,Shipped
ORD-100736,2024-05-01,SKU-1034,Monitors,UKI,Direct,Consumer,Petra Ibrahim,2,511.32,0.15,869.24,631.44,Shipped
ORD-103491,2024-05-01,SKU-1081,Storage,APAC-S,Online,Enterprise,Thea Zhang,2,427.43,0.05,812.12,591.56,Shipped
ORD-103595,2024-05-01,SKU-1074,Networking,NA-E,Online,Mid-Market,Nikolai Jensen,6,192.25,0,1153.5,725.22,Shipped
ORD-100598,2024-05-02,SKU-1111,Accessories,UKI,Direct,SMB,Rania Eriksen,2,118.52,0.05,225.19,101.34,Shipped
ORD-101130,2024-05-02,SKU-1006,Laptops,UKI,Partner,Mid-Market,Elena Kaur,1,2229.97,0,2229.97,1483.83,Shipped
ORD-102861,2024-05-02,SKU-1020,Laptops,NA-W,Partner,Mid-Market,Darius Kaur,2,3674.26,0,7348.52,4781.44,Shipped
ORD-100702,2024-05-03,SKU-1032,Monitors,NA-E,Partner,SMB,Yusuf Fontaine,1,929.07,0.1,836.16,585.49,Shipped
ORD-101559,2024-05-03,SKU-1011,Laptops,APAC-S,Partner,Enterprise,Amara Dahl,1,2304.08,0.25,1728.06,1489.3,Shipped
ORD-101575,2024-05-03,SKU-1017,Laptops,UKI,Retail,Enterprise,Thea Delgado,3,3083.45,0,9250.35,6541.47,Shipped
ORD-101972,2024-05-03,SKU-1044,Peripherals,APAC-N,Retail,Enterprise,Greta Haddad,2,42.05,0.15,71.48,42.56,Shipped
ORD-104564,2024-05-03,SKU-1073,Networking,NA-W,Online,SMB,Thea Ibrahim,1,347.65,0.05,330.27,226.42,Shipped
ORD-100642,2024-05-04,SKU-1024,Monitors,APAC-N,Partner,Enterprise,Yusuf Fontaine,4,340.87,0.05,1295.31,886.36,Shipped
ORD-100730,2024-05-04,SKU-1074,Networking,LATAM,Direct,Enterprise,Greta Haddad,2,192.25,0.05,365.27,241.74,Shipped
ORD-101555,2024-05-04,SKU-1041,Peripherals,LATAM,Online,Enterprise,Fatima Iversen,2,371.64,0.15,631.79,422.54,Shipped
ORD-102641,2024-05-04,SKU-1017,Laptops,NA-E,Direct,Enterprise,Fatima Dahl,9,3083.45,0,27751.05,19624.41,Pending
ORD-102189,2024-05-06,SKU-1087,Storage,DACH,Retail,Consumer,Yusuf Mbeki,2,222.44,0.15,378.15,301.62,Pending
ORD-104725,2024-05-06,SKU-1038,Monitors,DACH,Direct,SMB,Thea Delgado,1,829.48,0.15,705.06,554.33,Shipped
ORD-100807,2024-05-07,SKU-1078,Networking,NA-E,Direct,Mid-Market,Fatima Bennett,1,981.51,0,981.51,583.05,Shipped
ORD-100907,2024-05-07,SKU-1048,Peripherals,NA-W,Partner,Mid-Market,Bao Kaur,1,405.97,0.25,304.48,200.64,Shipped
ORD-102399,2024-05-07,SKU-1054,Peripherals,NORDIC,Partner,Enterprise,Bruno Zhang,8,210.36,0,1682.88,836.72,Shipped
ORD-102403,2024-05-07,SKU-1044,Peripherals,APAC-N,Direct,Enterprise,Ivan Kaur,3,42.05,0,126.15,63.84,Shipped
ORD-103571,2024-05-07,SKU-1076,Networking,NA-W,Retail,SMB,Kwame Abara,4,1719.15,0,6876.6,4117.12,Shipped
ORD-103665,2024-05-07,SKU-1061,Networking,LATAM,Online,SMB,Thea Delgado,1,1191.4,0,1191.4,695.99,Shipped
ORD-103719,2024-05-07,SKU-1020,Laptops,UKI,Partner,Enterprise,Nadia Kowalski,1,3674.26,0.25,2755.7,2390.72,Shipped
ORD-100602,2024-05-08,SKU-1060,Peripherals,APAC-N,Retail,Enterprise,Kwame Abara,7,299.52,0.15,1782.14,1187.55,Shipped
ORD-101042,2024-05-08,SKU-1080,Networking,NA-W,Online,Enterprise,Malik Kowalski,3,788.65,0.25,1774.46,1549.89,Pending
ORD-101289,2024-05-08,SKU-1064,Networking,NA-W,Partner,SMB,Nikolai Jensen,2,2008.03,0,4016.06,2436.4,Shipped
ORD-102229,2024-05-08,SKU-1063,Networking,LATAM,Retail,Mid-Market,Fatima Iversen,7,935.12,0.2,5236.67,4212.46,Shipped
ORD-102463,2024-05-08,SKU-1020,Laptops,LATAM,Direct,Consumer,Malik Kowalski,4,3674.26,0.2,11757.63,9562.88,Returned
ORD-102867,2024-05-08,SKU-1018,Laptops,NA-W,Direct,SMB,Rania Eriksen,5,2719.05,0.05,12915.49,8869.85,Shipped
ORD-102987,2024-05-08,SKU-1015,Laptops,NA-E,Online,Enterprise,Yara Eriksen,1,1315.81,0.05,1250.02,924.69,Pending
ORD-103871,2024-05-08,SKU-1065,Networking,NA-W,Partner,Enterprise,Bruno Zhang,3,417.19,0.05,1188.99,717.72,Shipped
ORD-100366,2024-05-09,SKU-1049,Peripherals,NA-W,Partner,SMB,Zara Fontaine,3,426.32,0.25,959.22,693.33,Shipped
ORD-101463,2024-05-09,SKU-1099,Storage,NA-E,Direct,SMB,Fatima Bennett,4,881.67,0.2,2821.34,2375.56,Shipped
ORD-101574,2024-05-09,SKU-1033,Monitors,DACH,Partner,Mid-Market,Sana Lindqvist,1,617.73,0.25,463.3,400.25,Returned
ORD-101625,2024-05-09,SKU-1031,Monitors,NA-E,Direct,SMB,Rania Kaur,6,953.0,0.05,5432.1,4006.98,Shipped
ORD-101856,2024-05-09,SKU-1001,Laptops,NA-W,Direct,Consumer,Fatima Dahl,3,1590.48,0,4771.44,3366.18,Shipped
ORD-104339,2024-05-09,SKU-1004,Laptops,APAC-N,Partner,Mid-Market,Wei Tanaka,6,3198.86,0.1,17273.84,13314.54,Shipped
ORD-100395,2024-05-10,SKU-1034,Monitors,NA-W,Direct,Mid-Market,Elena Kaur,4,511.32,0.1,1840.75,1262.88,Shipped
ORD-104144,2024-05-10,SKU-1101,Accessories,LATAM,Direct,SMB,Darius Kaur,3,149.25,0,447.75,180.15,Pending
ORD-104442,2024-05-10,SKU-1079,Networking,NA-W,Online,Enterprise,Viktor Zhang,2,453.79,0.15,771.44,573.52,Pending
ORD-101179,2024-05-11,SKU-1042,Peripherals,NA-W,Direct,Enterprise,Zara Fontaine,2,84.72,0.05,160.97,93.02,Shipped
ORD-101869,2024-05-11,SKU-1008,Laptops,APAC-N,Online,Mid-Market,Bruno Zhang,4,2860.19,0.1,10296.68,7959.72,Shipped
ORD-102805,2024-05-11,SKU-1109,Accessories,UKI,Partner,Mid-Market,Emeka Lindqvist,1,131.89,0,131.89,59.43,Shipped
ORD-103940,2024-05-11,SKU-1078,Networking,NA-E,Online,SMB,Rania Eriksen,3,981.51,0.25,2208.4,1749.15,Shipped
ORD-104436,2024-05-11,SKU-1013,Laptops,DACH,Partner,Mid-Market,Nadia Kowalski,4,2073.19,0.15,7048.85,5562.6,Returned
ORD-100081,2024-05-12,SKU-1079,Networking,UKI,Partner,Enterprise,Elena Kaur,3,453.79,0.05,1293.3,860.28,Pending
ORD-101076,2024-05-12,SKU-1083,Storage,LATAM,Partner,Enterprise,Ivan Kaur,5,132.45,0.05,629.14,446.05,Shipped
ORD-101626,2024-05-12,SKU-1061,Networking,NA-E,Retail,Enterprise,Nikolai Jensen,1,1191.4,0.05,1131.83,695.99,Shipped
ORD-102442,2024-05-12,SKU-1080,Networking,NORDIC,Partner,Enterprise,Ivan Kaur,7,788.65,0.2,4416.44,3616.41,Returned
ORD-103237,2024-05-12,SKU-1043,Peripherals,UKI,Online,SMB,Nadia Kowalski,2,212.9,0,425.8,226.3,Shipped
ORD-104959,2024-05-12,SKU-1096,Storage,DACH,Partner,Enterprise,Zara Fontaine,2,924.54,0.1,1664.17,1329.96,Shipped
ORD-101817,2024-05-13,SKU-1001,Laptops,NA-W,Online,SMB,Greta Haddad,3,1590.48,0,4771.44,3366.18,Returned
ORD-103000,2024-05-13,SKU-1006,Laptops,APAC-N,Online,SMB,Emeka Lindqvist,9,2229.97,0.1,18062.76,13354.47,Shipped
ORD-103689,2024-05-13,SKU-1089,Storage,LATAM,Direct,Mid-Market,Ivan Kaur,3,512.43,0.05,1460.43,1019.1,Shipped
ORD-100181,2024-05-14,SKU-1024,Monitors,APAC-S,Online,Enterprise,Yara Eriksen,12,340.87,0,4090.44,2659.08,Shipped
ORD-100712,2024-05-14,SKU-1042,Peripherals,LATAM,Retail,Mid-Market,Malik Kowalski,2,84.72,0.1,152.5,93.02,Returned
ORD-102191,2024-05-14,SKU-1008,Laptops,DACH,Partner,Mid-Market,Malik Eriksen,2,2860.19,0.1,5148.34,3979.86,Shipped
ORD-102935,2024-05-14,SKU-1041,Peripherals,NA-E,Partner,Enterprise,Rosa Marchetti,3,371.64,0.25,836.19,633.81,Shipped
ORD-103716,2024-05-15,SKU-1054,Peripherals,LATAM,Direct,SMB,Emeka Weber,3,210.36,0.1,567.97,313.77,Shipped
ORD-104771,2024-05-15,SKU-1106,Accessories,NA-E,Direct,Enterprise,Zara Sorensen,1,179.48,0.05,170.51,81.37,Returned
ORD-101001,2024-05-16,SKU-1092,Storage,NA-E,Online,Enterprise,Bao Kaur,1,227.16,0,227.16,160.65,Returned
ORD-103280,2024-05-16,SKU-1055,Peripherals,NA-W,Direct,Mid-Market,Petra Ibrahim,1,77.77,0.15,66.1,39.18,Pending
ORD-100334,2024-05-17,SKU-1047,Peripherals,NA-E,Direct,SMB,Zara Sorensen,4,240.32,0.05,913.22,506.32,Shipped
ORD-100925,2024-05-17,SKU-1107,Accessories,NA-E,Online,SMB,Yusuf Fontaine,3,92.86,0,278.58,113.16,Returned
ORD-103638,2024-05-17,SKU-1087,Storage,NA-W,Partner,SMB,Fatima Iversen,3,222.44,0,667.32,452.43,Shipped
ORD-103790,2024-05-17,SKU-1119,Accessories,LATAM,Direct,Mid-Market,Yusuf Fontaine,2,84.73,0,169.46,83.12,Shipped
ORD-104077,2024-05-17,SKU-1027,Monitors,NA-W,Direct,Enterprise,Darius Kaur,1,487.06,0.25,365.3,331.56,Shipped
ORD-100285,2024-05-18,SKU-1088,Storage,NA-E,Partner,Mid-Market,Yara Eriksen,2,601.62,0.15,1022.75,867.86,Shipped
ORD-102962,2024-05-18,SKU-1062,Networking,LATAM,Online,Consumer,Nikolai Jensen,2,864.38,0.2,1383.01,1083.38,Pending
ORD-103982,2024-05-18,SKU-1103,Accessories,LATAM,Online,Consumer,Elena Laurent,3,198.1,0,594.3,258.9,Shipped
ORD-100377,2024-05-19,SKU-1041,Peripherals,APAC-N,Direct,Enterprise,Ada Singh,4,371.64,0,1486.56,845.08,Pending
ORD-100484,2024-05-19,SKU-1052,Peripherals,DACH,Direct,Enterprise,Amara Dahl,4,310.49,0.2,993.57,637.12,Pending
ORD-101509,2024-05-19,SKU-1050,Peripherals,APAC-S,Partner,Consumer,Ada Singh,2,335.4,0,670.8,379.38,Shipped
ORD-102509,2024-05-19,SKU-1053,Peripherals,NA-E,Partner,Mid-Market,Fatima Bennett,5,417.51,0.15,1774.42,1082.8,Shipped
ORD-102461,2024-05-20,SKU-1023,Monitors,LATAM,Retail,Enterprise,Zara Fontaine,2,1366.21,0.15,2322.56,1797.62,Returned
ORD-100489,2024-05-21,SKU-1010,Laptops,NA-E,Online,Mid-Market,Uma Okafor,2,1514.87,0,3029.74,2180.46,Returned
ORD-100491,2024-05-21,SKU-1052,Peripherals,UKI,Partner,Mid-Market,Thea Ibrahim,15,310.49,0.1,4191.62,2389.2,Returned
ORD-101639,2024-05-21,SKU-1034,Monitors,NA-E,Direct,SMB,Rosa Marchetti,1,511.32,0,511.32,315.72,Pending
ORD-101683,2024-05-21,SKU-1001,Laptops,UKI,Online,SMB,Emeka Lindqvist,8,1590.48,0,12723.84,8976.48,Shipped
ORD-101906,2024-05-21,SKU-1045,Peripherals,NA-E,Online,Mid-Market,Malik Andersen,2,388.64,0.15,660.69,417.58,Shipped
ORD-103450,2024-05-21,SKU-1068,Networking,APAC-N,Partner,SMB,Adaeze Marchetti,3,782.54,0.25,1760.71,1389.75,Shipped
ORD-104064,2024-05-21,SKU-1033,Monitors,NA-E,Online,Enterprise,Ada Singh,2,617.73,0.05,1173.69,800.5,Pending
ORD-100898,2024-05-22,SKU-1094,Storage,UKI,Direct,Enterprise,Emeka Weber,3,321.11,0.25,722.5,674.67,Shipped
ORD-102900,2024-05-22,SKU-1067,Networking,LATAM,Partner,Mid-Market,Petra Ibrahim,7,254.78,0,1783.46,1076.32,Returned
ORD-103297,2024-05-22,SKU-1084,Storage,NA-E,Direct,SMB,Chen Iversen,8,497.7,0.05,3782.52,2916.64,Returned
ORD-103359,2024-05-22,SKU-1017,Laptops,UKI,Direct,SMB,Rosa Weber,7,3083.45,0,21584.15,15263.43,Returned
ORD-100870,2024-05-23,SKU-1118,Accessories,NORDIC,Direct,Enterprise,Nikolai Jensen,1,143.1,0.1,128.79,57.64,Returned
ORD-101003,2024-05-23,SKU-1063,Networking,NA-E,Direct,SMB,Greta Haddad,1,935.12,0.2,748.1,601.78,Shipped
ORD-102810,2024-05-23,SKU-1059,Peripherals,UKI,Direct,Mid-Market,Nikolai Jensen,1,294.39,0.05,279.67,144.83,Shipped
ORD-103372,2024-05-24,SKU-1074,Networking,APAC-S,Online,Enterprise,Nikolai Jensen,1,192.25,0.1,173.03,120.87,Shipped
ORD-103833,2024-05-24,SKU-1082,Storage,NORDIC,Direct,SMB,Uma Sandoval,7,199.64,0,1397.48,982.24,Returned
ORD-101019,2024-05-25,SKU-1040,Monitors,NA-W,Partner,Consumer,Nikolai Jensen,1,519.33,0.2,415.46,344.73,Shipped
ORD-101755,2024-05-25,SKU-1087,Storage,NA-W,Partner,Mid-Market,Zara Fontaine,2,222.44,0.05,422.64,301.62,Shipped
ORD-102227,2024-05-25,SKU-1100,Storage,UKI,Direct,Enterprise,Hana Rossi,1,754.71,0.15,641.5,499.86,Shipped
ORD-102522,2024-05-25,SKU-1020,Laptops,NA-E,Direct,Enterprise,Malik Kowalski,3,3674.26,0.2,8818.22,7172.16,Shipped
ORD-102872,2024-05-25,SKU-1095,Storage,NA-W,Retail,Enterprise,Rania Kaur,1,537.52,0.05,510.64,385.17,Shipped
ORD-102994,2024-05-25,SKU-1072,Networking,NA-E,Retail,SMB,Bruno Zhang,1,593.71,0.05,564.02,371.48,Shipped
ORD-104008,2024-05-25,SKU-1006,Laptops,DACH,Online,Mid-Market,Yusuf Fontaine,1,2229.97,0.1,2006.97,1483.83,Shipped
ORD-104667,2024-05-25,SKU-1090,Storage,DACH,Online,SMB,Rosa Marchetti,11,853.08,0.15,7976.3,6196.74,Shipped
ORD-104846,2024-05-25,SKU-1119,Accessories,NA-W,Partner,Enterprise,Hana Rossi,3,84.73,0.05,241.48,124.68,Returned
ORD-100507,2024-05-26,SKU-1003,Laptops,APAC-N,Online,SMB,Malik Kowalski,3,2349.75,0.1,6344.32,4537.11,Shipped
ORD-102171,2024-05-26,SKU-1117,Accessories,NA-W,Direct,SMB,Greta Haddad,2,127.94,0.2,204.7,111.66,Pending
ORD-104302,2024-05-26,SKU-1101,Accessories,NA-E,Partner,Consumer,Yusuf Mbeki,1,149.25,0.15,126.86,60.05,Returned
ORD-104011,2024-05-27,SKU-1097,Storage,NA-E,Direct,Mid-Market,Amara Dahl,2,176.34,0,352.68,266.7,Shipped
ORD-104090,2024-05-27,SKU-1073,Networking,NA-W,Partner,Mid-Market,Viktor Zhang,12,347.65,0.1,3754.62,2717.04,Returned
ORD-104318,2024-05-27,SKU-1086,Storage,NA-W,Partner,SMB,Adaeze Marchetti,1,1066.03,0.25,799.52,706.44,Shipped
ORD-104820,2024-05-27,SKU-1056,Peripherals,NA-E,Partner,Mid-Market,Wei Tanaka,3,45.14,0.15,115.11,67.86,Shipped
ORD-100747,2024-05-28,SKU-1079,Networking,NORDIC,Online,Mid-Market,Malik Andersen,5,453.79,0,2268.95,1433.8,Shipped
ORD-101143,2024-05-28,SKU-1019,Laptops,NA-W,Online,Mid-Market,Yara Eriksen,2,1704.93,0,3409.86,2350.94,Shipped
ORD-102239,2024-05-28,SKU-1001,Laptops,APAC-N,Direct,Enterprise,Bruno Zhang,4,1590.48,0.2,5089.54,4488.24,Shipped
ORD-102628,2024-05-28,SKU-1058,Peripherals,APAC-N,Online,Consumer,Emeka Weber,4,410.18,0.15,1394.61,887.48,Returned
ORD-103061,2024-05-28,SKU-1083,Storage,APAC-N,Online,SMB,Ada Vargas,6,132.45,0,794.7,535.26,Shipped
ORD-104518,2024-05-29,SKU-1060,Peripherals,NA-E,Direct,Mid-Market,Yara Eriksen,1,299.52,0,299.52,169.65,Shipped
ORD-104898,2024-05-29,SKU-1003,Laptops,NA-E,Direct,SMB,Elena Laurent,2,2349.75,0,4699.5,3024.74,Shipped
ORD-100239,2024-05-30,SKU-1075,Networking,NA-E,Direct,SMB,Zara Fontaine,1,1273.44,0.2,1018.75,736.87,Returned
ORD-100483,2024-05-30,SKU-1099,Storage,NA-E,Direct,Mid-Market,Hana Rossi,1,881.67,0.15,749.42,593.89,Shipped
ORD-101326,2024-05-30,SKU-1083,Storage,NA-W,Retail,SMB,Emeka Weber,13,132.45,0,1721.85,1159.73,Shipped
ORD-102374,2024-05-30,SKU-1032,Monitors,LATAM,Direct,SMB,Nadia Kowalski,1,929.07,0.05,882.62,585.49,Shipped
ORD-101353,2024-05-31,SKU-1067,Networking,NA-W,Retail,SMB,Ada Zimmerman,2,254.78,0.15,433.13,307.52,Shipped
ORD-101831,2024-05-31,SKU-1103,Accessories,NA-W,Online,Mid-Market,Kwame Abara,4,198.1,0.05,752.78,345.2,Pending
ORD-102421,2024-05-31,SKU-1097,Storage,NA-E,Direct,Enterprise,Nadia Kowalski,18,176.34,0.1,2856.71,2400.3,Shipped
ORD-104034,2024-05-31,SKU-1038,Monitors,NA-W,Retail,Enterprise,Emeka Weber,3,829.48,0.25,1866.33,1662.99,Shipped
ORD-100723,2024-06-01,SKU-1067,Networking,NA-W,Partner,SMB,Elena Okafor,9,254.78,0.2,1834.42,1383.84,Returned
ORD-101521,2024-06-01,SKU-1071,Networking,NA-W,Direct,Mid-Market,Malik Andersen,21,827.39,0.05,16506.43,11102.91,Pending
ORD-102686,2024-06-01,SKU-1020,Laptops,LATAM,Direct,Enterprise,Thea Zhang,2,3674.26,0.05,6981.09,4781.44,Pending
ORD-104671,2024-06-01,SKU-1005,Laptops,UKI,Online,Mid-Market,Bruno Zhang,1,1611.9,0.1,1450.71,1032.29,Shipped
ORD-100518,2024-06-02,SKU-1094,Storage,LATAM,Direct,Mid-Market,Kwame Abara,1,321.11,0.05,305.05,224.89,Pending
ORD-101552,2024-06-02,SKU-1109,Accessories,NA-W,Partner,Enterprise,Kwame Abara,2,131.89,0,263.78,118.86,Returned
ORD-102187,2024-06-02,SKU-1014,Laptops,NA-E,Partner,Enterprise,Ada Singh,6,1949.83,0.05,11114.03,7929.06,Shipped
ORD-102694,2024-06-02,SKU-1015,Laptops,LATAM,Direct,Mid-Market,Amara Dahl,5,1315.81,0.05,6250.1,4623.45,Shipped
ORD-103242,2024-06-02,SKU-1074,Networking,UKI,Retail,Consumer,Thea Zhang,2,192.25,0,384.5,241.74,Pending
ORD-103382,2024-06-02,SKU-1022,Monitors,UKI,Direct,Enterprise,Malik Eriksen,1,296.21,0,296.21,195.26,Shipped
ORD-104475,2024-06-02,SKU-1103,Accessories,NA-E,Online,Mid-Market,Wei Tanaka,3,198.1,0,594.3,258.9,Shipped
ORD-100760,2024-06-03,SKU-1027,Monitors,DACH,Direct,Enterprise,Nikolai Jensen,3,487.06,0.05,1388.12,994.68,Returned
ORD-101518,2024-06-03,SKU-1049,Peripherals,DACH,Direct,Mid-Market,Rosa Weber,3,426.32,0.1,1151.06,693.33,Shipped
ORD-103566,2024-06-03,SKU-1094,Storage,NA-W,Partner,Mid-Market,Ada Zimmerman,2,321.11,0,642.22,449.78,Pending
ORD-103824,2024-06-03,SKU-1100,Storage,NA-E,Partner,Mid-Market,Fatima Bennett,3,754.71,0.15,1924.51,1499.58,Shipped
ORD-104096,2024-06-03,SKU-1081,Storage,UKI,Online,SMB,Paulo Carvalho,1,427.43,0.25,320.57,295.78,Shipped
ORD-100049,2024-06-04,SKU-1093,Storage,APAC-N,Partner,Enterprise,Fatima Dahl,1,856.06,0,856.06,628.28,Shipped
ORD-100433,2024-06-04,SKU-1087,Storage,NA-E,Online,Consumer,Bao Alvarez,8,222.44,0.05,1690.54,1206.48,Returned
ORD-100664,2024-06-04,SKU-1021,Monitors,NA-W,Direct,Mid-Market,Wei Tanaka,3,444.75,0.15,1134.11,909.48,Shipped
ORD-102328,2024-06-04,SKU-1062,Networking,DACH,Direct,SMB,Ada Zimmerman,1,864.38,0,864.38,541.69,Shipped
ORD-103456,2024-06-04,SKU-1074,Networking,LATAM,Partner,Enterprise,Zara Sorensen,3,192.25,0,576.75,362.61,Returned
ORD-104038,2024-06-04,SKU-1035,Monitors,NA-W,Retail,SMB,Rania Kaur,1,1114.67,0,1114.67,763.01,Shipped
ORD-100574,2024-06-05,SKU-1087,Storage,LATAM,Direct,SMB,Malik Kowalski,1,222.44,0,222.44,150.81,Shipped
ORD-101240,2024-06-05,SKU-1104,Accessories,DACH,Partner,SMB,Yusuf Mbeki,1,40.52,0.15,34.44,19.34,Returned
ORD-101482,2024-06-05,SKU-1020,Laptops,NA-E,Online,SMB,Ivan Kaur,1,3674.26,0,3674.26,2390.72,Returned
ORD-101962,2024-06-05,SKU-1060,Peripherals,NA-E,Direct,Enterprise,Bao Alvarez,5,299.52,0.15,1272.96,848.25,Returned
ORD-103165,2024-06-05,SKU-1064,Networking,NA-E,Direct,Enterprise,Petra Ibrahim,1,2008.03,0,2008.03,1218.2,Shipped
ORD-103677,2024-06-05,SKU-1027,Monitors,APAC-S,Retail,SMB,Adaeze Marchetti,2,487.06,0.05,925.41,663.12,Shipped
ORD-104111,2024-06-05,SKU-1017,Laptops,NA-W,Partner,SMB,Bao Alvarez,1,3083.45,0.15,2620.93,2180.49,Shipped
ORD-104624,2024-06-05,SKU-1029,Monitors,NA-E,Partner,Consumer,Emeka Weber,3,438.72,0,1316.16,862.26,Shipped
ORD-104811,2024-06-05,SKU-1108,Accessories,NORDIC,Retail,SMB,Uma Okafor,1,111.01,0.25,83.26,47.94,Shipped
ORD-100846,2024-06-06,SKU-1020,Laptops,APAC-N,Direct,SMB,Emeka Lindqvist,3,3674.26,0.25,8267.09,7172.16,Shipped
ORD-102313,2024-06-06,SKU-1044,Peripherals,UKI,Online,Mid-Market,Ada Vargas,1,42.05,0.25,31.54,21.28,Shipped
ORD-100155,2024-06-07,SKU-1106,Accessories,DACH,Retail,Consumer,Fatima Iversen,5,179.48,0.25,673.05,406.85,Shipped
ORD-100419,2024-06-07,SKU-1109,Accessories,NA-E,Partner,SMB,Thea Zhang,7,131.89,0,923.23,416.01,Returned
ORD-101332,2024-06-07,SKU-1047,Peripherals,NA-E,Partner,Mid-Market,Rosa Weber,11,240.32,0.2,2114.82,1392.38,Pending
ORD-101796,2024-06-07,SKU-1081,Storage,NA-W,Online,Mid-Market,Malik Kowalski,6,427.43,0,2564.58,1774.68,Shipped
ORD-102560,2024-06-07,SKU-1105,Accessories,NA-W,Partner,Enterprise,Rosa Weber,18,139.86,0,2517.48,1097.46,Shipped
ORD-102875,2024-06-07,SKU-1070,Networking,NA-E,Partner,Consumer,Sana Lindqvist,11,1052.94,0.15,9844.99,6930.88,Returned
ORD-100767,2024-06-08,SKU-1076,Networking,APAC-S,Direct,SMB,Bao Kaur,6,1719.15,0.15,8767.67,6175.68,Returned
ORD-103781,2024-06-08,SKU-1087,Storage,NA-W,Partner,Mid-Market,Hana Rossi,1,222.44,0,222.44,150.81,Shipped
ORD-104078,2024-06-08,SKU-1049,Peripherals,UKI,Partner,SMB,Elena Laurent,1,426.32,0.05,405.0,231.11,Shipped
ORD-101069,2024-06-09,SKU-1034,Monitors,UKI,Partner,Mid-Market,Ada Singh,3,511.32,0.05,1457.26,947.16,Shipped
ORD-101109,2024-06-09,SKU-1087,Storage,APAC-S,Direct,SMB,Malik Kowalski,3,222.44,0,667.32,452.43,Shipped
ORD-102122,2024-06-09,SKU-1085,Storage,UKI,Partner,Mid-Market,Yusuf Fontaine,2,163.55,0.25,245.33,246.76,Shipped
ORD-102244,2024-06-09,SKU-1082,Storage,NA-W,Online,SMB,Yusuf Mbeki,5,199.64,0.2,798.56,701.6,Pending
ORD-103091,2024-06-09,SKU-1096,Storage,DACH,Online,Enterprise,Emeka Lindqvist,8,924.54,0.1,6656.69,5319.84,Shipped
ORD-103864,2024-06-09,SKU-1027,Monitors,NA-E,Retail,Consumer,Ada Singh,2,487.06,0,974.12,663.12,Pending
ORD-104733,2024-06-09,SKU-1086,Storage,APAC-N,Direct,Enterprise,Uma Sandoval,2,1066.03,0,2132.06,1412.88,Returned
ORD-101515,2024-06-10,SKU-1048,Peripherals,NA-E,Direct,Enterprise,Bao Alvarez,1,405.97,0,405.97,200.64,Shipped
ORD-101595,2024-06-10,SKU-1109,Accessories,APAC-S,Online,Mid-Market,Zara Sorensen,9,131.89,0.2,949.61,534.87,Shipped
ORD-104094,2024-06-10,SKU-1111,Accessories,NA-W,Retail,Consumer,Fatima Bennett,6,118.52,0,711.12,304.02,Shipped
ORD-104750,2024-06-10,SKU-1007,Laptops,APAC-N,Direct,Mid-Market,Thea Delgado,3,1513.38,0.2,3632.11,3185.22,Shipped
ORD-101546,2024-06-11,SKU-1083,Storage,APAC-N,Online,Mid-Market,Elena Okafor,1,132.45,0,132.45,89.21,Shipped
ORD-101718,2024-06-11,SKU-1003,Laptops,NA-W,Direct,Enterprise,Viktor Zhang,14,2349.75,0,32896.5,21173.18,Shipped
ORD-103251,2024-06-11,SKU-1053,Peripherals,NA-E,Direct,Enterprise,Darius Kaur,4,417.51,0,1670.04,866.24,Shipped
ORD-104995,2024-06-11,SKU-1087,Storage,APAC-N,Online,Mid-Market,Rania Eriksen,1,222.44,0,222.44,150.81,Shipped
ORD-100855,2024-06-12,SKU-1039,Monitors,DACH,Online,SMB,Amara Dahl,5,1201.03,0,6005.15,3740.65,Shipped
ORD-100948,2024-06-12,SKU-1090,Storage,NA-E,Online,SMB,Yara Eriksen,2,853.08,0.25,1279.62,1126.68,Shipped
ORD-101437,2024-06-12,SKU-1069,Networking,NA-W,Online,Mid-Market,Thea Zhang,5,640.52,0,3202.6,1953.1,Returned
ORD-101506,2024-06-12,SKU-1032,Monitors,LATAM,Retail,SMB,Zara Sorensen,1,929.07,0.05,882.62,585.49,Pending
ORD-100378,2024-06-13,SKU-1060,Peripherals,APAC-N,Online,Mid-Market,Wei Tanaka,12,299.52,0.15,3055.1,2035.8,Returned
ORD-101239,2024-06-13,SKU-1111,Accessories,APAC-N,Online,Enterprise,Ada Singh,1,118.52,0.2,94.82,50.67,Shipped
ORD-103245,2024-06-13,SKU-1080,Networking,NA-E,Partner,Mid-Market,Rania Kaur,3,788.65,0.05,2247.65,1549.89,Returned
ORD-103806,2024-06-13,SKU-1006,Laptops,UKI,Direct,SMB,Bao Kaur,9,2229.97,0,20069.73,13354.47,Shipped
ORD-102517,2024-06-14,SKU-1057,Peripherals,NA-W,Direct,Enterprise,Bao Alvarez,1,457.5,0,457.5,228.53,Pending
ORD-103144,2024-06-14,SKU-1029,Monitors,NA-E,Partner,Mid-Market,Zara Sorensen,8,438.72,0,3509.76,2299.36,Shipped
ORD-103881,2024-06-14,SKU-1043,Peripherals,UKI,Retail,Consumer,Darius Kaur,1,212.9,0.05,202.25,113.15,Pending
ORD-104127,2024-06-14,SKU-1094,Storage,UKI,Online,SMB,Rania Kaur,2,321.11,0.15,545.89,449.78,Shipped
ORD-104240,2024-06-14,SKU-1036,Monitors,DACH,Online,Consumer,Ivan Kaur,10,1180.66,0.15,10035.61,7673.3,Shipped
ORD-104548,2024-06-14,SKU-1115,Accessories,NA-E,Retail,SMB,Thea Delgado,1,201.56,0.1,181.4,95.86,Shipped
ORD-104831,2024-06-14,SKU-1008,Laptops,NA-E,Online,Enterprise,Fatima Dahl,1,2860.19,0,2860.19,1989.93,Shipped
ORD-100106,2024-06-15,SKU-1013,Laptops,UKI,Direct,Consumer,Uma Sandoval,11,2073.19,0.25,17103.82,15297.15,Shipped
ORD-102948,2024-06-15,SKU-1070,Networking,NA-W,Direct,Enterprise,Fatima Bennett,1,1052.94,0.15,895.0,630.08,Returned
ORD-103581,2024-06-15,SKU-1087,Storage,LATAM,Partner,SMB,Rania Kaur,3,222.44,0.1,600.59,452.43,Shipped
ORD-100404,2024-06-16,SKU-1061,Networking,NA-E,Direct,Mid-Market,Rania Kaur,11,1191.4,0,13105.4,7655.89,Shipped
ORD-103342,2024-06-16,SKU-1108,Accessories,UKI,Partner,Enterprise,Elena Okafor,6,111.01,0,666.06,287.64,Pending
ORD-100634,2024-06-17,SKU-1064,Networking,NORDIC,Online,Mid-Market,Uma Sandoval,1,2008.03,0.2,1606.42,1218.2,Shipped
ORD-101751,2024-06-17,SKU-1104,Accessories,NA-E,Retail,Enterprise,Thea Ibrahim,9,40.52,0.25,273.51,174.06,Returned
ORD-102609,2024-06-17,SKU-1015,Laptops,NA-W,Direct,Consumer,Paulo Carvalho,3,1315.81,0.1,3552.69,2774.07,Shipped
ORD-103924,2024-06-17,SKU-1024,Monitors,NORDIC,Direct,SMB,Zara Fontaine,2,340.87,0.05,647.65,443.18,Shipped
ORD-103989,2024-06-17,SKU-1093,Storage,LATAM,Online,Mid-Market,Fatima Dahl,9,856.06,0,7704.54,5654.52,Shipped
ORD-100006,2024-06-18,SKU-1042,Peripherals,UKI,Direct,Consumer,Elena Okafor,1,84.72,0,84.72,46.51,Shipped
ORD-101473,2024-06-18,SKU-1077,Networking,NA-E,Direct,Enterprise,Rosa Marchetti,27,740.62,0.2,15997.39,12148.38,Returned
ORD-102046,2024-06-18,SKU-1019,Laptops,APAC-S,Online,Mid-Market,Yusuf Mbeki,2,1704.93,0.1,3068.87,2350.94,Shipped
ORD-102138,2024-06-18,SKU-1001,Laptops,APAC-N,Partner,SMB,Malik Andersen,3,1590.48,0.2,3817.15,3366.18,Returned
ORD-103380,2024-06-18,SKU-1003,Laptops,NA-W,Partner,SMB,Ada Singh,3,2349.75,0,7049.25,4537.11,Returned
ORD-104134,2024-06-18,SKU-1067,Networking,NA-E,Direct,SMB,Fatima Iversen,16,254.78,0.25,3057.36,2460.16,Shipped
ORD-104532,2024-06-18,SKU-1088,Storage,NA-W,Online,SMB,Thea Zhang,3,601.62,0.1,1624.37,1301.79,Shipped
ORD-104553,2024-06-18,SKU-1079,Networking,DACH,Online,Consumer,Emeka Lindqvist,1,453.79,0,453.79,286.76,Returned
ORD-103081,2024-06-19,SKU-1064,Networking,NA-E,Online,SMB,Malik Eriksen,13,2008.03,0,26104.39,15836.6,Shipped
ORD-103147,2024-06-19,SKU-1095,Storage,NORDIC,Partner,Enterprise,Bruno Zhang,5,537.52,0.1,2418.84,1925.85,Returned
ORD-103437,2024-06-19,SKU-1010,Laptops,NA-E,Online,SMB,Yusuf Mbeki,1,1514.87,0.15,1287.64,1090.23,Shipped
ORD-103908,2024-06-19,SKU-1026,Monitors,NA-E,Online,Enterprise,Hana Rossi,4,371.18,0.2,1187.78,1016.08,Shipped
ORD-104014,2024-06-19,SKU-1063,Networking,NA-W,Online,Mid-Market,Adaeze Marchetti,1,935.12,0.15,794.85,601.78,Shipped
ORD-104722,2024-06-19,SKU-1101,Accessories,UKI,Direct,Mid-Market,Thea Ibrahim,2,149.25,0.25,223.88,120.1,Returned
ORD-100079,2024-06-20,SKU-1100,Storage,NA-W,Partner,SMB,Fatima Dahl,3,754.71,0.15,1924.51,1499.58,Returned
ORD-100303,2024-06-20,SKU-1079,Networking,UKI,Online,Mid-Market,Amara Dahl,1,453.79,0,453.79,286.76,Shipped
ORD-100380,2024-06-20,SKU-1083,Storage,UKI,Partner,Enterprise,Uma Okafor,4,132.45,0.15,450.33,356.84,Returned
ORD-101064,2024-06-20,SKU-1040,Monitors,LATAM,Online,Mid-Market,Yara Eriksen,2,519.33,0,1038.66,689.46,Returned
ORD-104037,2024-06-20,SKU-1014,Laptops,UKI,Direct,SMB,Elena Okafor,1,1949.83,0.1,1754.85,1321.51,Shipped
ORD-104148,2024-06-20,SKU-1046,Peripherals,UKI,Direct,Consumer,Nikolai Jensen,3,291.02,0.25,654.79,447.87,Shipped
ORD-100704,2024-06-21,SKU-1002,Laptops,LATAM,Direct,Enterprise,Bruno Zhang,2,3368.08,0.25,5052.12,4599.46,Shipped
ORD-102642,2024-06-21,SKU-1028,Monitors,UKI,Direct,Mid-Market,Malik Kowalski,13,1296.45,0.15,14325.77,10875.41,Shipped
ORD-103967,2024-06-21,SKU-1033,Monitors,APAC-N,Direct,SMB,Emeka Weber,2,617.73,0.05,1173.69,800.5,Shipped
ORD-104589,2024-06-21,SKU-1039,Monitors,NA-W,Online,Enterprise,Malik Eriksen,3,1201.03,0.2,2882.47,2244.39,Shipped
ORD-104971,2024-06-21,SKU-1030,Monitors,NORDIC,Partner,Consumer,Fatima Iversen,4,756.24,0,3024.96,2088.8,Shipped
ORD-101110,2024-06-22,SKU-1106,Accessories,UKI,Direct,Enterprise,Uma Sandoval,2,179.48,0,358.96,162.74,Shipped
ORD-101847,2024-06-22,SKU-1105,Accessories,LATAM,Direct,Consumer,Rosa Weber,1,139.86,0,139.86,60.97,Shipped
ORD-102910,2024-06-22,SKU-1120,Accessories,APAC-S,Online,Consumer,Emeka Lindqvist,1,210.18,0.2,168.14,86.17,Returned
ORD-103279,2024-06-22,SKU-1038,Monitors,NA-E,Online,Consumer,Nikolai Jensen,3,829.48,0.15,2115.17,1662.99,Shipped
ORD-100016,2024-06-23,SKU-1068,Networking,NA-E,Online,Enterprise,Wei Tanaka,9,782.54,0,7042.86,4169.25,Shipped
ORD-100772,2024-06-23,SKU-1045,Peripherals,NA-W,Online,Mid-Market,Ada Zimmerman,4,388.64,0,1554.56,835.16,Shipped
ORD-101145,2024-06-23,SKU-1051,Peripherals,UKI,Direct,Mid-Market,Rosa Weber,1,311.03,0.1,279.93,178.18,Shipped
ORD-102395,2024-06-23,SKU-1096,Storage,NA-E,Online,Consumer,Paulo Carvalho,1,924.54,0,924.54,664.98,Returned
ORD-102899,2024-06-23,SKU-1104,Accessories,NA-E,Online,Enterprise,Rania Eriksen,1,40.52,0.15,34.44,19.34,Pending
ORD-103760,2024-06-23,SKU-1028,Monitors,UKI,Direct,SMB,Fatima Dahl,5,1296.45,0.2,5185.8,4182.85,Pending
ORD-104555,2024-06-23,SKU-1064,Networking,LATAM,Online,Mid-Market,Darius Kaur,5,2008.03,0,10040.15,6091.0,Shipped
ORD-104697,2024-06-23,SKU-1108,Accessories,NA-W,Direct,Consumer,Amara Dahl,3,111.01,0.05,316.38,143.82,Pending
ORD-100248,2024-06-24,SKU-1072,Networking,NA-W,Direct,Mid-Market,Ada Vargas,7,593.71,0,4155.97,2600.36,Shipped
ORD-100875,2024-06-24,SKU-1090,Storage,LATAM,Online,SMB,Paulo Carvalho,2,853.08,0,1706.16,1126.68,Shipped
ORD-101194,2024-06-24,SKU-1085,Storage,LATAM,Direct,Mid-Market,Emeka Lindqvist,6,163.55,0,981.3,740.28,Returned
ORD-102178,2024-06-24,SKU-1006,Laptops,APAC-N,Retail,Mid-Market,Greta Haddad,7,2229.97,0.05,14829.3,10386.81,Returned
ORD-102547,2024-06-24,SKU-1053,Peripherals,APAC-N,Online,Mid-Market,Bruno Zhang,4,417.51,0.2,1336.03,866.24,Returned
ORD-104422,2024-06-24,SKU-1090,Storage,NA-W,Direct,Enterprise,Fatima Dahl,15,853.08,0.05,12156.39,8450.1,Pending
ORD-100347,2024-06-25,SKU-1024,Monitors,NA-E,Online,Mid-Market,Thea Ibrahim,5,340.87,0,1704.35,1107.95,Shipped
ORD-101789,2024-06-25,SKU-1100,Storage,LATAM,Direct,Consumer,Ada Zimmerman,4,754.71,0.1,2716.96,1999.44,Pending
ORD-103725,2024-06-25,SKU-1116,Accessories,NA-E,Online,Consumer,Nikolai Jensen,9,147.71,0.1,1196.45,652.77,Returned
ORD-103930,2024-06-25,SKU-1049,Peripherals,APAC-S,Online,SMB,Fatima Dahl,4,426.32,0.2,1364.22,924.44,Shipped
ORD-104632,2024-06-25,SKU-1015,Laptops,NA-W,Online,Enterprise,Elena Kaur,1,1315.81,0.05,1250.02,924.69,Shipped
ORD-100159,2024-06-26,SKU-1009,Laptops,LATAM,Online,Enterprise,Uma Sandoval,1,3341.5,0,3341.5,2318.58,Returned
ORD-100762,2024-06-26,SKU-1049,Peripherals,UKI,Direct,SMB,Hana Rossi,11,426.32,0.05,4455.04,2542.21,Shipped
ORD-100967,2024-06-26,SKU-1120,Accessories,UKI,Online,SMB,Greta Haddad,1,210.18,0.05,199.67,86.17,Shipped
ORD-101504,2024-06-26,SKU-1019,Laptops,NA-W,Direct,Mid-Market,Greta Haddad,2,1704.93,0.25,2557.39,2350.94,Shipped
ORD-101593,2024-06-26,SKU-1117,Accessories,NORDIC,Partner,Mid-Market,Thea Delgado,3,127.94,0,383.82,167.49,Shipped
ORD-102677,2024-06-26,SKU-1096,Storage,APAC-N,Direct,Enterprise,Emeka Weber,2,924.54,0.25,1386.81,1329.96,Pending
ORD-103028,2024-06-26,SKU-1079,Networking,NA-E,Direct,Consumer,Fatima Dahl,9,453.79,0.25,3063.08,2580.84,Shipped
ORD-103199,2024-06-26,SKU-1091,Storage,NA-W,Partner,SMB,Rosa Weber,4,949.67,0.2,3038.94,2798.04,Returned
ORD-103231,2024-06-26,SKU-1056,Peripherals,NA-E,Direct,Enterprise,Rania Kaur,18,45.14,0.2,650.02,407.16,Shipped
ORD-104316,2024-06-26,SKU-1006,Laptops,UKI,Partner,Mid-Market,Kwame Abara,2,2229.97,0.05,4236.94,2967.66,Pending
ORD-100245,2024-06-27,SKU-1055,Peripherals,NA-E,Online,Consumer,Malik Eriksen,1,77.77,0.05,73.88,39.18,Shipped
ORD-100512,2024-06-27,SKU-1005,Laptops,NA-E,Partner,Enterprise,Kwame Abara,1,1611.9,0.2,1289.52,1032.29,Shipped
ORD-101785,2024-06-27,SKU-1074,Networking,NA-W,Online,Mid-Market,Emeka Weber,5,192.25,0,961.25,604.35,Shipped
ORD-102152,2024-06-27,SKU-1059,Peripherals,DACH,Direct,Enterprise,Ada Vargas,16,294.39,0,4710.24,2317.28,Shipped
ORD-102943,2024-06-27,SKU-1119,Accessories,NA-E,Partner,SMB,Rania Eriksen,1,84.73,0.1,76.26,41.56,Pending
ORD-104317,2024-06-28,SKU-1036,Monitors,NA-W,Retail,Enterprise,Amara Dahl,3,1180.66,0,3541.98,2301.99,Returned
ORD-104863,2024-06-28,SKU-1060,Peripherals,APAC-N,Online,Enterprise,Emeka Weber,3,299.52,0.25,673.92,508.95,Shipped
ORD-103888,2024-06-29,SKU-1104,Accessories,UKI,Retail,SMB,Yusuf Mbeki,1,40.52,0.05,38.49,19.34,Shipped
ORD-103146,2024-06-30,SKU-1058,Peripherals,NA-W,Direct,Consumer,Rosa Marchetti,7,410.18,0.25,2153.45,1553.09,Shipped
ORD-103307,2024-06-30,SKU-1021,Monitors,DACH,Direct,SMB,Adaeze Marchetti,11,444.75,0.25,3669.19,3334.76,Shipped
ORD-103943,2024-06-30,SKU-1048,Peripherals,NA-W,Partner,Mid-Market,Sana Lindqvist,2,405.97,0,811.94,401.28,Returned
ORD-104235,2024-06-30,SKU-1112,Accessories,NA-W,Online,Mid-Market,Paulo Carvalho,1,160.4,0.05,152.38,73.98,Returned
ORD-101974,2024-07-01,SKU-1065,Networking,APAC-N,Online,Mid-Market,Yusuf Mbeki,1,417.19,0.15,354.61,239.24,Shipped
ORD-102847,2024-07-01,SKU-1072,Networking,APAC-N,Online,SMB,Yusuf Mbeki,2,593.71,0.05,1128.05,742.96,Shipped
ORD-100476,2024-07-02,SKU-1052,Peripherals,NA-W,Online,Consumer,Rosa Weber,1,310.49,0,310.49,159.28,Shipped
ORD-101105,2024-07-02,SKU-1014,Laptops,APAC-S,Partner,Mid-Market,Thea Delgado,4,1949.83,0,7799.32,5286.04,Returned
ORD-101923,2024-07-02,SKU-1043,Peripherals,DACH,Partner,Enterprise,Nadia Kowalski,2,212.9,0.1,383.22,226.3,Returned
ORD-102608,2024-07-02,SKU-1012,Laptops,NA-E,Direct,Enterprise,Rosa Weber,6,3047.46,0,18284.76,12614.34,Shipped
ORD-102811,2024-07-02,SKU-1050,Peripherals,NA-E,Partner,Enterprise,Darius Kaur,1,335.4,0.15,285.09,189.69,Returned
ORD-104542,2024-07-02,SKU-1088,Storage,NA-E,Partner,Consumer,Yara Eriksen,1,601.62,0.15,511.38,433.93,Pending
ORD-104752,2024-07-02,SKU-1007,Laptops,APAC-N,Online,Enterprise,Malik Eriksen,3,1513.38,0.05,4313.13,3185.22,Shipped
ORD-100456,2024-07-03,SKU-1077,Networking,UKI,Partner,SMB,Emeka Lindqvist,3,740.62,0.15,1888.58,1349.82,Shipped
ORD-101178,2024-07-03,SKU-1062,Networking,UKI,Online,Mid-Market,Uma Sandoval,3,864.38,0.2,2074.51,1625.07,Shipped
ORD-103950,2024-07-03,SKU-1035,Monitors,NA-E,Partner,Enterprise,Ivan Kaur,2,1114.67,0.25,1672.01,1526.02,Shipped
ORD-104015,2024-07-03,SKU-1073,Networking,UKI,Retail,SMB,Bao Kaur,1,347.65,0,347.65,226.42,Shipped
ORD-102743,2024-07-04,SKU-1010,Laptops,NA-W,Partner,Mid-Market,Elena Laurent,1,1514.87,0.1,1363.38,1090.23,Returned
ORD-103141,2024-07-04,SKU-1109,Accessories,APAC-N,Online,Mid-Market,Yusuf Fontaine,1,131.89,0,131.89,59.43,Shipped
ORD-104165,2024-07-04,SKU-1110,Accessories,NA-E,Direct,Mid-Market,Emeka Weber,1,50.0,0,50.0,23.98,Returned
ORD-104742,2024-07-04,SKU-1056,Peripherals,UKI,Direct,Mid-Market,Uma Sandoval,2,45.14,0,90.28,45.24,Shipped
ORD-100519,2024-07-05,SKU-1095,Storage,NA-W,Direct,Enterprise,Uma Sandoval,1,537.52,0.05,510.64,385.17,Shipped
ORD-102497,2024-07-05,SKU-1004,Laptops,NORDIC,Partner,Enterprise,Ada Singh,6,3198.86,0,19193.16,13314.54,Returned
ORD-102687,2024-07-05,SKU-1061,Networking,NA-E,Online,SMB,Rosa Marchetti,6,1191.4,0.1,6433.56,4175.94,Shipped
ORD-100246,2024-07-06,SKU-1011,Laptops,UKI,Partner,Enterprise,Yusuf Fontaine,30,2304.08,0.15,58754.04,44679.0,Returned
ORD-100856,2024-07-06,SKU-1108,Accessories,NA-W,Direct,Consumer,Malik Eriksen,1,111.01,0.1,99.91,47.94,Shipped
ORD-103935,2024-07-06,SKU-1113,Accessories,DACH,Partner,Mid-Market,Uma Okafor,9,23.87,0.05,204.09,94.05,Pending
ORD-104452,2024-07-06,SKU-1088,Storage,UKI,Online,SMB,Chen Iversen,7,601.62,0.1,3790.21,3037.51,Shipped
ORD-104687,2024-07-06,SKU-1054,Peripherals,LATAM,Retail,SMB,Yara Eriksen,6,210.36,0.25,946.62,627.54,Shipped
ORD-101142,2024-07-07,SKU-1080,Networking,NA-E,Online,Enterprise,Sana Lindqvist,2,788.65,0.05,1498.43,1033.26,Shipped
ORD-102633,2024-07-07,SKU-1014,Laptops,NORDIC,Direct,Consumer,Wei Tanaka,5,1949.83,0.1,8774.24,6607.55,Pending
ORD-103023,2024-07-07,SKU-1103,Accessories,APAC-N,Partner,Enterprise,Malik Andersen,4,198.1,0.25,594.3,345.2,Pending
ORD-103700,2024-07-07,SKU-1009,Laptops,UKI,Online,SMB,Kwame Abara,3,3341.5,0.1,9022.05,6955.74,Returned
ORD-101250,2024-07-08,SKU-1078,Networking,UKI,Online,SMB,Paulo Carvalho,1,981.51,0,981.51,583.05,Shipped
ORD-101822,2024-07-08,SKU-1040,Monitors,NORDIC,Online,SMB,Paulo Carvalho,3,519.33,0.05,1480.09,1034.19,Shipped
ORD-102163,2024-07-08,SKU-1095,Storage,DACH,Partner,Mid-Market,Thea Zhang,1,537.52,0.05,510.64,385.17,Shipped
ORD-103252,2024-07-08,SKU-1117,Accessories,APAC-S,Retail,SMB,Yusuf Mbeki,11,127.94,0,1407.34,614.13,Pending
ORD-100720,2024-07-09,SKU-1060,Peripherals,APAC-S,Online,SMB,Thea Ibrahim,1,299.52,0.2,239.62,169.65,Returned
ORD-100803,2024-07-09,SKU-1003,Laptops,NA-E,Retail,Mid-Market,Rania Kaur,4,2349.75,0,9399.0,6049.48,Returned
ORD-102240,2024-07-09,SKU-1057,Peripherals,NA-E,Partner,SMB,Petra Ibrahim,4,457.5,0,1830.0,914.12,Returned
ORD-103057,2024-07-09,SKU-1088,Storage,DACH,Online,Mid-Market,Rania Kaur,2,601.62,0,1203.24,867.86,Returned
ORD-104823,2024-07-09,SKU-1041,Peripherals,NA-W,Partner,SMB,Zara Fontaine,1,371.64,0.15,315.89,211.27,Pending
ORD-100270,2024-07-10,SKU-1030,Monitors,NA-E,Online,SMB,Kwame Abara,1,756.24,0.1,680.62,522.2,Shipped
ORD-100805,2024-07-10,SKU-1031,Monitors,NA-W,Direct,Mid-Market,Malik Andersen,1,953.0,0,953.0,667.83,Returned
ORD-101999,2024-07-10,SKU-1108,Accessories,APAC-S,Online,Enterprise,Bao Alvarez,2,111.01,0.15,188.72,95.88,Shipped
ORD-100773,2024-07-11,SKU-1114,Accessories,UKI,Direct,Mid-Market,Zara Fontaine,1,150.14,0.05,142.63,72.47,Returned
ORD-101431,2024-07-11,SKU-1024,Monitors,UKI,Direct,Mid-Market,Nikolai Jensen,3,340.87,0.15,869.22,664.77,Shipped
ORD-102279,2024-07-11,SKU-1056,Peripherals,DACH,Partner,Consumer,Amara Dahl,13,45.14,0.15,498.8,294.06,Returned
ORD-102858,2024-07-11,SKU-1009,Laptops,NA-W,Direct,SMB,Malik Andersen,5,3341.5,0,16707.5,11592.9,Shipped
ORD-104503,2024-07-11,SKU-1010,Laptops,LATAM,Direct,Mid-Market,Adaeze Marchetti,12,1514.87,0.2,14542.75,13082.76,Shipped
ORD-100124,2024-07-12,SKU-1056,Peripherals,DACH,Direct,Mid-Market,Kwame Abara,2,45.14,0,90.28,45.24,Shipped
ORD-101257,2024-07-12,SKU-1035,Monitors,NA-E,Retail,Enterprise,Darius Kaur,1,1114.67,0.05,1058.94,763.01,Pending
ORD-103427,2024-07-12,SKU-1110,Accessories,NA-W,Online,Consumer,Paulo Carvalho,3,50.0,0.25,112.5,71.94,Returned
ORD-103468,2024-07-12,SKU-1005,Laptops,NA-W,Partner,Mid-Market,Darius Kaur,1,1611.9,0.05,1531.31,1032.29,Shipped
ORD-104597,2024-07-12,SKU-1102,Accessories,NA-W,Partner,SMB,Rosa Weber,1,198.44,0.05,188.52,92.26,Shipped
ORD-100686,2024-07-13,SKU-1091,Storage,APAC-N,Direct,SMB,Emeka Weber,4,949.67,0,3798.68,2798.04,Pending
ORD-101374,2024-07-13,SKU-1083,Storage,LATAM,Direct,Consumer,Petra Ibrahim,5,132.45,0,662.25,446.05,Pending
ORD-104606,2024-07-13,SKU-1101,Accessories,UKI,Retail,SMB,Zara Sorensen,1,149.25,0.05,141.79,60.05,Shipped
ORD-100987,2024-07-14,SKU-1064,Networking,UKI,Online,Mid-Market,Ivan Kaur,1,2008.03,0,2008.03,1218.2,Shipped
ORD-102606,2024-07-14,SKU-1112,Accessories,NA-E,Partner,Mid-Market,Malik Andersen,5,160.4,0.2,641.6,369.9,Pending
ORD-103791,2024-07-14,SKU-1034,Monitors,UKI,Direct,SMB,Paulo Carvalho,2,511.32,0,1022.64,631.44,Shipped
ORD-103857,2024-07-14,SKU-1098,Storage,NA-W,Online,SMB,Emeka Weber,3,587.94,0,1763.82,1221.51,Shipped
ORD-103965,2024-07-14,SKU-1016,Laptops,LATAM,Online,Enterprise,Emeka Weber,1,3292.27,0.2,2633.82,2228.04,Returned
ORD-104412,2024-07-14,SKU-1091,Storage,NA-W,Retail,Consumer,Elena Kaur,3,949.67,0,2849.01,2098.53,Shipped
ORD-100552,2024-07-15,SKU-1078,Networking,APAC-N,Online,Consumer,Sana Lindqvist,5,981.51,0,4907.55,2915.25,Shipped
ORD-100663,2024-07-15,SKU-1053,Peripherals,APAC-N,Direct,Consumer,Nadia Kowalski,2,417.51,0.05,793.27,433.12,Shipped
ORD-101190,2024-07-15,SKU-1088,Storage,NA-E,Direct,Mid-Market,Kwame Abara,1,601.62,0,601.62,433.93,Shipped
ORD-102137,2024-07-15,SKU-1004,Laptops,DACH,Direct,Mid-Market,Sana Lindqvist,1,3198.86,0.05,3038.92,2219.09,Shipped
ORD-102366,2024-07-15,SKU-1091,Storage,NA-W,Online,Mid-Market,Elena Okafor,2,949.67,0.05,1804.37,1399.02,Shipped
ORD-103661,2024-07-15,SKU-1117,Accessories,APAC-N,Direct,Enterprise,Rania Kaur,4,127.94,0.25,383.82,223.32,Shipped
ORD-104181,2024-07-15,SKU-1093,Storage,NORDIC,Direct,Mid-Market,Thea Delgado,6,856.06,0.1,4622.72,3769.68,Shipped
ORD-101707,2024-07-16,SKU-1084,Storage,NA-E,Direct,Enterprise,Petra Ibrahim,2,497.7,0.1,895.86,729.16,Pending
ORD-102235,2024-07-16,SKU-1013,Laptops,UKI,Partner,Mid-Market,Elena Laurent,4,2073.19,0,8292.76,5562.6,Shipped
ORD-102327,2024-07-16,SKU-1024,Monitors,NA-E,Online,SMB,Malik Kowalski,2,340.87,0.05,647.65,443.18,Pending
ORD-104230,2024-07-16,SKU-1056,Peripherals,APAC-N,Direct,Mid-Market,Ivan Kaur,2,45.14,0.2,72.22,45.24,Shipped
ORD-104710,2024-07-16,SKU-1112,Accessories,NA-E,Retail,Mid-Market,Wei Tanaka,1,160.4,0,160.4,73.98,Shipped
ORD-100733,2024-07-17,SKU-1032,Monitors,NA-E,Online,Enterprise,Ada Vargas,1,929.07,0,929.07,585.49,Shipped
ORD-101879,2024-07-17,SKU-1090,Storage,NA-E,Online,SMB,Rosa Weber,2,853.08,0,1706.16,1126.68,Shipped
ORD-102132,2024-07-17,SKU-1001,Laptops,NA-E,Online,Consumer,Kwame Abara,2,1590.48,0.25,2385.72,2244.12,Returned
ORD-102196,2024-07-17,SKU-1062,Networking,NA-E,Direct,Consumer,Viktor Zhang,11,864.38,0,9508.18,5958.59,Shipped
ORD-102668,2024-07-17,SKU-1046,Peripherals,LATAM,Partner,Enterprise,Ada Zimmerman,21,291.02,0,6111.42,3135.09,Pending
ORD-104408,2024-07-17,SKU-1119,Accessories,NA-W,Online,Mid-Market,Thea Ibrahim,1,84.73,0.1,76.26,41.56,Shipped
ORD-101615,2024-07-19,SKU-1043,Peripherals,APAC-N,Online,Mid-Market,Elena Okafor,7,212.9,0,1490.3,792.05,Shipped
ORD-101878,2024-07-19,SKU-1084,Storage,DACH,Direct,SMB,Thea Delgado,1,497.7,0,497.7,364.58,Pending
ORD-102211,2024-07-19,SKU-1080,Networking,NA-W,Retail,Enterprise,Elena Okafor,6,788.65,0.25,3548.92,3099.78,Shipped
ORD-103409,2024-07-19,SKU-1015,Laptops,NORDIC,Partner,Mid-Market,Nadia Kowalski,9,1315.81,0.05,11250.18,8322.21,Returned
ORD-104267,2024-07-19,SKU-1084,Storage,NA-W,Online,SMB,Darius Kaur,5,497.7,0,2488.5,1822.9,Shipped
ORD-104314,2024-07-19,SKU-1042,Peripherals,APAC-S,Partner,SMB,Yusuf Mbeki,3,84.72,0.25,190.62,139.53,Shipped
ORD-100121,2024-07-20,SKU-1111,Accessories,APAC-N,Direct,SMB,Adaeze Marchetti,1,118.52,0.15,100.74,50.67,Shipped
ORD-103773,2024-07-20,SKU-1103,Accessories,NA-E,Retail,Enterprise,Rania Eriksen,1,198.1,0,198.1,86.3,Shipped
ORD-100514,2024-07-21,SKU-1041,Peripherals,DACH,Online,Mid-Market,Sana Lindqvist,8,371.64,0,2973.12,1690.16,Shipped
ORD-104669,2024-07-21,SKU-1063,Networking,NA-W,Direct,SMB,Thea Delgado,1,935.12,0,935.12,601.78,Shipped
ORD-104881,2024-07-21,SKU-1081,Storage,APAC-N,Partner,SMB,Bao Alvarez,6,427.43,0.05,2436.35,1774.68,Shipped
ORD-100540,2024-07-22,SKU-1060,Peripherals,NA-E,Retail,Mid-Market,Fatima Bennett,2,299.52,0.2,479.23,339.3,Shipped
ORD-100879,2024-07-22,SKU-1077,Networking,APAC-N,Partner,Mid-Market,Amara Dahl,5,740.62,0.25,2777.32,2249.7,Shipped
ORD-102160,2024-07-22,SKU-1083,Storage,APAC-N,Online,SMB,Chen Iversen,2,132.45,0,264.9,178.42,Pending
ORD-102447,2024-07-22,SKU-1103,Accessories,DACH,Partner,Enterprise,Rania Eriksen,6,198.1,0.25,891.45,517.8,Shipped
ORD-103966,2024-07-22,SKU-1072,Networking,NA-W,Direct,SMB,Ivan Kaur,8,593.71,0.25,3562.26,2971.84,Pending
ORD-101118,2024-07-23,SKU-1084,Storage,UKI,Direct,SMB,Fatima Dahl,2,497.7,0.05,945.63,729.16,Shipped
ORD-101837,2024-07-23,SKU-1033,Monitors,NORDIC,Direct,SMB,Wei Tanaka,3,617.73,0,1853.19,1200.75,Pending
ORD-103404,2024-07-23,SKU-1017,Laptops,UKI,Online,Mid-Market,Fatima Bennett,2,3083.45,0.05,5858.55,4360.98,Shipped
ORD-103999,2024-07-23,SKU-1105,Accessories,NORDIC,Direct,SMB,Emeka Lindqvist,4,139.86,0.05,531.47,243.88,Shipped
ORD-100005,2024-07-24,SKU-1069,Networking,NA-W,Partner,SMB,Ada Singh,3,640.52,0.25,1441.17,1171.86,Pending
ORD-102906,2024-07-24,SKU-1082,Storage,APAC-N,Online,Mid-Market,Sana Lindqvist,1,199.64,0.05,189.66,140.32,Pending
ORD-100300,2024-07-25,SKU-1084,Storage,NA-E,Partner,SMB,Yara Eriksen,2,497.7,0,995.4,729.16,Pending
ORD-101563,2024-07-25,SKU-1004,Laptops,NA-E,Direct,Mid-Market,Bao Kaur,2,3198.86,0.1,5757.95,4438.18,Shipped
ORD-101989,2024-07-25,SKU-1108,Accessories,NA-E,Online,Enterprise,Uma Okafor,4,111.01,0,444.04,191.76,Shipped
ORD-102435,2024-07-25,SKU-1016,Laptops,APAC-S,Direct,Enterprise,Emeka Lindqvist,5,3292.27,0.2,13169.08,11140.2,Shipped
ORD-102546,2024-07-25,SKU-1084,Storage,LATAM,Partner,SMB,Rosa Marchetti,5,497.7,0.2,1990.8,1822.9,Shipped
ORD-103190,2024-07-25,SKU-1014,Laptops,UKI,Direct,Mid-Market,Fatima Bennett,6,1949.83,0,11698.98,7929.06,Pending
ORD-104574,2024-07-25,SKU-1003,Laptops,UKI,Direct,SMB,Yusuf Mbeki,7,2349.75,0.05,15625.84,10586.59,Shipped
ORD-101338,2024-07-26,SKU-1069,Networking,NA-W,Online,SMB,Viktor Zhang,7,640.52,0.05,4259.46,2734.34,Shipped
ORD-101441,2024-07-26,SKU-1094,Storage,NA-W,Direct,SMB,Ivan Kaur,2,321.11,0,642.22,449.78,Shipped
ORD-102076,2024-07-26,SKU-1041,Peripherals,NA-W,Online,SMB,Malik Kowalski,1,371.64,0,371.64,211.27,Shipped
ORD-103480,2024-07-26,SKU-1101,Accessories,APAC-S,Partner,Enterprise,Rania Kaur,2,149.25,0.05,283.57,120.1,Shipped
ORD-103778,2024-07-26,SKU-1120,Accessories,NA-W,Direct,SMB,Elena Laurent,7,210.18,0.25,1103.44,603.19,Shipped
ORD-104571,2024-07-26,SKU-1040,Monitors,DACH,Partner,Mid-Market,Elena Laurent,5,519.33,0.2,2077.32,1723.65,Shipped
ORD-100371,2024-07-27,SKU-1016,Laptops,NA-W,Direct,Enterprise,Greta Haddad,3,3292.27,0.25,7407.61,6684.12,Pending
ORD-101998,2024-07-27,SKU-1097,Storage,NA-W,Online,SMB,Fatima Iversen,5,176.34,0,881.7,666.75,Pending
ORD-102044,2024-07-27,SKU-1030,Monitors,NA-W,Direct,Mid-Market,Malik Eriksen,1,756.24,0,756.24,522.2,Pending
ORD-104658,2024-07-27,SKU-1010,Laptops,NA-E,Direct,Enterprise,Thea Ibrahim,1,1514.87,0,1514.87,1090.23,Pending
ORD-100544,2024-07-28,SKU-1040,Monitors,APAC-N,Partner,Enterprise,Ada Singh,4,519.33,0.25,1557.99,1378.92,Shipped
ORD-102627,2024-07-28,SKU-1088,Storage,NA-W,Online,Enterprise,Ada Singh,3,601.62,0,1804.86,1301.79,Shipped
ORD-103594,2024-07-28,SKU-1040,Monitors,NORDIC,Online,Consumer,Fatima Dahl,13,519.33,0.05,6413.73,4481.49,Shipped
ORD-103827,2024-07-28,SKU-1043,Peripherals,DACH,Retail,Mid-Market,Ada Singh,1,212.9,0.05,202.25,113.15,Shipped
ORD-100229,2024-07-29,SKU-1033,Monitors,NA-W,Direct,SMB,Viktor Zhang,3,617.73,0,1853.19,1200.75,Shipped
ORD-100819,2024-07-29,SKU-1047,Peripherals,NA-E,Partner,SMB,Wei Tanaka,2,240.32,0.1,432.58,253.16,Shipped
ORD-103055,2024-07-29,SKU-1072,Networking,UKI,Retail,SMB,Yusuf Mbeki,2,593.71,0,1187.42,742.96,Shipped
ORD-103229,2024-07-29,SKU-1041,Peripherals,LATAM,Partner,Consumer,Fatima Bennett,3,371.64,0,1114.92,633.81,Shipped
ORD-103562,2024-07-29,SKU-1080,Networking,NA-E,Direct,SMB,Kwame Abara,19,788.65,0.2,11987.48,9815.97,Pending
ORD-104296,2024-07-29,SKU-1081,Storage,UKI,Direct,SMB,Viktor Zhang,4,427.43,0,1709.72,1183.12,Pending
ORD-104448,2024-07-29,SKU-1066,Networking,DACH,Direct,SMB,Rania Eriksen,1,491.43,0,491.43,287.69,Returned
ORD-100072,2024-07-30,SKU-1004,Laptops,APAC-N,Partner,SMB,Paulo Carvalho,2,3198.86,0.15,5438.06,4438.18,Shipped
ORD-100333,2024-07-30,SKU-1081,Storage,DACH,Online,Enterprise,Malik Andersen,2,427.43,0,854.86,591.56,Shipped
ORD-101747,2024-07-30,SKU-1002,Laptops,DACH,Partner,Mid-Market,Rosa Marchetti,8,3368.08,0,26944.64,18397.84,Pending
ORD-101917,2024-07-30,SKU-1037,Monitors,UKI,Retail,Enterprise,Yusuf Fontaine,9,1230.78,0.2,8861.62,7044.21,Shipped
ORD-102471,2024-07-30,SKU-1087,Storage,NA-W,Partner,Mid-Market,Ada Zimmerman,3,222.44,0,667.32,452.43,Returned
ORD-102700,2024-07-31,SKU-1005,Laptops,DACH,Direct,Mid-Market,Bao Kaur,10,1611.9,0,16119.0,10322.9,Shipped
ORD-102744,2024-07-31,SKU-1060,Peripherals,DACH,Partner,Mid-Market,Elena Laurent,2,299.52,0.1,539.14,339.3,Pending
ORD-104833,2024-07-31,SKU-1034,Monitors,NORDIC,Online,Enterprise,Yara Eriksen,4,511.32,0.1,1840.75,1262.88,Shipped
ORD-100569,2024-08-01,SKU-1043,Peripherals,NA-W,Online,SMB,Emeka Weber,6,212.9,0.1,1149.66,678.9,Shipped
ORD-101193,2024-08-01,SKU-1036,Monitors,NA-E,Online,Mid-Market,Amara Dahl,1,1180.66,0,1180.66,767.33,Shipped
ORD-103525,2024-08-01,SKU-1075,Networking,NA-E,Direct,Mid-Market,Emeka Lindqvist,2,1273.44,0.05,2419.54,1473.74,Shipped
ORD-103715,2024-08-01,SKU-1059,Peripherals,APAC-N,Direct,SMB,Yara Eriksen,17,294.39,0.05,4754.4,2462.11,Shipped
ORD-103877,2024-08-01,SKU-1109,Accessories,UKI,Online,Enterprise,Bao Alvarez,6,131.89,0.05,751.77,356.58,Shipped
ORD-104088,2024-08-01,SKU-1044,Peripherals,NA-W,Online,Mid-Market,Rosa Marchetti,1,42.05,0.05,39.95,21.28,Shipped
ORD-104937,2024-08-01,SKU-1112,Accessories,APAC-S,Direct,Mid-Market,Wei Tanaka,1,160.4,0.2,128.32,73.98,Pending
ORD-104989,2024-08-01,SKU-1047,Peripherals,LATAM,Partner,Mid-Market,Emeka Weber,1,240.32,0,240.32,126.58,Shipped
ORD-100323,2024-08-02,SKU-1103,Accessories,LATAM,Direct,Consumer,Bruno Zhang,4,198.1,0.2,633.92,345.2,Pending
ORD-101621,2024-08-02,SKU-1002,Laptops,DACH,Direct,Mid-Market,Amara Dahl,1,3368.08,0.25,2526.06,2299.73,Returned
ORD-102923,2024-08-02,SKU-1079,Networking,LATAM,Partner,Mid-Market,Bruno Zhang,3,453.79,0.25,1021.03,860.28,Pending
ORD-104255,2024-08-02,SKU-1097,Storage,UKI,Partner,Enterprise,Emeka Lindqvist,4,176.34,0.05,670.09,533.4,Shipped
ORD-104290,2024-08-02,SKU-1009,Laptops,NA-W,Direct,Consumer,Wei Tanaka,1,3341.5,0.05,3174.42,2318.58,Returned
ORD-100129,2024-08-03,SKU-1073,Networking,NA-W,Direct,SMB,Zara Fontaine,1,347.65,0,347.65,226.42,Pending
ORD-100367,2024-08-03,SKU-1013,Laptops,APAC-S,Direct,SMB,Amara Dahl,1,2073.19,0.1,1865.87,1390.65,Shipped
ORD-100648,2024-08-03,SKU-1062,Networking,APAC-N,Partner,Mid-Market,Yara Eriksen,1,864.38,0.2,691.5,541.69,Shipped
ORD-100792,2024-08-03,SKU-1106,Accessories,UKI,Direct,SMB,Ada Zimmerman,1,179.48,0.15,152.56,81.37,Shipped
ORD-101077,2024-08-03,SKU-1110,Accessories,NORDIC,Partner,Enterprise,Ivan Kaur,5,50.0,0.05,237.5,119.9,Returned
ORD-101854,2024-08-03,SKU-1051,Peripherals,LATAM,Online,Mid-Market,Yara Eriksen,1,311.03,0,311.03,178.18,Returned
ORD-101871,2024-08-03,SKU-1079,Networking,NA-W,Online,SMB,Paulo Carvalho,1,453.79,0.05,431.1,286.76,Shipped
ORD-101934,2024-08-03,SKU-1048,Peripherals,APAC-N,Partner,SMB,Ada Singh,1,405.97,0.25,304.48,200.64,Returned
ORD-103219,2024-08-03,SKU-1032,Monitors,NA-E,Retail,Mid-Market,Rosa Weber,1,929.07,0,929.07,585.49,Returned
ORD-104337,2024-08-03,SKU-1055,Peripherals,NA-E,Retail,Enterprise,Rosa Weber,2,77.77,0.05,147.76,78.36,Pending
ORD-100613,2024-08-04,SKU-1104,Accessories,APAC-S,Direct,Enterprise,Kwame Abara,7,40.52,0.25,212.73,135.38,Shipped
ORD-100976,2024-08-04,SKU-1088,Storage,NA-E,Direct,Enterprise,Viktor Zhang,17,601.62,0,10227.54,7376.81,Returned
ORD-101010,2024-08-04,SKU-1097,Storage,APAC-N,Partner,Enterprise,Emeka Weber,2,176.34,0.05,335.05,266.7,Shipped
ORD-101153,2024-08-04,SKU-1059,Peripherals,NA-E,Retail,SMB,Thea Delgado,9,294.39,0,2649.51,1303.47,Shipped
ORD-102283,2024-08-04,SKU-1085,Storage,DACH,Direct,Mid-Market,Elena Kaur,3,163.55,0.05,466.12,370.14,Returned
ORD-103996,2024-08-04,SKU-1065,Networking,LATAM,Retail,Enterprise,Sana Lindqvist,3,417.19,0.1,1126.41,717.72,Shipped
ORD-104103,2024-08-04,SKU-1048,Peripherals,DACH,Partner,Mid-Market,Amara Dahl,1,405.97,0,405.97,200.64,Pending
ORD-104605,2024-08-04,SKU-1005,Laptops,UKI,Partner,Enterprise,Kwame Abara,1,1611.9,0,1611.9,1032.29,Shipped
ORD-100138,2024-08-05,SKU-1021,Monitors,DACH,Direct,Consumer,Elena Okafor,5,444.75,0.25,1667.81,1515.8,Shipped
ORD-100390,2024-08-05,SKU-1082,Storage,NA-W,Direct,SMB,Rania Kaur,1,199.64,0.15,169.69,140.32,Shipped
ORD-100861,2024-08-05,SKU-1061,Networking,NORDIC,Direct,SMB,Bruno Zhang,1,1191.4,0.2,953.12,695.99,Shipped
ORD-101370,2024-08-05,SKU-1050,Peripherals,NA-E,Direct,SMB,Amara Dahl,6,335.4,0.15,1710.54,1138.14,Pending
ORD-103071,2024-08-05,SKU-1099,Storage,LATAM,Partner,Mid-Market,Zara Sorensen,4,881.67,0,3526.68,2375.56,Shipped
ORD-104967,2024-08-05,SKU-1039,Monitors,NA-E,Direct,SMB,Rania Eriksen,1,1201.03,0.2,960.82,748.13,Pending
ORD-100325,2024-08-07,SKU-1039,Monitors,NA-E,Online,SMB,Fatima Dahl,2,1201.03,0.25,1801.55,1496.26,Shipped
ORD-100728,2024-08-07,SKU-1003,Laptops,NA-W,Partner,Mid-Market,Ada Singh,1,2349.75,0.25,1762.31,1512.37,Shipped
ORD-100735,2024-08-07,SKU-1001,Laptops,UKI,Online,Enterprise,Malik Kowalski,1,1590.48,0.2,1272.38,1122.06,Shipped
ORD-102578,2024-08-07,SKU-1037,Monitors,NA-E,Partner,Mid-Market,Yusuf Fontaine,1,1230.78,0,1230.78,782.69,Shipped
ORD-103724,2024-08-07,SKU-1120,Accessories,NA-W,Partner,Consumer,Darius Kaur,12,210.18,0.05,2396.05,1034.04,Shipped
ORD-103894,2024-08-07,SKU-1077,Networking,NORDIC,Retail,Mid-Market,Ivan Kaur,5,740.62,0.05,3517.94,2249.7,Shipped
ORD-104046,2024-08-07,SKU-1092,Storage,APAC-N,Partner,SMB,Uma Okafor,4,227.16,0,908.64,642.6,Shipped
ORD-104242,2024-08-07,SKU-1120,Accessories,NA-E,Partner,SMB,Bao Kaur,2,210.18,0,420.36,172.34,Shipped
ORD-104942,2024-08-07,SKU-1074,Networking,NA-W,Direct,Mid-Market,Malik Eriksen,2,192.25,0.05,365.27,241.74,Shipped
ORD-101177,2024-08-08,SKU-1097,Storage,APAC-N,Direct,Enterprise,Nikolai Jensen,2,176.34,0.25,264.51,266.7,Shipped
ORD-102213,2024-08-08,SKU-1106,Accessories,NA-E,Direct,SMB,Kwame Abara,7,179.48,0,1256.36,569.59,Shipped
ORD-103413,2024-08-08,SKU-1083,Storage,UKI,Partner,Mid-Market,Paulo Carvalho,1,132.45,0,132.45,89.21,Shipped
ORD-103918,2024-08-08,SKU-1063,Networking,LATAM,Partner,SMB,Amara Dahl,1,935.12,0.05,888.36,601.78,Returned
ORD-104871,2024-08-08,SKU-1098,Storage,APAC-N,Retail,Mid-Market,Thea Zhang,3,587.94,0.25,1322.87,1221.51,Shipped
ORD-100579,2024-08-09,SKU-1010,Laptops,NA-W,Online,Enterprise,Yara Eriksen,6,1514.87,0,9089.22,6541.38,Shipped
ORD-100776,2024-08-09,SKU-1053,Peripherals,LATAM,Online,SMB,Ada Zimmerman,4,417.51,0.2,1336.03,866.24,Shipped
ORD-101992,2024-08-09,SKU-1118,Accessories,NA-W,Online,Mid-Market,Malik Eriksen,4,143.1,0.25,429.3,230.56,Shipped
ORD-101174,2024-08-10,SKU-1102,Accessories,NA-W,Online,SMB,Yusuf Mbeki,5,198.44,0.25,744.15,461.3,Shipped
ORD-102425,2024-08-10,SKU-1023,Monitors,LATAM,Partner,SMB,Nikolai Jensen,2,1366.21,0.05,2595.8,1797.62,Shipped
ORD-103132,2024-08-10,SKU-1070,Networking,UKI,Partner,SMB,Greta Haddad,1,1052.94,0.05,1000.29,630.08,Pending
ORD-103656,2024-08-10,SKU-1063,Networking,UKI,Retail,Mid-Market,Bao Alvarez,4,935.12,0.1,3366.43,2407.12,Shipped
ORD-100034,2024-08-11,SKU-1077,Networking,NA-E,Partner,Consumer,Malik Kowalski,5,740.62,0.05,3517.94,2249.7,Shipped
ORD-101433,2024-08-11,SKU-1050,Peripherals,NORDIC,Partner,Consumer,Rosa Weber,1,335.4,0.05,318.63,189.69,Shipped
ORD-100028,2024-08-12,SKU-1041,Peripherals,NA-E,Retail,SMB,Chen Iversen,2,371.64,0.05,706.12,422.54,Returned
ORD-100253,2024-08-12,SKU-1046,Peripherals,APAC-N,Online,SMB,Kwame Abara,3,291.02,0,873.06,447.87,Shipped
ORD-100739,2024-08-12,SKU-1115,Accessories,DACH,Partner,Mid-Market,Wei Tanaka,4,201.56,0.1,725.62,383.44,Shipped
ORD-102207,2024-08-12,SKU-1056,Peripherals,UKI,Partner,Mid-Market,Adaeze Marchetti,1,45.14,0.1,40.63,22.62,Pending
ORD-104404,2024-08-12,SKU-1065,Networking,NA-W,Direct,Consumer,Thea Ibrahim,7,417.19,0,2920.33,1674.68,Shipped
ORD-104497,2024-08-12,SKU-1050,Peripherals,APAC-N,Direct,Mid-Market,Thea Zhang,8,335.4,0.05,2549.04,1517.52,Returned
ORD-100087,2024-08-13,SKU-1063,Networking,NA-W,Online,SMB,Uma Sandoval,1,935.12,0,935.12,601.78,Pending
ORD-103797,2024-08-13,SKU-1028,Monitors,APAC-N,Partner,SMB,Viktor Zhang,3,1296.45,0.25,2917.01,2509.71,Shipped
ORD-101029,2024-08-14,SKU-1084,Storage,NORDIC,Direct,Mid-Market,Rosa Marchetti,1,497.7,0.15,423.04,364.58,Shipped
ORD-101501,2024-08-14,SKU-1027,Monitors,UKI,Online,Consumer,Yara Eriksen,3,487.06,0.15,1242.0,994.68,Shipped
ORD-102077,2024-08-14,SKU-1114,Accessories,NA-E,Online,Enterprise,Fatima Bennett,3,150.14,0,450.42,217.41,Shipped
ORD-102353,2024-08-14,SKU-1038,Monitors,APAC-N,Partner,Consumer,Greta Haddad,2,829.48,0.05,1576.01,1108.66,Pending
ORD-103273,2024-08-14,SKU-1080,Networking,NA-E,Direct,SMB,Chen Iversen,2,788.65,0.05,1498.43,1033.26,Shipped
ORD-100505,2024-08-15,SKU-1058,Peripherals,UKI,Direct,Mid-Market,Paulo Carvalho,1,410.18,0.05,389.67,221.87,Shipped
ORD-101389,2024-08-15,SKU-1065,Networking,UKI,Partner,SMB,Malik Andersen,1,417.19,0,417.19,239.24,Pending
ORD-101921,2024-08-15,SKU-1009,Laptops,UKI,Direct,Consumer,Yara Eriksen,2,3341.5,0.25,5012.25,4637.16,Shipped
ORD-102215,2024-08-15,SKU-1050,Peripherals,LATAM,Partner,Enterprise,Chen Iversen,12,335.4,0.05,3823.56,2276.28,Shipped
ORD-102562,2024-08-15,SKU-1007,Laptops,UKI,Retail,SMB,Zara Fontaine,1,1513.38,0.2,1210.7,1061.74,Returned
ORD-103243,2024-08-16,SKU-1108,Accessories,APAC-S,Partner,Enterprise,Ada Zimmerman,1,111.01,0.05,105.46,47.94,Shipped
ORD-104393,2024-08-16,SKU-1034,Monitors,NA-E,Online,Mid-Market,Rosa Weber,1,511.32,0.2,409.06,315.72,Shipped
ORD-104461,2024-08-16,SKU-1087,Storage,NORDIC,Online,SMB,Greta Haddad,3,222.44,0.1,600.59,452.43,Shipped
ORD-103860,2024-08-17,SKU-1006,Laptops,NA-E,Online,Mid-Market,Zara Sorensen,4,2229.97,0,8919.88,5935.32,Shipped
ORD-100275,2024-08-18,SKU-1058,Peripherals,NA-E,Direct,Consumer,Fatima Iversen,1,410.18,0.15,348.65,221.87,Shipped
ORD-101002,2024-08-18,SKU-1052,Peripherals,APAC-N,Online,Mid-Market,Rania Kaur,1,310.49,0.15,263.92,159.28,Pending
ORD-101131,2024-08-19,SKU-1067,Networking,DACH,Direct,Mid-Market,Emeka Weber,8,254.78,0.1,1834.42,1230.08,Shipped
ORD-101188,2024-08-19,SKU-1065,Networking,NA-E,Direct,Consumer,Nikolai Jensen,2,417.19,0,834.38,478.48,Shipped
ORD-103573,2024-08-19,SKU-1017,Laptops,DACH,Partner,Mid-Market,Ada Zimmerman,6,3083.45,0.15,15725.59,13082.94,Returned
ORD-103623,2024-08-19,SKU-1067,Networking,NA-E,Partner,SMB,Fatima Bennett,3,254.78,0.15,649.69,461.28,Pending
ORD-104035,2024-08-19,SKU-1047,Peripherals,DACH,Direct,Mid-Market,Darius Kaur,3,240.32,0.2,576.77,379.74,Shipped
ORD-104612,2024-08-19,SKU-1108,Accessories,UKI,Direct,Mid-Market,Rosa Weber,4,111.01,0.2,355.23,191.76,Pending
ORD-104866,2024-08-19,SKU-1089,Storage,APAC-N,Online,Consumer,Hana Rossi,2,512.43,0.15,871.13,679.4,Shipped
ORD-104876,2024-08-19,SKU-1078,Networking,LATAM,Direct,SMB,Malik Eriksen,5,981.51,0,4907.55,2915.25,Pending
ORD-101181,2024-08-20,SKU-1062,Networking,UKI,Online,Mid-Market,Ada Zimmerman,1,864.38,0.05,821.16,541.69,Shipped
ORD-102169,2024-08-20,SKU-1071,Networking,LATAM,Online,Consumer,Nadia Kowalski,12,827.39,0.05,9432.25,6344.52,Shipped
ORD-102232,2024-08-20,SKU-1066,Networking,UKI,Partner,Mid-Market,Ada Vargas,5,491.43,0,2457.15,1438.45,Shipped
ORD-104756,2024-08-20,SKU-1011,Laptops,NORDIC,Online,Consumer,Paulo Carvalho,1,2304.08,0,2304.08,1489.3,Shipped
ORD-100752,2024-08-21,SKU-1046,Peripherals,NA-W,Retail,Mid-Market,Darius Kaur,1,291.02,0,291.02,149.29,Shipped
ORD-102365,2024-08-21,SKU-1036,Monitors,DACH,Direct,SMB,Rania Eriksen,5,1180.66,0.05,5608.14,3836.65,Shipped
ORD-102579,2024-08-21,SKU-1081,Storage,NA-W,Online,Consumer,Viktor Zhang,19,427.43,0.05,7715.11,5619.82,Shipped
ORD-103741,2024-08-21,SKU-1087,Storage,UKI,Online,Mid-Market,Yusuf Mbeki,2,222.44,0,444.88,301.62,Shipped
ORD-102047,2024-08-22,SKU-1056,Peripherals,LATAM,Online,SMB,Yusuf Mbeki,2,45.14,0,90.28,45.24,Returned
ORD-103610,2024-08-22,SKU-1076,Networking,NA-W,Online,Mid-Market,Yara Eriksen,3,1719.15,0.1,4641.71,3087.84,Shipped
ORD-103776,2024-08-22,SKU-1089,Storage,UKI,Online,SMB,Elena Laurent,5,512.43,0,2562.15,1698.5,Returned
ORD-100151,2024-08-23,SKU-1055,Peripherals,NA-W,Online,Enterprise,Darius Kaur,6,77.77,0,466.62,235.08,Shipped
ORD-100917,2024-08-23,SKU-1039,Monitors,APAC-N,Direct,SMB,Amara Dahl,6,1201.03,0.25,5404.64,4488.78,Pending
ORD-103789,2024-08-23,SKU-1066,Networking,DACH,Direct,SMB,Yusuf Fontaine,1,491.43,0.15,417.72,287.69,Pending
ORD-100593,2024-08-24,SKU-1100,Storage,APAC-S,Online,SMB,Ivan Kaur,1,754.71,0,754.71,499.86,Shipped
ORD-101156,2024-08-24,SKU-1052,Peripherals,NA-W,Online,Consumer,Ada Zimmerman,4,310.49,0,1241.96,637.12,Pending
ORD-101599,2024-08-24,SKU-1013,Laptops,NA-E,Partner,Enterprise,Viktor Zhang,3,2073.19,0,6219.57,4171.95,Returned
ORD-101886,2024-08-24,SKU-1057,Peripherals,DACH,Online,Enterprise,Thea Zhang,11,457.5,0.05,4780.88,2513.83,Shipped
ORD-102567,2024-08-24,SKU-1032,Monitors,NA-W,Retail,Mid-Market,Wei Tanaka,1,929.07,0.2,743.26,585.49,Pending
ORD-104042,2024-08-24,SKU-1085,Storage,APAC-S,Partner,Mid-Market,Bao Kaur,7,163.55,0.05,1087.61,863.66,Shipped
ORD-104057,2024-08-24,SKU-1077,Networking,NORDIC,Online,Enterprise,Chen Iversen,1,740.62,0.25,555.47,449.94,Shipped
ORD-104259,2024-08-24,SKU-1020,Laptops,NA-W,Direct,Consumer,Emeka Weber,5,3674.26,0,18371.3,11953.6,Shipped
ORD-100697,2024-08-25,SKU-1003,Laptops,NA-E,Online,SMB,Thea Delgado,2,2349.75,0.1,4229.55,3024.74,Shipped
ORD-101845,2024-08-25,SKU-1105,Accessories,NA-E,Partner,SMB,Yusuf Fontaine,1,139.86,0.15,118.88,60.97,Shipped
ORD-102863,2024-08-25,SKU-1116,Accessories,NORDIC,Online,SMB,Emeka Weber,14,147.71,0.1,1861.15,1015.42,Shipped
ORD-102902,2024-08-25,SKU-1008,Laptops,NA-W,Direct,SMB,Chen Iversen,9,2860.19,0,25741.71,17909.37,Shipped
ORD-103036,2024-08-25,SKU-1053,Peripherals,NA-W,Direct,SMB,Hana Rossi,4,417.51,0.05,1586.54,866.24,Shipped
ORD-103805,2024-08-25,SKU-1041,Peripherals,NORDIC,Online,SMB,Kwame Abara,1,371.64,0.1,334.48,211.27,Shipped
ORD-100196,2024-08-26,SKU-1010,Laptops,DACH,Partner,SMB,Malik Eriksen,24,1514.87,0.1,32721.19,26165.52,Shipped
ORD-100981,2024-08-26,SKU-1037,Monitors,NA-E,Retail,Mid-Market,Adaeze Marchetti,1,1230.78,0,1230.78,782.69,Pending
ORD-101440,2024-08-26,SKU-1021,Monitors,LATAM,Online,Consumer,Zara Sorensen,7,444.75,0.1,2801.93,2122.12,Shipped
ORD-101610,2024-08-26,SKU-1092,Storage,NA-W,Online,SMB,Ada Zimmerman,5,227.16,0.05,1079.01,803.25,Shipped
ORD-102131,2024-08-26,SKU-1098,Storage,NA-W,Direct,Mid-Market,Elena Okafor,4,587.94,0.05,2234.17,1628.68,Shipped
ORD-103020,2024-08-26,SKU-1091,Storage,UKI,Online,SMB,Malik Eriksen,4,949.67,0,3798.68,2798.04,Returned
ORD-102747,2024-08-27,SKU-1043,Peripherals,APAC-S,Direct,SMB,Elena Okafor,6,212.9,0.1,1149.66,678.9,Shipped
ORD-104249,2024-08-27,SKU-1026,Monitors,APAC-N,Direct,SMB,Elena Laurent,1,371.18,0.15,315.5,254.02,Pending
ORD-104670,2024-08-27,SKU-1034,Monitors,NA-E,Partner,Enterprise,Adaeze Marchetti,3,511.32,0,1533.96,947.16,Shipped
ORD-102479,2024-08-28,SKU-1108,Accessories,DACH,Partner,SMB,Ada Zimmerman,8,111.01,0,888.08,383.52,Returned
ORD-102534,2024-08-28,SKU-1027,Monitors,NORDIC,Online,Mid-Market,Hana Rossi,7,487.06,0.15,2898.01,2320.92,Shipped
ORD-103310,2024-08-28,SKU-1107,Accessories,NA-W,Online,SMB,Elena Laurent,1,92.86,0,92.86,37.72,Returned
ORD-104884,2024-08-28,SKU-1031,Monitors,NA-E,Partner,Enterprise,Bruno Zhang,3,953.0,0.1,2573.1,2003.49,Shipped
ORD-104923,2024-08-28,SKU-1039,Monitors,NA-W,Partner,SMB,Emeka Weber,1,1201.03,0.05,1140.98,748.13,Shipped
ORD-100157,2024-08-29,SKU-1030,Monitors,DACH,Online,Enterprise,Thea Delgado,1,756.24,0,756.24,522.2,Pending
ORD-101666,2024-08-29,SKU-1013,Laptops,DACH,Online,Enterprise,Adaeze Marchetti,4,2073.19,0,8292.76,5562.6,Returned
ORD-103603,2024-08-29,SKU-1045,Peripherals,NA-E,Direct,SMB,Ivan Kaur,1,388.64,0,388.64,208.79,Shipped
ORD-104092,2024-08-29,SKU-1018,Laptops,DACH,Partner,Mid-Market,Thea Delgado,1,2719.05,0.05,2583.1,1773.97,Pending
ORD-104695,2024-08-29,SKU-1007,Laptops,NA-E,Online,SMB,Adaeze Marchetti,2,1513.38,0.25,2270.07,2123.48,Shipped
ORD-100210,2024-08-30,SKU-1019,Laptops,NA-E,Direct,Consumer,Malik Eriksen,2,1704.93,0.05,3239.37,2350.94,Returned
ORD-100721,2024-08-30,SKU-1004,Laptops,APAC-S,Direct,SMB,Thea Zhang,1,3198.86,0.05,3038.92,2219.09,Shipped
ORD-103517,2024-08-30,SKU-1007,Laptops,LATAM,Online,Enterprise,Rania Kaur,3,1513.38,0,4540.14,3185.22,Returned
ORD-104613,2024-08-30,SKU-1070,Networking,APAC-N,Partner,Consumer,Malik Andersen,15,1052.94,0.2,12635.28,9451.2,Returned
ORD-101925,2024-08-31,SKU-1081,Storage,LATAM,Direct,SMB,Emeka Weber,7,427.43,0,2992.01,2070.46,Shipped
ORD-104203,2024-08-31,SKU-1029,Monitors,NA-E,Online,Enterprise,Thea Zhang,1,438.72,0.1,394.85,287.42,Shipped
ORD-104322,2024-08-31,SKU-1074,Networking,NA-E,Direct,SMB,Wei Tanaka,3,192.25,0.25,432.56,362.61,Shipped
ORD-100195,2024-09-01,SKU-1021,Monitors,NA-W,Online,Mid-Market,Rosa Weber,3,444.75,0,1334.25,909.48,Pending
ORD-101222,2024-09-01,SKU-1012,Laptops,UKI,Direct,Consumer,Bruno Zhang,1,3047.46,0.15,2590.34,2102.39,Shipped
ORD-102096,2024-09-01,SKU-1077,Networking,UKI,Partner,Mid-Market,Sana Lindqvist,7,740.62,0.25,3888.26,3149.58,Shipped
ORD-100370,2024-09-02,SKU-1015,Laptops,NA-W,Partner,SMB,Rosa Marchetti,1,1315.81,0.05,1250.02,924.69,Shipped
ORD-100532,2024-09-02,SKU-1098,Storage,NA-E,Direct,Consumer,Thea Ibrahim,5,587.94,0.2,2351.76,2035.85,Pending
ORD-101304,2024-09-02,SKU-1048,Peripherals,DACH,Partner,Mid-Market,Emeka Weber,2,405.97,0,811.94,401.28,Shipped
ORD-101819,2024-09-02,SKU-1065,Networking,NA-E,Direct,Mid-Market,Nadia Kowalski,8,417.19,0.05,3170.64,1913.92,Shipped
ORD-104709,2024-09-02,SKU-1009,Laptops,NORDIC,Online,Mid-Market,Uma Okafor,1,3341.5,0.25,2506.12,2318.58,Returned
ORD-104228,2024-09-03,SKU-1066,Networking,NA-W,Direct,Consumer,Nadia Kowalski,7,491.43,0.2,2752.01,2013.83,Shipped
ORD-104648,2024-09-03,SKU-1117,Accessories,DACH,Direct,SMB,Yusuf Fontaine,1,127.94,0.15,108.75,55.83,Shipped
ORD-100206,2024-09-04,SKU-1056,Peripherals,NA-E,Direct,Mid-Market,Elena Kaur,1,45.14,0.05,42.88,22.62,Shipped
ORD-100416,2024-09-04,SKU-1099,Storage,APAC-N,Online,Consumer,Rosa Weber,2,881.67,0,1763.34,1187.78,Shipped
ORD-101170,2024-09-04,SKU-1043,Peripherals,DACH,Online,Mid-Market,Chen Iversen,1,212.9,0.25,159.68,113.15,Returned
ORD-101199,2024-09-04,SKU-1057,Peripherals,LATAM,Direct,SMB,Malik Kowalski,5,457.5,0.25,1715.62,1142.65,Shipped
ORD-101493,2024-09-04,SKU-1114,Accessories,APAC-S,Direct,Enterprise,Petra Ibrahim,4,150.14,0.1,540.5,289.88,Shipped
ORD-103721,2024-09-04,SKU-1100,Storage,NA-E,Partner,Consumer,Elena Okafor,2,754.71,0.05,1433.95,999.72,Shipped
ORD-104545,2024-09-04,SKU-1038,Monitors,NA-E,Partner,Enterprise,Bao Alvarez,1,829.48,0.1,746.53,554.33,Shipped
ORD-104809,2024-09-04,SKU-1025,Monitors,APAC-N,Retail,Mid-Market,Paulo Carvalho,4,577.77,0,2311.08,1592.04,Returned
ORD-101858,2024-09-05,SKU-1074,Networking,NA-W,Direct,Enterprise,Darius Kaur,1,192.25,0,192.25,120.87,Returned
ORD-102942,2024-09-05,SKU-1058,Peripherals,LATAM,Direct,SMB,Rania Eriksen,1,410.18,0.05,389.67,221.87,Pending
ORD-104501,2024-09-05,SKU-1055,Peripherals,NA-E,Direct,Enterprise,Malik Andersen,3,77.77,0.25,174.98,117.54,Shipped
ORD-100044,2024-09-06,SKU-1009,Laptops,NORDIC,Direct,Enterprise,Emeka Weber,5,3341.5,0.15,14201.38,11592.9,Returned
ORD-101270,2024-09-06,SKU-1050,Peripherals,NA-E,Retail,Mid-Market,Kwame Abara,3,335.4,0,1006.2,569.07,Shipped
ORD-101833,2024-09-06,SKU-1003,Laptops,NA-W,Partner,Mid-Market,Malik Kowalski,1,2349.75,0,2349.75,1512.37,Pending
ORD-100046,2024-09-07,SKU-1021,Monitors,NA-E,Partner,Consumer,Zara Fontaine,3,444.75,0,1334.25,909.48,Returned
ORD-100638,2024-09-07,SKU-1049,Peripherals,APAC-N,Partner,Enterprise,Yusuf Mbeki,10,426.32,0.15,3623.72,2311.1,Shipped
ORD-100994,2024-09-07,SKU-1103,Accessories,DACH,Partner,SMB,Ada Zimmerman,2,198.1,0.05,376.39,172.6,Shipped
ORD-101047,2024-09-07,SKU-1111,Accessories,NA-W,Partner,Enterprise,Kwame Abara,5,118.52,0.05,562.97,253.35,Shipped
ORD-101084,2024-09-07,SKU-1016,Laptops,DACH,Direct,SMB,Yusuf Fontaine,4,3292.27,0,13169.08,8912.16,Shipped
ORD-101334,2024-09-07,SKU-1056,Peripherals,NA-E,Partner,Mid-Market,Paulo Carvalho,1,45.14,0.05,42.88,22.62,Shipped
ORD-101601,2024-09-07,SKU-1025,Monitors,NA-W,Retail,Mid-Market,Yara Eriksen,5,577.77,0.25,2166.64,1990.05,Shipped
ORD-103386,2024-09-07,SKU-1102,Accessories,NA-E,Partner,SMB,Rania Eriksen,2,198.44,0.15,337.35,184.52,Shipped
ORD-100269,2024-09-08,SKU-1083,Storage,APAC-S,Retail,Enterprise,Thea Ibrahim,5,132.45,0,662.25,446.05,Returned
ORD-100503,2024-09-08,SKU-1080,Networking,NA-W,Retail,Mid-Market,Adaeze Marchetti,1,788.65,0,788.65,516.63,Pending
ORD-102843,2024-09-08,SKU-1097,Storage,LATAM,Partner,SMB,Ada Singh,3,176.34,0.05,502.57,400.05,Shipped
ORD-102947,2024-09-08,SKU-1043,Peripherals,NA-E,Online,Enterprise,Fatima Iversen,1,212.9,0.05,202.25,113.15,Returned
ORD-102063,2024-09-09,SKU-1093,Storage,NA-W,Online,Enterprise,Bruno Zhang,3,856.06,0.05,2439.77,1884.84,Returned
ORD-104892,2024-09-09,SKU-1020,Laptops,NA-W,Partner,Consumer,Wei Tanaka,3,3674.26,0,11022.78,7172.16,Pending
ORD-103882,2024-09-10,SKU-1066,Networking,UKI,Online,Enterprise,Rania Kaur,3,491.43,0.05,1400.58,863.07,Pending
ORD-104085,2024-09-10,SKU-1024,Monitors,NA-E,Direct,Consumer,Yusuf Mbeki,1,340.87,0.05,323.83,221.59,Shipped
ORD-101182,2024-09-11,SKU-1092,Storage,NA-E,Direct,Mid-Market,Sana Lindqvist,7,227.16,0.05,1510.61,1124.55,Shipped
ORD-104502,2024-09-11,SKU-1095,Storage,NA-E,Online,Enterprise,Elena Kaur,1,537.52,0,537.52,385.17,Pending
ORD-104759,2024-09-11,SKU-1086,Storage,APAC-S,Direct,SMB,Yusuf Mbeki,1,1066.03,0.05,1012.73,706.44,Shipped
ORD-102133,2024-09-12,SKU-1084,Storage,NA-E,Direct,Mid-Market,Elena Okafor,6,497.7,0.2,2388.96,2187.48,Shipped
ORD-102516,2024-09-12,SKU-1059,Peripherals,NA-E,Direct,Mid-Market,Ivan Kaur,10,294.39,0,2943.9,1448.3,Shipped
ORD-104114,2024-09-12,SKU-1057,Peripherals,APAC-S,Partner,Mid-Market,Fatima Bennett,4,457.5,0.05,1738.5,914.12,Shipped
ORD-102808,2024-09-13,SKU-1093,Storage,NA-E,Online,SMB,Bruno Zhang,2,856.06,0.15,1455.3,1256.56,Shipped
ORD-102915,2024-09-13,SKU-1011,Laptops,UKI,Partner,SMB,Elena Laurent,1,2304.08,0.1,2073.67,1489.3,Shipped
ORD-103046,2024-09-13,SKU-1098,Storage,DACH,Partner,Mid-Market,Wei Tanaka,1,587.94,0.1,529.15,407.17,Shipped
ORD-103457,2024-09-13,SKU-1023,Monitors,UKI,Online,Enterprise,Viktor Zhang,3,1366.21,0,4098.63,2696.43,Returned
ORD-103550,2024-09-13,SKU-1035,Monitors,UKI,Partner,SMB,Emeka Weber,2,1114.67,0.05,2117.87,1526.02,Pending
ORD-103666,2024-09-13,SKU-1054,Peripherals,LATAM,Partner,Mid-Market,Elena Kaur,4,210.36,0.15,715.22,418.36,Shipped
ORD-104299,2024-09-13,SKU-1082,Storage,NA-E,Partner,Mid-Market,Emeka Lindqvist,1,199.64,0.1,179.68,140.32,Pending
ORD-100888,2024-09-14,SKU-1054,Peripherals,APAC-N,Direct,Consumer,Adaeze Marchetti,1,210.36,0.05,199.84,104.59,Shipped
ORD-102019,2024-09-14,SKU-1018,Laptops,APAC-N,Online,Enterprise,Malik Eriksen,9,2719.05,0.15,20800.73,15965.73,Shipped
ORD-102772,2024-09-14,SKU-1005,Laptops,NA-E,Online,SMB,Nadia Kowalski,1,1611.9,0,1611.9,1032.29,Shipped
ORD-103542,2024-09-14,SKU-1071,Networking,LATAM,Online,Mid-Market,Darius Kaur,4,827.39,0.05,3144.08,2114.84,Shipped
ORD-101302,2024-09-15,SKU-1006,Laptops,NORDIC,Direct,Enterprise,Malik Andersen,1,2229.97,0,2229.97,1483.83,Returned
ORD-101410,2024-09-15,SKU-1003,Laptops,LATAM,Retail,Mid-Market,Malik Eriksen,1,2349.75,0,2349.75,1512.37,Returned
ORD-101512,2024-09-15,SKU-1089,Storage,DACH,Partner,SMB,Ada Zimmerman,1,512.43,0,512.43,339.7,Pending
ORD-102502,2024-09-15,SKU-1120,Accessories,NA-E,Partner,Mid-Market,Petra Ibrahim,2,210.18,0.15,357.31,172.34,Shipped
ORD-103340,2024-09-15,SKU-1014,Laptops,NA-E,Online,Mid-Market,Nikolai Jensen,5,1949.83,0.05,9261.69,6607.55,Shipped
ORD-104271,2024-09-15,SKU-1005,Laptops,APAC-N,Retail,SMB,Viktor Zhang,1,1611.9,0,1611.9,1032.29,Pending
ORD-104607,2024-09-15,SKU-1070,Networking,DACH,Direct,Enterprise,Rosa Marchetti,11,1052.94,0.05,11003.22,6930.88,Pending
ORD-104816,2024-09-15,SKU-1024,Monitors,NA-E,Online,Mid-Market,Chen Iversen,2,340.87,0.1,613.57,443.18,Shipped
ORD-100809,2024-09-16,SKU-1034,Monitors,NA-W,Direct,Enterprise,Bao Alvarez,2,511.32,0.15,869.24,631.44,Shipped
ORD-102555,2024-09-16,SKU-1039,Monitors,NA-E,Direct,Consumer,Zara Fontaine,4,1201.03,0.05,4563.91,2992.52,Shipped
ORD-104056,2024-09-16,SKU-1012,Laptops,UKI,Online,Mid-Market,Yara Eriksen,2,3047.46,0.05,5790.17,4204.78,Returned
ORD-104252,2024-09-16,SKU-1008,Laptops,UKI,Direct,Enterprise,Ada Singh,5,2860.19,0,14300.95,9949.65,Shipped
ORD-104675,2024-09-16,SKU-1060,Peripherals,NA-E,Partner,Enterprise,Elena Kaur,7,299.52,0.05,1991.81,1187.55,Shipped
ORD-103907,2024-09-17,SKU-1074,Networking,LATAM,Online,Mid-Market,Elena Okafor,10,192.25,0,1922.5,1208.7,Pending
ORD-104843,2024-09-18,SKU-1063,Networking,DACH,Online,SMB,Malik Andersen,1,935.12,0.15,794.85,601.78,Pending
ORD-101348,2024-09-19,SKU-1013,Laptops,NA-W,Retail,SMB,Zara Sorensen,1,2073.19,0.25,1554.89,1390.65,Returned
ORD-102575,2024-09-19,SKU-1004,Laptops,APAC-N,Online,SMB,Paulo Carvalho,4,3198.86,0.2,10236.35,8876.36,Returned
ORD-102885,2024-09-19,SKU-1104,Accessories,NA-E,Partner,Enterprise,Amara Dahl,2,40.52,0.2,64.83,38.68,Shipped
ORD-102907,2024-09-19,SKU-1094,Storage,NA-E,Direct,Mid-Market,Fatima Iversen,11,321.11,0.05,3355.6,2473.79,Shipped
ORD-104635,2024-09-19,SKU-1080,Networking,LATAM,Online,Consumer,Malik Andersen,4,788.65,0.2,2523.68,2066.52,Shipped
ORD-104739,2024-09-19,SKU-1104,Accessories,NORDIC,Retail,Enterprise,Elena Okafor,3,40.52,0.05,115.48,58.02,Returned
ORD-100118,2024-09-20,SKU-1097,Storage,UKI,Direct,Mid-Market,Bruno Zhang,1,176.34,0.1,158.71,133.35,Shipped
ORD-101063,2024-09-20,SKU-1084,Storage,NA-E,Online,Enterprise,Rosa Marchetti,1,497.7,0.05,472.81,364.58,Returned
ORD-101669,2024-09-20,SKU-1015,Laptops,LATAM,Partner,Consumer,Chen Iversen,3,1315.81,0,3947.43,2774.07,Shipped
ORD-103879,2024-09-20,SKU-1083,Storage,NA-E,Partner,SMB,Fatima Iversen,3,132.45,0,397.35,267.63,Returned
ORD-101713,2024-09-21,SKU-1104,Accessories,LATAM,Online,SMB,Darius Kaur,1,40.52,0.15,34.44,19.34,Shipped
ORD-102032,2024-09-21,SKU-1050,Peripherals,NA-W,Online,Mid-Market,Ada Vargas,10,335.4,0,3354.0,1896.9,Shipped
ORD-100216,2024-09-22,SKU-1058,Peripherals,NA-E,Retail,Consumer,Bao Kaur,2,410.18,0,820.36,443.74,Shipped
ORD-100360,2024-09-22,SKU-1009,Laptops,APAC-N,Online,Mid-Market,Zara Fontaine,17,3341.5,0.2,45444.4,39415.86,Shipped
ORD-101589,2024-09-22,SKU-1001,Laptops,NA-E,Online,SMB,Rosa Marchetti,3,1590.48,0.15,4055.72,3366.18,Shipped
ORD-103373,2024-09-22,SKU-1096,Storage,NA-E,Direct,Enterprise,Nikolai Jensen,4,924.54,0.25,2773.62,2659.92,Shipped
ORD-103630,2024-09-22,SKU-1092,Storage,UKI,Online,SMB,Thea Delgado,4,227.16,0,908.64,642.6,Returned
ORD-104848,2024-09-22,SKU-1037,Monitors,NA-E,Online,Consumer,Zara Fontaine,1,1230.78,0.25,923.09,782.69,Pending
ORD-101644,2024-09-23,SKU-1118,Accessories,NA-W,Direct,Mid-Market,Zara Fontaine,2,143.1,0,286.2,115.28,Shipped
ORD-101710,2024-09-23,SKU-1010,Laptops,NA-E,Online,SMB,Malik Andersen,2,1514.87,0.05,2878.25,2180.46,Shipped
ORD-102325,2024-09-23,SKU-1080,Networking,UKI,Partner,SMB,Kwame Abara,1,788.65,0,788.65,516.63,Shipped
ORD-102529,2024-09-23,SKU-1045,Peripherals,UKI,Direct,SMB,Nadia Kowalski,1,388.64,0.15,330.34,208.79,Shipped
ORD-103261,2024-09-23,SKU-1112,Accessories,NA-E,Direct,Enterprise,Rania Kaur,1,160.4,0,160.4,73.98,Shipped
ORD-103501,2024-09-23,SKU-1058,Peripherals,NA-E,Online,SMB,Wei Tanaka,1,410.18,0.1,369.16,221.87,Shipped
ORD-100811,2024-09-24,SKU-1062,Networking,UKI,Partner,Mid-Market,Bao Kaur,6,864.38,0,5186.28,3250.14,Shipped
ORD-101242,2024-09-24,SKU-1018,Laptops,NA-E,Direct,Mid-Market,Rania Kaur,1,2719.05,0.25,2039.29,1773.97,Shipped
ORD-102199,2024-09-24,SKU-1046,Peripherals,LATAM,Partner,SMB,Rosa Marchetti,3,291.02,0.15,742.1,447.87,Shipped
ORD-102976,2024-09-24,SKU-1026,Monitors,NA-W,Direct,Mid-Market,Nikolai Jensen,3,371.18,0,1113.54,762.06,Shipped
ORD-104147,2024-09-24,SKU-1021,Monitors,NORDIC,Partner,Enterprise,Malik Andersen,1,444.75,0,444.75,303.16,Shipped
ORD-104720,2024-09-24,SKU-1099,Storage,NA-E,Direct,Enterprise,Petra Ibrahim,1,881.67,0.05,837.59,593.89,Shipped
ORD-100921,2024-09-25,SKU-1049,Peripherals,NA-E,Direct,SMB,Amara Dahl,3,426.32,0.2,1023.17,693.33,Returned
ORD-104642,2024-09-25,SKU-1053,Peripherals,APAC-N,Direct,SMB,Fatima Iversen,1,417.51,0,417.51,216.56,Shipped
ORD-100140,2024-09-26,SKU-1117,Accessories,DACH,Direct,Enterprise,Uma Okafor,16,127.94,0.15,1739.98,893.28,Returned
ORD-101291,2024-09-26,SKU-1023,Monitors,APAC-N,Direct,Mid-Market,Ada Vargas,3,1366.21,0.05,3893.7,2696.43,Shipped
ORD-101897,2024-09-26,SKU-1105,Accessories,NA-E,Partner,Mid-Market,Nadia Kowalski,3,139.86,0,419.58,182.91,Shipped
ORD-102821,2024-09-26,SKU-1077,Networking,NA-W,Direct,SMB,Amara Dahl,4,740.62,0,2962.48,1799.76,Shipped
ORD-104540,2024-09-26,SKU-1082,Storage,DACH,Direct,Mid-Market,Malik Kowalski,3,199.64,0.15,509.08,420.96,Returned
ORD-104602,2024-09-26,SKU-1054,Peripherals,NORDIC,Partner,Mid-Market,Nikolai Jensen,5,210.36,0.05,999.21,522.95,Returned
ORD-100401,2024-09-27,SKU-1060,Peripherals,UKI,Online,SMB,Zara Fontaine,5,299.52,0,1497.6,848.25,Shipped
ORD-100755,2024-09-27,SKU-1040,Monitors,NA-W,Online,Mid-Market,Yara Eriksen,2,519.33,0.05,986.73,689.46,Shipped
ORD-100777,2024-09-27,SKU-1017,Laptops,APAC-N,Direct,Mid-Market,Bruno Zhang,1,3083.45,0,3083.45,2180.49,Shipped
ORD-101603,2024-09-27,SKU-1012,Laptops,NA-E,Partner,Enterprise,Fatima Bennett,3,3047.46,0.25,6856.79,6307.17,Shipped
ORD-103258,2024-09-27,SKU-1001,Laptops,UKI,Retail,SMB,Nadia Kowalski,1,1590.48,0.25,1192.86,1122.06,Shipped
ORD-104010,2024-09-27,SKU-1051,Peripherals,APAC-S,Partner,Mid-Market,Malik Andersen,1,311.03,0.2,248.82,178.18,Shipped
ORD-103503,2024-09-28,SKU-1057,Peripherals,NA-W,Direct,SMB,Elena Okafor,4,457.5,0.05,1738.5,914.12,Shipped
ORD-104140,2024-09-28,SKU-1013,Laptops,NA-E,Direct,SMB,Rania Eriksen,6,2073.19,0.25,9329.35,8343.9,Returned
ORD-104747,2024-09-28,SKU-1048,Peripherals,NA-E,Online,Enterprise,Ada Zimmerman,9,405.97,0.05,3471.04,1805.76,Shipped
ORD-104790,2024-09-28,SKU-1023,Monitors,UKI,Partner,Mid-Market,Emeka Weber,4,1366.21,0,5464.84,3595.24,Shipped
ORD-100214,2024-09-29,SKU-1091,Storage,UKI,Online,Mid-Market,Fatima Dahl,2,949.67,0.2,1519.47,1399.02,Shipped
ORD-100398,2024-09-29,SKU-1019,Laptops,APAC-S,Online,SMB,Ada Zimmerman,1,1704.93,0,1704.93,1175.47,Shipped
ORD-101449,2024-09-29,SKU-1105,Accessories,LATAM,Online,SMB,Elena Okafor,1,139.86,0,139.86,60.97,Pending
ORD-102125,2024-09-29,SKU-1080,Networking,NA-E,Direct,Mid-Market,Fatima Iversen,1,788.65,0.15,670.35,516.63,Pending
ORD-102776,2024-09-29,SKU-1067,Networking,LATAM,Retail,Enterprise,Thea Delgado,4,254.78,0,1019.12,615.04,Returned
ORD-104840,2024-09-29,SKU-1111,Accessories,NA-W,Direct,SMB,Emeka Lindqvist,3,118.52,0.05,337.78,152.01,Returned
ORD-102966,2024-09-30,SKU-1078,Networking,NA-E,Partner,Mid-Market,Wei Tanaka,2,981.51,0.15,1668.57,1166.1,Returned
ORD-101772,2024-10-02,SKU-1021,Monitors,DACH,Direct,SMB,Bao Alvarez,1,444.75,0.25,333.56,303.16,Pending
ORD-102263,2024-10-02,SKU-1006,Laptops,NA-W,Direct,Enterprise,Darius Kaur,1,2229.97,0,2229.97,1483.83,Shipped
ORD-104810,2024-10-02,SKU-1047,Peripherals,NORDIC,Online,Consumer,Malik Kowalski,3,240.32,0.2,576.77,379.74,Shipped
ORD-100063,2024-10-03,SKU-1075,Networking,NA-W,Direct,Mid-Market,Nadia Kowalski,1,1273.44,0.05,1209.77,736.87,Pending
ORD-100991,2024-10-03,SKU-1103,Accessories,LATAM,Retail,SMB,Bao Kaur,4,198.1,0.05,752.78,345.2,Pending
ORD-101802,2024-10-03,SKU-1041,Peripherals,NA-W,Partner,Enterprise,Petra Ibrahim,6,371.64,0,2229.84,1267.62,Pending
ORD-103539,2024-10-03,SKU-1051,Peripherals,APAC-N,Online,Consumer,Yusuf Mbeki,3,311.03,0,933.09,534.54,Shipped
ORD-103577,2024-10-03,SKU-1032,Monitors,NA-E,Direct,Consumer,Elena Kaur,3,929.07,0.1,2508.49,1756.47,Returned
ORD-100943,2024-10-04,SKU-1086,Storage,NA-E,Direct,SMB,Malik Eriksen,4,1066.03,0,4264.12,2825.76,Returned
ORD-101263,2024-10-04,SKU-1076,Networking,NA-W,Direct,Consumer,Viktor Zhang,2,1719.15,0,3438.3,2058.56,Shipped
ORD-102831,2024-10-04,SKU-1113,Accessories,UKI,Partner,Consumer,Ada Singh,1,23.87,0.15,20.29,10.45,Shipped
ORD-100794,2024-10-05,SKU-1029,Monitors,NA-W,Direct,SMB,Thea Zhang,6,438.72,0.2,2105.86,1724.52,Shipped
ORD-102465,2024-10-05,SKU-1025,Monitors,NA-W,Direct,Mid-Market,Bao Alvarez,20,577.77,0,11555.4,7960.2,Returned
ORD-102703,2024-10-05,SKU-1116,Accessories,DACH,Retail,Mid-Market,Yusuf Mbeki,1,147.71,0.25,110.78,72.53,Pending
ORD-103060,2024-10-05,SKU-1071,Networking,LATAM,Partner,SMB,Ada Vargas,3,827.39,0.15,2109.84,1586.13,Shipped
ORD-103287,2024-10-05,SKU-1098,Storage,NA-E,Partner,Mid-Market,Kwame Abara,3,587.94,0.05,1675.63,1221.51,Shipped
ORD-100963,2024-10-06,SKU-1060,Peripherals,NA-E,Partner,SMB,Bruno Zhang,1,299.52,0,299.52,169.65,Shipped
ORD-102369,2024-10-06,SKU-1092,Storage,NA-W,Retail,Mid-Market,Emeka Weber,3,227.16,0.05,647.41,481.95,Pending
ORD-101763,2024-10-07,SKU-1110,Accessories,LATAM,Online,SMB,Greta Haddad,3,50.0,0,150.0,71.94,Shipped
ORD-101901,2024-10-07,SKU-1049,Peripherals,UKI,Online,SMB,Amara Dahl,1,426.32,0,426.32,231.11,Shipped
ORD-103130,2024-10-07,SKU-1077,Networking,DACH,Online,Mid-Market,Uma Sandoval,1,740.62,0,740.62,449.94,Pending
ORD-103326,2024-10-07,SKU-1049,Peripherals,UKI,Partner,SMB,Sana Lindqvist,2,426.32,0,852.64,462.22,Shipped
ORD-101360,2024-10-08,SKU-1091,Storage,UKI,Online,Enterprise,Nadia Kowalski,7,949.67,0.25,4985.77,4896.57,Shipped
ORD-102108,2024-10-08,SKU-1107,Accessories,LATAM,Online,Enterprise,Ada Vargas,1,92.86,0,92.86,37.72,Shipped
ORD-104067,2024-10-08,SKU-1090,Storage,DACH,Direct,Mid-Market,Elena Laurent,9,853.08,0.15,6526.06,5070.06,Shipped
ORD-100172,2024-10-09,SKU-1040,Monitors,APAC-S,Partner,SMB,Zara Fontaine,3,519.33,0,1557.99,1034.19,Shipped
ORD-100295,2024-10-09,SKU-1080,Networking,NA-W,Direct,Enterprise,Rosa Marchetti,2,788.65,0,1577.3,1033.26,Shipped
ORD-100427,2024-10-09,SKU-1009,Laptops,NA-W,Online,Mid-Market,Ada Zimmerman,3,3341.5,0,10024.5,6955.74,Shipped
ORD-100997,2024-10-09,SKU-1053,Peripherals,LATAM,Partner,Consumer,Chen Iversen,5,417.51,0.05,1983.17,1082.8,Shipped
ORD-101597,2024-10-09,SKU-1058,Peripherals,APAC-S,Partner,SMB,Yara Eriksen,1,410.18,0.15,348.65,221.87,Shipped
ORD-103758,2024-10-09,SKU-1018,Laptops,NA-E,Online,SMB,Bao Alvarez,2,2719.05,0,5438.1,3547.94,Pending
ORD-104656,2024-10-09,SKU-1067,Networking,NA-W,Direct,Mid-Market,Hana Rossi,3,254.78,0.2,611.47,461.28,Returned
ORD-100117,2024-10-10,SKU-1022,Monitors,NORDIC,Partner,Enterprise,Malik Kowalski,1,296.21,0.1,266.59,195.26,Pending
ORD-101005,2024-10-10,SKU-1053,Peripherals,NA-W,Direct,Enterprise,Elena Laurent,2,417.51,0.2,668.02,433.12,Shipped
ORD-101904,2024-10-10,SKU-1061,Networking,NA-W,Retail,Enterprise,Sana Lindqvist,5,1191.4,0.05,5659.15,3479.95,Pending
ORD-102472,2024-10-10,SKU-1036,Monitors,NA-E,Partner,Enterprise,Thea Ibrahim,3,1180.66,0.2,2833.58,2301.99,Pending
ORD-102423,2024-10-11,SKU-1112,Accessories,APAC-S,Online,Mid-Market,Ada Vargas,4,160.4,0.05,609.52,295.92,Shipped
ORD-103514,2024-10-11,SKU-1119,Accessories,APAC-S,Retail,Enterprise,Thea Ibrahim,3,84.73,0,254.19,124.68,Shipped
ORD-104260,2024-10-11,SKU-1013,Laptops,APAC-N,Retail,SMB,Paulo Carvalho,4,2073.19,0.1,7463.48,5562.6,Shipped
ORD-100009,2024-10-12,SKU-1019,Laptops,NA-W,Direct,SMB,Nadia Kowalski,6,1704.93,0.05,9718.1,7052.82,Shipped
ORD-101216,2024-10-12,SKU-1014,Laptops,LATAM,Retail,Consumer,Darius Kaur,2,1949.83,0,3899.66,2643.02,Shipped
ORD-101857,2024-10-12,SKU-1059,Peripherals,NA-E,Direct,Enterprise,Fatima Iversen,3,294.39,0.2,706.54,434.49,Shipped
ORD-101862,2024-10-12,SKU-1095,Storage,NA-E,Online,Mid-Market,Rania Kaur,4,537.52,0.15,1827.57,1540.68,Returned
ORD-102255,2024-10-12,SKU-1120,Accessories,NA-E,Direct,SMB,Ada Zimmerman,5,210.18,0.05,998.36,430.85,Shipped
ORD-103051,2024-10-12,SKU-1063,Networking,NA-W,Partner,SMB,Thea Delgado,1,935.12,0.05,888.36,601.78,Shipped
ORD-104530,2024-10-12,SKU-1057,Peripherals,NA-E,Online,SMB,Elena Okafor,5,457.5,0,2287.5,1142.65,Pending
ORD-104558,2024-10-12,SKU-1099,Storage,APAC-S,Direct,Enterprise,Malik Kowalski,3,881.67,0.05,2512.76,1781.67,Pending
ORD-100001,2024-10-13,SKU-1028,Monitors,NA-E,Direct,Mid-Market,Rania Kaur,1,1296.45,0,1296.45,836.57,Pending
ORD-100899,2024-10-13,SKU-1064,Networking,NA-E,Retail,SMB,Petra Ibrahim,1,2008.03,0.25,1506.02,1218.2,Pending
ORD-101120,2024-10-13,SKU-1048,Peripherals,UKI,Partner,Enterprise,Yusuf Mbeki,2,405.97,0,811.94,401.28,Returned
ORD-103520,2024-10-13,SKU-1103,Accessories,NA-W,Direct,Enterprise,Fatima Iversen,3,198.1,0.05,564.58,258.9,Shipped
ORD-100725,2024-10-14,SKU-1001,Laptops,UKI,Direct,Mid-Market,Ada Vargas,1,1590.48,0.15,1351.91,1122.06,Shipped
ORD-103276,2024-10-14,SKU-1073,Networking,APAC-N,Direct,SMB,Malik Eriksen,1,347.65,0,347.65,226.42,Shipped
ORD-100147,2024-10-15,SKU-1069,Networking,APAC-N,Retail,Mid-Market,Zara Fontaine,1,640.52,0.25,480.39,390.62,Shipped
ORD-101753,2024-10-15,SKU-1104,Accessories,NA-E,Partner,Consumer,Rania Kaur,1,40.52,0.05,38.49,19.34,Shipped
ORD-102597,2024-10-15,SKU-1061,Networking,LATAM,Partner,SMB,Ada Singh,1,1191.4,0.1,1072.26,695.99,Shipped
ORD-102611,2024-10-15,SKU-1011,Laptops,LATAM,Direct,Mid-Market,Greta Haddad,1,2304.08,0.15,1958.47,1489.3,Returned
ORD-104435,2024-10-15,SKU-1073,Networking,DACH,Partner,Mid-Market,Rosa Marchetti,6,347.65,0.1,1877.31,1358.52,Shipped
ORD-100513,2024-10-16,SKU-1002,Laptops,NA-E,Partner,SMB,Uma Okafor,1,3368.08,0,3368.08,2299.73,Pending
ORD-101195,2024-10-16,SKU-1106,Accessories,NORDIC,Partner,SMB,Ada Vargas,1,179.48,0,179.48,81.37,Pending
ORD-101940,2024-10-16,SKU-1023,Monitors,NA-W,Online,SMB,Malik Kowalski,4,1366.21,0.05,5191.6,3595.24,Shipped
ORD-102681,2024-10-16,SKU-1089,Storage,NA-E,Retail,Mid-Market,Rosa Weber,24,512.43,0,12298.32,8152.8,Shipped
ORD-100220,2024-10-17,SKU-1112,Accessories,NA-E,Online,SMB,Bao Kaur,4,160.4,0,641.6,295.92,Shipped
ORD-100820,2024-10-17,SKU-1113,Accessories,NA-W,Direct,Mid-Market,Paulo Carvalho,1,23.87,0.1,21.48,10.45,Pending
ORD-103329,2024-10-17,SKU-1044,Peripherals,NA-E,Direct,SMB,Rosa Marchetti,1,42.05,0.05,39.95,21.28,Shipped
ORD-103614,2024-10-17,SKU-1061,Networking,APAC-S,Direct,SMB,Hana Rossi,7,1191.4,0.05,7922.81,4871.93,Shipped
ORD-103637,2024-10-17,SKU-1090,Storage,NA-W,Direct,Mid-Market,Nikolai Jensen,1,853.08,0.25,639.81,563.34,Shipped
ORD-103759,2024-10-17,SKU-1010,Laptops,APAC-S,Direct,Mid-Market,Ada Vargas,1,1514.87,0,1514.87,1090.23,Shipped
ORD-103863,2024-10-17,SKU-1084,Storage,NORDIC,Direct,Enterprise,Zara Sorensen,7,497.7,0,3483.9,2552.06,Shipped
ORD-103867,2024-10-17,SKU-1012,Laptops,NA-W,Direct,Mid-Market,Ada Vargas,6,3047.46,0.05,17370.52,12614.34,Returned
ORD-103984,2024-10-17,SKU-1054,Peripherals,NA-W,Online,SMB,Bao Alvarez,2,210.36,0.15,357.61,209.18,Returned
ORD-101567,2024-10-18,SKU-1036,Monitors,NORDIC,Online,Mid-Market,Yusuf Mbeki,5,1180.66,0,5903.3,3836.65,Pending
ORD-103296,2024-10-18,SKU-1075,Networking,NA-E,Direct,Mid-Market,Ada Zimmerman,3,1273.44,0.1,3438.29,2210.61,Returned
ORD-104511,2024-10-18,SKU-1071,Networking,NA-E,Direct,SMB,Elena Okafor,9,827.39,0.1,6701.86,4758.39,Shipped
ORD-100915,2024-10-19,SKU-1007,Laptops,DACH,Partner,SMB,Paulo Carvalho,1,1513.38,0.05,1437.71,1061.74,Pending
ORD-102506,2024-10-19,SKU-1079,Networking,APAC-N,Partner,Mid-Market,Uma Sandoval,2,453.79,0,907.58,573.52,Shipped
ORD-103018,2024-10-19,SKU-1001,Laptops,NA-E,Direct,SMB,Yusuf Mbeki,6,1590.48,0.1,8588.59,6732.36,Returned
ORD-103617,2024-10-19,SKU-1030,Monitors,NORDIC,Direct,Enterprise,Bruno Zhang,5,756.24,0.2,3024.96,2611.0,Shipped
ORD-104644,2024-10-19,SKU-1016,Laptops,NA-W,Online,Consumer,Emeka Weber,5,3292.27,0.15,13992.15,11140.2,Shipped
ORD-100297,2024-10-20,SKU-1112,Accessories,APAC-N,Online,Mid-Market,Thea Zhang,3,160.4,0.2,384.96,221.94,Returned
ORD-101246,2024-10-20,SKU-1103,Accessories,NA-W,Direct,Mid-Market,Thea Ibrahim,2,198.1,0.05,376.39,172.6,Shipped
ORD-103574,2024-10-20,SKU-1029,Monitors,NORDIC,Partner,Mid-Market,Rania Kaur,1,438.72,0.05,416.78,287.42,Shipped
ORD-104389,2024-10-20,SKU-1023,Monitors,LATAM,Direct,SMB,Paulo Carvalho,4,1366.21,0.1,4918.36,3595.24,Returned
ORD-100053,2024-10-21,SKU-1070,Networking,UKI,Partner,Consumer,Rania Kaur,3,1052.94,0.05,3000.88,1890.24,Pending
ORD-100618,2024-10-21,SKU-1047,Peripherals,NA-E,Online,Enterprise,Rosa Weber,3,240.32,0.25,540.72,379.74,Shipped
ORD-101322,2024-10-21,SKU-1050,Peripherals,LATAM,Direct,Enterprise,Adaeze Marchetti,1,335.4,0,335.4,189.69,Shipped
ORD-102301,2024-10-21,SKU-1073,Networking,NORDIC,Direct,SMB,Fatima Iversen,1,347.65,0.05,330.27,226.42,Shipped
ORD-104084,2024-10-21,SKU-1078,Networking,NA-E,Direct,SMB,Yusuf Fontaine,1,981.51,0,981.51,583.05,Shipped
ORD-104970,2024-10-21,SKU-1114,Accessories,NA-E,Direct,Enterprise,Nadia Kowalski,2,150.14,0.05,285.27,144.94,Returned
ORD-100455,2024-10-22,SKU-1085,Storage,DACH,Online,Mid-Market,Ada Zimmerman,4,163.55,0.2,523.36,493.52,Pending
ORD-102855,2024-10-22,SKU-1009,Laptops,DACH,Direct,Enterprise,Hana Rossi,4,3341.5,0.1,12029.4,9274.32,Returned
ORD-100332,2024-10-23,SKU-1001,Laptops,LATAM,Partner,Consumer,Nikolai Jensen,1,1590.48,0,1590.48,1122.06,Shipped
ORD-101811,2024-10-23,SKU-1042,Peripherals,APAC-N,Online,Enterprise,Nadia Kowalski,2,84.72,0.15,144.02,93.02,Shipped
ORD-102990,2024-10-23,SKU-1041,Peripherals,NA-W,Partner,Enterprise,Kwame Abara,5,371.64,0.05,1765.29,1056.35,Shipped
ORD-103054,2024-10-23,SKU-1080,Networking,NA-E,Partner,Mid-Market,Elena Laurent,1,788.65,0.1,709.78,516.63,Shipped
ORD-104860,2024-10-23,SKU-1046,Peripherals,NA-E,Partner,SMB,Emeka Lindqvist,1,291.02,0,291.02,149.29,Shipped
ORD-100592,2024-10-24,SKU-1064,Networking,NA-W,Direct,SMB,Amara Dahl,7,2008.03,0.2,11244.97,8527.4,Shipped
ORD-103218,2024-10-24,SKU-1047,Peripherals,NA-W,Online,SMB,Bruno Zhang,3,240.32,0.15,612.82,379.74,Shipped
ORD-104305,2024-10-24,SKU-1024,Monitors,NA-E,Direct,Enterprise,Thea Delgado,1,340.87,0,340.87,221.59,Shipped
ORD-104405,2024-10-24,SKU-1106,Accessories,NA-W,Retail,SMB,Elena Laurent,1,179.48,0,179.48,81.37,Shipped
ORD-100629,2024-10-25,SKU-1105,Accessories,NA-E,Partner,SMB,Darius Kaur,4,139.86,0,559.44,243.88,Pending
ORD-101191,2024-10-25,SKU-1025,Monitors,NA-E,Direct,SMB,Uma Sandoval,2,577.77,0,1155.54,796.02,Shipped
ORD-101260,2024-10-25,SKU-1022,Monitors,NA-E,Partner,Consumer,Thea Delgado,3,296.21,0.05,844.2,585.78,Shipped
ORD-101775,2024-10-25,SKU-1047,Peripherals,NA-E,Direct,Enterprise,Petra Ibrahim,7,240.32,0.05,1598.13,886.06,Shipped
ORD-102697,2024-10-25,SKU-1082,Storage,DACH,Partner,SMB,Chen Iversen,6,199.64,0.15,1018.16,841.92,Shipped
ORD-103546,2024-10-25,SKU-1079,Networking,NA-E,Partner,Mid-Market,Greta Haddad,1,453.79,0.2,363.03,286.76,Shipped
ORD-103582,2024-10-25,SKU-1054,Peripherals,APAC-N,Online,Enterprise,Emeka Lindqvist,5,210.36,0,1051.8,522.95,Shipped
ORD-104509,2024-10-25,SKU-1120,Accessories,UKI,Direct,SMB,Amara Dahl,13,210.18,0.1,2459.11,1120.21,Shipped
ORD-102230,2024-10-26,SKU-1090,Storage,NA-E,Online,SMB,Emeka Weber,4,853.08,0,3412.32,2253.36,Shipped
ORD-103387,2024-10-26,SKU-1011,Laptops,UKI,Direct,SMB,Ada Singh,12,2304.08,0.1,24884.06,17871.6,Shipped
ORD-103493,2024-10-26,SKU-1065,Networking,NA-E,Direct,Mid-Market,Bruno Zhang,1,417.19,0.05,396.33,239.24,Shipped
ORD-103642,2024-10-26,SKU-1055,Peripherals,NA-E,Online,Mid-Market,Kwame Abara,1,77.77,0.05,73.88,39.18,Returned
ORD-103732,2024-10-26,SKU-1062,Networking,APAC-N,Partner,Mid-Market,Thea Zhang,9,864.38,0.05,7390.45,4875.21,Shipped
ORD-104919,2024-10-26,SKU-1078,Networking,DACH,Partner,Mid-Market,Zara Sorensen,1,981.51,0.05,932.43,583.05,Shipped
ORD-102653,2024-10-27,SKU-1059,Peripherals,NA-W,Online,Enterprise,Rania Kaur,1,294.39,0.05,279.67,144.83,Returned
ORD-103606,2024-10-27,SKU-1026,Monitors,LATAM,Retail,Consumer,Sana Lindqvist,1,371.18,0.05,352.62,254.02,Shipped
ORD-100066,2024-10-28,SKU-1061,Networking,NA-W,Partner,SMB,Fatima Iversen,1,1191.4,0.05,1131.83,695.99,Shipped
ORD-102217,2024-10-28,SKU-1093,Storage,APAC-S,Direct,SMB,Yusuf Mbeki,2,856.06,0,1712.12,1256.56,Returned
ORD-102430,2024-10-28,SKU-1010,Laptops,DACH,Partner,Consumer,Ada Zimmerman,6,1514.87,0.15,7725.84,6541.38,Shipped
ORD-103726,2024-10-28,SKU-1009,Laptops,UKI,Online,Enterprise,Ada Zimmerman,6,3341.5,0.15,17041.65,13911.48,Shipped
ORD-104873,2024-10-28,SKU-1086,Storage,UKI,Online,SMB,Hana Rossi,3,1066.03,0.25,2398.57,2119.32,Shipped
ORD-100934,2024-10-29,SKU-1048,Peripherals,NA-W,Direct,SMB,Paulo Carvalho,4,405.97,0.05,1542.69,802.56,Shipped
ORD-101793,2024-10-29,SKU-1058,Peripherals,NA-E,Direct,Mid-Market,Elena Kaur,1,410.18,0.25,307.63,221.87,Shipped
ORD-102069,2024-10-29,SKU-1029,Monitors,APAC-N,Partner,Mid-Market,Rosa Weber,4,438.72,0,1754.88,1149.68,Shipped
ORD-102856,2024-10-29,SKU-1021,Monitors,DACH,Partner,Mid-Market,Rania Kaur,2,444.75,0.05,845.02,606.32,Returned
ORD-100637,2024-10-30,SKU-1063,Networking,DACH,Online,Mid-Market,Viktor Zhang,5,935.12,0.15,3974.26,3008.9,Shipped
ORD-101345,2024-10-30,SKU-1013,Laptops,NA-E,Online,Enterprise,Fatima Dahl,3,2073.19,0,6219.57,4171.95,Shipped
ORD-104264,2024-10-30,SKU-1008,Laptops,NA-E,Online,Enterprise,Thea Ibrahim,2,2860.19,0.1,5148.34,3979.86,Shipped
ORD-104688,2024-10-30,SKU-1050,Peripherals,NORDIC,Online,SMB,Ivan Kaur,3,335.4,0.05,955.89,569.07,Shipped
ORD-101206,2024-10-31,SKU-1059,Peripherals,NA-E,Retail,SMB,Thea Ibrahim,1,294.39,0.05,279.67,144.83,Shipped
ORD-101420,2024-10-31,SKU-1093,Storage,UKI,Partner,Consumer,Emeka Weber,4,856.06,0.05,3253.03,2513.12,Returned
ORD-103985,2024-10-31,SKU-1024,Monitors,LATAM,Retail,SMB,Ada Zimmerman,2,340.87,0.25,511.31,443.18,Shipped
ORD-101229,2024-11-01,SKU-1062,Networking,LATAM,Direct,SMB,Malik Eriksen,2,864.38,0.05,1642.32,1083.38,Shipped
ORD-101464,2024-11-01,SKU-1043,Peripherals,NA-W,Partner,Enterprise,Rosa Weber,11,212.9,0.15,1990.62,1244.65,Shipped
ORD-103783,2024-11-01,SKU-1091,Storage,NA-W,Partner,SMB,Yusuf Fontaine,5,949.67,0.1,4273.51,3497.55,Shipped
ORD-103962,2024-11-01,SKU-1036,Monitors,NA-E,Retail,Enterprise,Zara Fontaine,1,1180.66,0.05,1121.63,767.33,Shipped
ORD-104344,2024-11-01,SKU-1078,Networking,NA-W,Online,Mid-Market,Elena Laurent,6,981.51,0,5889.06,3498.3,Shipped
ORD-100257,2024-11-02,SKU-1024,Monitors,NA-E,Online,SMB,Bruno Zhang,6,340.87,0.15,1738.44,1329.54,Shipped
ORD-100452,2024-11-02,SKU-1037,Monitors,DACH,Online,SMB,Ivan Kaur,5,1230.78,0,6153.9,3913.45,Shipped
ORD-101351,2024-11-02,SKU-1016,Laptops,NA-E,Retail,Mid-Market,Yusuf Fontaine,1,3292.27,0.15,2798.43,2228.04,Shipped
ORD-101899,2024-11-02,SKU-1079,Networking,DACH,Direct,Enterprise,Malik Eriksen,3,453.79,0.05,1293.3,860.28,Pending
ORD-103422,2024-11-02,SKU-1110,Accessories,NA-E,Online,SMB,Ivan Kaur,2,50.0,0,100.0,47.96,Shipped
ORD-103983,2024-11-02,SKU-1006,Laptops,NA-W,Direct,Enterprise,Kwame Abara,4,2229.97,0.05,8473.89,5935.32,Shipped
ORD-100191,2024-11-03,SKU-1049,Peripherals,UKI,Partner,SMB,Emeka Weber,4,426.32,0.1,1534.75,924.44,Shipped
ORD-100508,2024-11-03,SKU-1087,Storage,NA-E,Direct,SMB,Petra Ibrahim,2,222.44,0.1,400.39,301.62,Shipped
ORD-100996,2024-11-03,SKU-1056,Peripherals,NORDIC,Partner,Enterprise,Greta Haddad,8,45.14,0.15,306.95,180.96,Shipped
ORD-101115,2024-11-03,SKU-1103,Accessories,NA-W,Retail,Consumer,Rania Eriksen,7,198.1,0,1386.7,604.1,Returned
ORD-101471,2024-11-03,SKU-1098,Storage,NA-E,Online,Mid-Market,Nadia Kowalski,1,587.94,0.05,558.54,407.17,Shipped
ORD-103377,2024-11-03,SKU-1033,Monitors,APAC-N,Online,SMB,Thea Delgado,6,617.73,0.15,3150.42,2401.5,Shipped
ORD-100133,2024-11-04,SKU-1015,Laptops,UKI,Online,Mid-Market,Viktor Zhang,3,1315.81,0,3947.43,2774.07,Shipped
ORD-103478,2024-11-04,SKU-1061,Networking,NA-E,Partner,Consumer,Elena Okafor,2,1191.4,0.2,1906.24,1391.98,Pending
ORD-100749,2024-11-05,SKU-1116,Accessories,APAC-N,Partner,SMB,Elena Kaur,3,147.71,0.05,420.97,217.59,Shipped
ORD-100916,2024-11-05,SKU-1113,Accessories,APAC-N,Online,Mid-Market,Emeka Weber,14,23.87,0.05,317.47,146.3,Shipped
ORD-102679,2024-11-05,SKU-1060,Peripherals,APAC-N,Retail,Enterprise,Thea Zhang,4,299.52,0.1,1078.27,678.6,Shipped
ORD-103263,2024-11-05,SKU-1034,Monitors,NA-E,Partner,SMB,Darius Kaur,6,511.32,0.25,2300.94,1894.32,Shipped
ORD-104310,2024-11-05,SKU-1059,Peripherals,APAC-N,Direct,SMB,Elena Laurent,1,294.39,0,294.39,144.83,Shipped
ORD-104616,2024-11-05,SKU-1075,Networking,NA-W,Retail,Consumer,Rania Eriksen,3,1273.44,0,3820.32,2210.61,Shipped
ORD-102978,2024-11-06,SKU-1044,Peripherals,NA-W,Direct,SMB,Ada Zimmerman,1,42.05,0.2,33.64,21.28,Shipped
ORD-103605,2024-11-06,SKU-1120,Accessories,NORDIC,Partner,Enterprise,Amara Dahl,2,210.18,0.05,399.34,172.34,Returned
ORD-104655,2024-11-06,SKU-1099,Storage,LATAM,Retail,SMB,Fatima Iversen,2,881.67,0,1763.34,1187.78,Returned
ORD-104844,2024-11-06,SKU-1105,Accessories,UKI,Online,Consumer,Rania Eriksen,1,139.86,0.2,111.89,60.97,Shipped
ORD-101564,2024-11-07,SKU-1096,Storage,APAC-N,Online,Consumer,Fatima Iversen,6,924.54,0,5547.24,3989.88,Shipped
ORD-101920,2024-11-07,SKU-1027,Monitors,NA-E,Direct,Mid-Market,Ada Zimmerman,2,487.06,0.15,828.0,663.12,Pending
ORD-103240,2024-11-07,SKU-1028,Monitors,NA-E,Partner,Consumer,Bruno Zhang,16,1296.45,0,20743.2,13385.12,Shipped
ORD-103370,2024-11-07,SKU-1006,Laptops,NA-E,Online,Mid-Market,Rosa Marchetti,2,2229.97,0.1,4013.95,2967.66,Shipped
ORD-103426,2024-11-07,SKU-1057,Peripherals,NA-W,Direct,Mid-Market,Rosa Marchetti,6,457.5,0.1,2470.5,1371.18,Returned
ORD-100095,2024-11-08,SKU-1117,Accessories,UKI,Direct,Enterprise,Bao Kaur,1,127.94,0.25,95.95,55.83,Shipped
ORD-100649,2024-11-08,SKU-1061,Networking,APAC-S,Direct,SMB,Viktor Zhang,4,1191.4,0.05,4527.32,2783.96,Shipped
ORD-102329,2024-11-08,SKU-1009,Laptops,APAC-N,Partner,SMB,Yara Eriksen,6,3341.5,0.15,17041.65,13911.48,Shipped
ORD-102532,2024-11-08,SKU-1120,Accessories,NA-E,Retail,Enterprise,Sana Lindqvist,4,210.18,0.15,714.61,344.68,Pending
ORD-103201,2024-11-08,SKU-1078,Networking,NA-E,Online,SMB,Emeka Weber,2,981.51,0.15,1668.57,1166.1,Shipped
ORD-104309,2024-11-08,SKU-1050,Peripherals,NA-E,Direct,Enterprise,Thea Delgado,3,335.4,0,1006.2,569.07,Shipped
ORD-104466,2024-11-08,SKU-1022,Monitors,NA-E,Online,Mid-Market,Rania Eriksen,4,296.21,0,1184.84,781.04,Pending
ORD-102926,2024-11-09,SKU-1091,Storage,NA-E,Direct,Mid-Market,Zara Fontaine,6,949.67,0,5698.02,4197.06,Returned
ORD-103381,2024-11-09,SKU-1107,Accessories,DACH,Online,Enterprise,Paulo Carvalho,1,92.86,0,92.86,37.72,Shipped
ORD-103508,2024-11-09,SKU-1104,Accessories,APAC-S,Online,Enterprise,Rania Eriksen,1,40.52,0.2,32.42,19.34,Shipped
ORD-103704,2024-11-09,SKU-1060,Peripherals,NA-W,Direct,SMB,Viktor Zhang,2,299.52,0.1,539.14,339.3,Shipped
ORD-104413,2024-11-09,SKU-1111,Accessories,DACH,Partner,Mid-Market,Elena Laurent,1,118.52,0,118.52,50.67,Shipped
ORD-104888,2024-11-09,SKU-1006,Laptops,NA-W,Online,Enterprise,Bruno Zhang,2,2229.97,0.05,4236.94,2967.66,Shipped
ORD-100183,2024-11-10,SKU-1077,Networking,NA-W,Online,SMB,Kwame Abara,8,740.62,0,5924.96,3599.52,Shipped
ORD-101717,2024-11-10,SKU-1041,Peripherals,APAC-N,Retail,SMB,Greta Haddad,4,371.64,0.1,1337.9,845.08,Pending
ORD-101866,2024-11-10,SKU-1100,Storage,DACH,Partner,SMB,Malik Eriksen,2,754.71,0,1509.42,999.72,Returned
ORD-103489,2024-11-10,SKU-1007,Laptops,LATAM,Direct,Mid-Market,Fatima Dahl,2,1513.38,0.25,2270.07,2123.48,Shipped
ORD-100059,2024-11-11,SKU-1055,Peripherals,NA-E,Direct,Mid-Market,Amara Dahl,1,77.77,0,77.77,39.18,Shipped
ORD-101132,2024-11-11,SKU-1087,Storage,DACH,Online,Enterprise,Fatima Dahl,14,222.44,0,3114.16,2111.34,Shipped
ORD-101286,2024-11-11,SKU-1031,Monitors,LATAM,Retail,Consumer,Ada Singh,1,953.0,0.2,762.4,667.83,Shipped
ORD-101337,2024-11-11,SKU-1059,Peripherals,NORDIC,Partner,Enterprise,Malik Andersen,3,294.39,0.2,706.54,434.49,Returned
ORD-101776,2024-11-11,SKU-1035,Monitors,LATAM,Direct,SMB,Uma Sandoval,2,1114.67,0.05,2117.87,1526.02,Shipped
ORD-102250,2024-11-11,SKU-1066,Networking,NA-W,Online,SMB,Darius Kaur,2,491.43,0,982.86,575.38,Shipped
ORD-102801,2024-11-11,SKU-1017,Laptops,NA-W,Partner,Enterprise,Rania Eriksen,8,3083.45,0.05,23434.22,17443.92,Shipped
ORD-103408,2024-11-11,SKU-1094,Storage,APAC-S,Online,SMB,Adaeze Marchetti,5,321.11,0.15,1364.72,1124.45,Shipped
ORD-102363,2024-11-12,SKU-1119,Accessories,NA-W,Online,SMB,Emeka Weber,1,84.73,0.15,72.02,41.56,Pending
ORD-102812,2024-11-12,SKU-1004,Laptops,NA-E,Partner,Consumer,Malik Kowalski,8,3198.86,0.1,23031.79,17752.72,Shipped
ORD-100625,2024-11-13,SKU-1091,Storage,DACH,Online,Consumer,Bao Kaur,1,949.67,0.15,807.22,699.51,Shipped
ORD-100795,2024-11-13,SKU-1099,Storage,NA-W,Online,SMB,Yusuf Mbeki,2,881.67,0,1763.34,1187.78,Pending
ORD-101241,2024-11-13,SKU-1072,Networking,NA-W,Direct,SMB,Rania Kaur,1,593.71,0,593.71,371.48,Shipped
ORD-101418,2024-11-13,SKU-1023,Monitors,APAC-S,Online,SMB,Uma Sandoval,1,1366.21,0.05,1297.9,898.81,Shipped
ORD-102344,2024-11-13,SKU-1003,Laptops,NA-E,Direct,SMB,Uma Okafor,4,2349.75,0,9399.0,6049.48,Returned
ORD-102527,2024-11-13,SKU-1091,Storage,UKI,Online,Mid-Market,Uma Sandoval,2,949.67,0,1899.34,1399.02,Shipped
ORD-103482,2024-11-13,SKU-1033,Monitors,DACH,Partner,SMB,Viktor Zhang,5,617.73,0.15,2625.35,2001.25,Shipped
ORD-104664,2024-11-13,SKU-1036,Monitors,NA-W,Partner,SMB,Yusuf Mbeki,2,1180.66,0.25,1770.99,1534.66,Shipped
ORD-104895,2024-11-13,SKU-1100,Storage,NA-W,Direct,SMB,Uma Okafor,3,754.71,0.1,2037.72,1499.58,Returned
ORD-102242,2024-11-14,SKU-1085,Storage,NA-W,Direct,SMB,Petra Ibrahim,1,163.55,0.1,147.2,123.38,Shipped
ORD-103116,2024-11-14,SKU-1008,Laptops,APAC-N,Online,SMB,Petra Ibrahim,1,2860.19,0,2860.19,1989.93,Shipped
ORD-103304,2024-11-14,SKU-1014,Laptops,LATAM,Partner,SMB,Rania Eriksen,2,1949.83,0,3899.66,2643.02,Shipped
ORD-103644,2024-11-14,SKU-1003,Laptops,NA-W,Direct,Enterprise,Greta Haddad,2,2349.75,0,4699.5,3024.74,Shipped
ORD-104987,2024-11-14,SKU-1076,Networking,UKI,Online,Enterprise,Wei Tanaka,1,1719.15,0.1,1547.24,1029.28,Pending
ORD-100288,2024-11-15,SKU-1072,Networking,NA-E,Direct,SMB,Rania Kaur,1,593.71,0.2,474.97,371.48,Shipped
ORD-101227,2024-11-15,SKU-1114,Accessories,NA-E,Retail,Mid-Market,Rosa Weber,3,150.14,0,450.42,217.41,Shipped
ORD-101432,2024-11-15,SKU-1030,Monitors,NA-W,Partner,SMB,Bao Alvarez,11,756.24,0.2,6654.91,5744.2,Shipped
ORD-102937,2024-11-15,SKU-1108,Accessories,NA-E,Partner,SMB,Elena Kaur,5,111.01,0,555.05,239.7,Returned
ORD-103873,2024-11-15,SKU-1042,Peripherals,NA-W,Direct,Mid-Market,Rania Eriksen,1,84.72,0.2,67.78,46.51,Shipped
ORD-104209,2024-11-15,SKU-1020,Laptops,NA-E,Direct,Mid-Market,Ada Vargas,5,3674.26,0.2,14697.04,11953.6,Shipped
ORD-100276,2024-11-16,SKU-1111,Accessories,LATAM,Partner,Consumer,Zara Sorensen,5,118.52,0.2,474.08,253.35,Returned
ORD-100708,2024-11-16,SKU-1116,Accessories,UKI,Partner,Consumer,Greta Haddad,1,147.71,0,147.71,72.53,Shipped
ORD-102127,2024-11-16,SKU-1003,Laptops,NA-W,Partner,Enterprise,Fatima Bennett,2,2349.75,0.25,3524.62,3024.74,Shipped
ORD-102318,2024-11-16,SKU-1036,Monitors,DACH,Direct,Enterprise,Elena Okafor,4,1180.66,0,4722.64,3069.32,Shipped
ORD-103363,2024-11-16,SKU-1057,Peripherals,NA-E,Direct,Mid-Market,Bruno Zhang,4,457.5,0.05,1738.5,914.12,Shipped
ORD-103585,2024-11-16,SKU-1095,Storage,DACH,Direct,Mid-Market,Rosa Marchetti,1,537.52,0.15,456.89,385.17,Shipped
ORD-104216,2024-11-16,SKU-1083,Storage,LATAM,Retail,SMB,Malik Eriksen,1,132.45,0.05,125.83,89.21,Shipped
ORD-100148,2024-11-17,SKU-1035,Monitors,UKI,Online,SMB,Rosa Weber,4,1114.67,0,4458.68,3052.04,Returned
ORD-100359,2024-11-17,SKU-1098,Storage,NA-W,Online,Mid-Market,Greta Haddad,6,587.94,0.05,3351.26,2443.02,Shipped
ORD-100800,2024-11-17,SKU-1107,Accessories,DACH,Partner,SMB,Wei Tanaka,2,92.86,0.05,176.43,75.44,Returned
ORD-100936,2024-11-17,SKU-1070,Networking,NA-E,Partner,Mid-Market,Rania Kaur,5,1052.94,0,5264.7,3150.4,Pending
ORD-101061,2024-11-17,SKU-1031,Monitors,LATAM,Partner,Consumer,Ada Vargas,4,953.0,0.1,3430.8,2671.32,Shipped
ORD-101472,2024-11-17,SKU-1061,Networking,NA-E,Retail,Consumer,Petra Ibrahim,1,1191.4,0.05,1131.83,695.99,Returned
ORD-103663,2024-11-17,SKU-1091,Storage,NA-W,Online,Enterprise,Zara Fontaine,31,949.67,0.25,22079.83,21684.81,Shipped
ORD-100311,2024-11-18,SKU-1101,Accessories,NA-W,Direct,Mid-Market,Emeka Weber,11,149.25,0.15,1395.49,660.55,Shipped
ORD-101673,2024-11-18,SKU-1040,Monitors,NA-E,Partner,Consumer,Ivan Kaur,1,519.33,0.05,493.36,344.73,Pending
ORD-102834,2024-11-18,SKU-1096,Storage,NA-W,Online,SMB,Malik Eriksen,4,924.54,0.05,3513.25,2659.92,Shipped
ORD-104628,2024-11-18,SKU-1102,Accessories,APAC-N,Direct,Mid-Market,Greta Haddad,2,198.44,0.2,317.5,184.52,Returned
ORD-101214,2024-11-19,SKU-1108,Accessories,NA-E,Partner,Mid-Market,Amara Dahl,4,111.01,0,444.04,191.76,Pending
ORD-101391,2024-11-19,SKU-1082,Storage,APAC-N,Direct,SMB,Fatima Iversen,4,199.64,0.2,638.85,561.28,Pending
ORD-102071,2024-11-19,SKU-1009,Laptops,UKI,Direct,SMB,Emeka Lindqvist,2,3341.5,0.25,5012.25,4637.16,Shipped
ORD-103507,2024-11-20,SKU-1075,Networking,NA-W,Direct,Consumer,Bao Alvarez,1,1273.44,0.05,1209.77,736.87,Returned
ORD-102025,2024-11-21,SKU-1079,Networking,NA-W,Partner,Enterprise,Hana Rossi,6,453.79,0.15,2314.33,1720.56,Pending
ORD-102136,2024-11-21,SKU-1029,Monitors,NA-W,Partner,Mid-Market,Thea Ibrahim,6,438.72,0,2632.32,1724.52,Returned
ORD-104929,2024-11-21,SKU-1038,Monitors,NA-E,Partner,SMB,Adaeze Marchetti,3,829.48,0.2,1990.75,1662.99,Shipped
ORD-100946,2024-11-22,SKU-1050,Peripherals,NA-E,Partner,Enterprise,Malik Andersen,2,335.4,0.25,503.1,379.38,Shipped
ORD-101377,2024-11-22,SKU-1037,Monitors,NA-E,Direct,Enterprise,Rania Eriksen,3,1230.78,0.05,3507.72,2348.07,Shipped
ORD-102584,2024-11-22,SKU-1004,Laptops,LATAM,Partner,SMB,Fatima Dahl,10,3198.86,0.15,27190.31,22190.9,Pending
ORD-103264,2024-11-22,SKU-1027,Monitors,NA-W,Online,SMB,Fatima Bennett,1,487.06,0.05,462.71,331.56,Shipped
ORD-104006,2024-11-22,SKU-1097,Storage,LATAM,Online,Mid-Market,Malik Andersen,2,176.34,0.15,299.78,266.7,Shipped
ORD-104346,2024-11-23,SKU-1050,Peripherals,APAC-S,Direct,Consumer,Kwame Abara,8,335.4,0.05,2549.04,1517.52,Shipped
ORD-104870,2024-11-23,SKU-1030,Monitors,LATAM,Retail,Mid-Market,Darius Kaur,5,756.24,0.1,3403.08,2611.0,Returned
ORD-101280,2024-11-24,SKU-1020,Laptops,NORDIC,Retail,SMB,Emeka Weber,4,3674.26,0.1,13227.34,9562.88,Returned
ORD-101843,2024-11-24,SKU-1120,Accessories,NA-W,Partner,SMB,Bao Alvarez,6,210.18,0,1261.08,517.02,Shipped
ORD-103043,2024-11-24,SKU-1006,Laptops,UKI,Direct,SMB,Ada Zimmerman,6,2229.97,0.2,10703.86,8902.98,Shipped
ORD-103785,2024-11-24,SKU-1094,Storage,UKI,Direct,Mid-Market,Malik Andersen,3,321.11,0.05,915.16,674.67,Pending
ORD-103885,2024-11-24,SKU-1069,Networking,APAC-S,Direct,SMB,Viktor Zhang,1,640.52,0.25,480.39,390.62,Shipped
ORD-103960,2024-11-24,SKU-1087,Storage,UKI,Partner,SMB,Fatima Bennett,7,222.44,0.05,1479.23,1055.67,Shipped
ORD-104119,2024-11-24,SKU-1025,Monitors,UKI,Direct,Mid-Market,Wei Tanaka,7,577.77,0.1,3639.95,2786.07,Shipped
ORD-100958,2024-11-25,SKU-1053,Peripherals,UKI,Online,SMB,Bao Alvarez,4,417.51,0,1670.04,866.24,Shipped
ORD-104636,2024-11-25,SKU-1081,Storage,NA-E,Online,SMB,Uma Okafor,1,427.43,0.1,384.69,295.78,Shipped
ORD-104678,2024-11-25,SKU-1071,Networking,APAC-S,Direct,Mid-Market,Bao Kaur,1,827.39,0,827.39,528.71,Returned
ORD-100490,2024-11-26,SKU-1011,Laptops,APAC-N,Partner,SMB,Fatima Bennett,7,2304.08,0.05,15322.13,10425.1,Shipped
ORD-102285,2024-11-26,SKU-1071,Networking,NA-E,Online,Consumer,Zara Fontaine,1,827.39,0,827.39,528.71,Pending
ORD-102950,2024-11-26,SKU-1101,Accessories,NA-W,Online,Mid-Market,Chen Iversen,12,149.25,0,1791.0,720.6,Shipped
ORD-103016,2024-11-26,SKU-1106,Accessories,NA-W,Online,SMB,Uma Sandoval,1,179.48,0.25,134.61,81.37,Returned
ORD-103659,2024-11-26,SKU-1106,Accessories,UKI,Direct,Enterprise,Fatima Bennett,1,179.48,0.05,170.51,81.37,Shipped
ORD-102393,2024-11-27,SKU-1015,Laptops,NA-E,Retail,Enterprise,Nikolai Jensen,2,1315.81,0,2631.62,1849.38,Shipped
ORD-103840,2024-11-27,SKU-1081,Storage,APAC-N,Online,Enterprise,Thea Delgado,1,427.43,0.25,320.57,295.78,Shipped
ORD-104537,2024-11-27,SKU-1055,Peripherals,DACH,Online,SMB,Ada Zimmerman,6,77.77,0,466.62,235.08,Shipped
ORD-100424,2024-11-28,SKU-1013,Laptops,LATAM,Online,Mid-Market,Fatima Bennett,2,2073.19,0,4146.38,2781.3,Shipped
ORD-101455,2024-11-28,SKU-1015,Laptops,DACH,Online,SMB,Thea Zhang,5,1315.81,0,6579.05,4623.45,Shipped
ORD-102055,2024-11-28,SKU-1003,Laptops,APAC-N,Online,SMB,Elena Okafor,4,2349.75,0.05,8929.05,6049.48,Shipped
ORD-102248,2024-11-28,SKU-1022,Monitors,NA-E,Online,Consumer,Zara Fontaine,11,296.21,0,3258.31,2147.86,Returned
ORD-102714,2024-11-28,SKU-1103,Accessories,APAC-S,Online,Mid-Market,Emeka Weber,14,198.1,0.1,2496.06,1208.2,Pending
ORD-103390,2024-11-28,SKU-1065,Networking,LATAM,Direct,Mid-Market,Malik Eriksen,1,417.19,0.2,333.75,239.24,Shipped
ORD-104515,2024-11-28,SKU-1086,Storage,APAC-N,Online,Consumer,Petra Ibrahim,1,1066.03,0,1066.03,706.44,Pending
ORD-104622,2024-11-28,SKU-1091,Storage,NA-W,Online,Enterprise,Rania Kaur,5,949.67,0.15,4036.1,3497.55,Shipped
ORD-104732,2024-11-28,SKU-1054,Peripherals,LATAM,Direct,Mid-Market,Elena Laurent,10,210.36,0,2103.6,1045.9,Pending
ORD-104763,2024-11-28,SKU-1109,Accessories,NA-W,Online,Enterprise,Wei Tanaka,4,131.89,0.1,474.8,237.72,Shipped
ORD-101787,2024-11-29,SKU-1004,Laptops,NA-E,Direct,Enterprise,Darius Kaur,1,3198.86,0.05,3038.92,2219.09,Shipped
ORD-102218,2024-11-29,SKU-1023,Monitors,NA-W,Partner,Mid-Market,Sana Lindqvist,1,1366.21,0.1,1229.59,898.81,Shipped
ORD-104455,2024-11-29,SKU-1008,Laptops,UKI,Online,Mid-Market,Ada Zimmerman,1,2860.19,0.15,2431.16,1989.93,Shipped
ORD-104386,2024-11-30,SKU-1043,Peripherals,NA-E,Online,Enterprise,Chen Iversen,1,212.9,0,212.9,113.15,Shipped
ORD-102314,2024-12-01,SKU-1054,Peripherals,NA-E,Partner,Consumer,Elena Kaur,2,210.36,0,420.72,209.18,Shipped
ORD-102349,2024-12-01,SKU-1099,Storage,NA-E,Direct,SMB,Emeka Lindqvist,2,881.67,0.05,1675.17,1187.78,Shipped
ORD-103309,2024-12-01,SKU-1043,Peripherals,UKI,Partner,SMB,Emeka Weber,5,212.9,0.15,904.82,565.75,Shipped
ORD-103458,2024-12-01,SKU-1024,Monitors,NA-W,Direct,Consumer,Petra Ibrahim,5,340.87,0.15,1448.7,1107.95,Pending
ORD-101035,2024-12-02,SKU-1115,Accessories,DACH,Partner,Mid-Market,Malik Andersen,5,201.56,0,1007.8,479.3,Pending
ORD-102613,2024-12-02,SKU-1083,Storage,APAC-N,Retail,Enterprise,Fatima Bennett,1,132.45,0.25,99.34,89.21,Pending
ORD-103403,2024-12-02,SKU-1085,Storage,UKI,Online,Consumer,Darius Kaur,2,163.55,0.05,310.75,246.76,Shipped
ORD-103829,2024-12-02,SKU-1094,Storage,UKI,Partner,Mid-Market,Greta Haddad,6,321.11,0,1926.66,1349.34,Returned
ORD-100116,2024-12-03,SKU-1097,Storage,NA-E,Online,SMB,Wei Tanaka,3,176.34,0.2,423.22,400.05,Shipped
ORD-100171,2024-12-03,SKU-1079,Networking,NA-W,Online,Mid-Market,Malik Andersen,1,453.79,0,453.79,286.76,Shipped
ORD-100365,2024-12-03,SKU-1057,Peripherals,NA-E,Direct,Mid-Market,Thea Ibrahim,24,457.5,0,10980.0,5484.72,Shipped
ORD-101096,2024-12-03,SKU-1011,Laptops,LATAM,Direct,Mid-Market,Rosa Weber,2,2304.08,0,4608.16,2978.6,Returned
ORD-101540,2024-12-03,SKU-1083,Storage,LATAM,Direct,SMB,Elena Kaur,13,132.45,0,1721.85,1159.73,Shipped
ORD-100501,2024-12-04,SKU-1019,Laptops,NA-W,Online,Enterprise,Greta Haddad,4,1704.93,0,6819.72,4701.88,Shipped
ORD-100671,2024-12-04,SKU-1110,Accessories,NA-E,Partner,Mid-Market,Fatima Bennett,3,50.0,0,150.0,71.94,Returned
ORD-100806,2024-12-04,SKU-1053,Peripherals,NA-W,Direct,Enterprise,Fatima Dahl,3,417.51,0.05,1189.9,649.68,Pending
ORD-101386,2024-12-04,SKU-1001,Laptops,UKI,Direct,Mid-Market,Thea Ibrahim,1,1590.48,0.15,1351.91,1122.06,Shipped
ORD-101538,2024-12-04,SKU-1041,Peripherals,NA-W,Direct,Enterprise,Fatima Iversen,5,371.64,0,1858.2,1056.35,Shipped
ORD-103119,2024-12-04,SKU-1032,Monitors,APAC-N,Partner,Consumer,Uma Sandoval,3,929.07,0,2787.21,1756.47,Pending
ORD-103331,2024-12-04,SKU-1085,Storage,NORDIC,Online,Consumer,Yara Eriksen,1,163.55,0.25,122.66,123.38,Pending
ORD-103441,2024-12-04,SKU-1032,Monitors,UKI,Partner,SMB,Zara Fontaine,5,929.07,0.25,3484.01,2927.45,Shipped
ORD-103939,2024-12-04,SKU-1029,Monitors,NA-W,Partner,Consumer,Nadia Kowalski,5,438.72,0,2193.6,1437.1,Pending
ORD-101045,2024-12-05,SKU-1073,Networking,NA-W,Direct,Enterprise,Emeka Weber,2,347.65,0,695.3,452.84,Shipped
ORD-101093,2024-12-05,SKU-1099,Storage,LATAM,Partner,Consumer,Adaeze Marchetti,3,881.67,0.15,2248.26,1781.67,Shipped
ORD-102347,2024-12-05,SKU-1064,Networking,UKI,Direct,Enterprise,Malik Andersen,12,2008.03,0.25,18072.27,14618.4,Shipped
ORD-103075,2024-12-05,SKU-1042,Peripherals,NA-W,Online,Consumer,Nadia Kowalski,3,84.72,0.05,241.45,139.53,Returned
ORD-103575,2024-12-05,SKU-1101,Accessories,APAC-N,Partner,Mid-Market,Elena Kaur,3,149.25,0.15,380.59,180.15,Shipped
ORD-104076,2024-12-05,SKU-1003,Laptops,APAC-N,Partner,SMB,Viktor Zhang,5,2349.75,0,11748.75,7561.85,Shipped
ORD-104301,2024-12-05,SKU-1061,Networking,DACH,Online,SMB,Elena Kaur,4,1191.4,0.25,3574.2,2783.96,Shipped
ORD-104576,2024-12-06,SKU-1055,Peripherals,LATAM,Online,Enterprise,Thea Zhang,3,77.77,0.25,174.98,117.54,Shipped
ORD-103033,2024-12-07,SKU-1015,Laptops,LATAM,Retail,SMB,Thea Delgado,5,1315.81,0,6579.05,4623.45,Shipped
ORD-103039,2024-12-07,SKU-1022,Monitors,NORDIC,Online,Consumer,Paulo Carvalho,8,296.21,0.05,2251.2,1562.08,Returned
ORD-103470,2024-12-07,SKU-1044,Peripherals,UKI,Retail,SMB,Zara Fontaine,7,42.05,0.05,279.63,148.96,Shipped
ORD-104182,2024-12-07,SKU-1027,Monitors,NA-E,Online,Mid-Market,Bao Alvarez,3,487.06,0.1,1315.06,994.68,Pending
ORD-100330,2024-12-08,SKU-1087,Storage,NA-E,Direct,Mid-Market,Ada Zimmerman,2,222.44,0.05,422.64,301.62,Pending
ORD-100496,2024-12-08,SKU-1084,Storage,UKI,Online,SMB,Elena Laurent,12,497.7,0.15,5076.54,4374.96,Shipped
ORD-101376,2024-12-08,SKU-1078,Networking,NA-W,Online,Enterprise,Elena Laurent,3,981.51,0,2944.53,1749.15,Returned
ORD-102790,2024-12-08,SKU-1021,Monitors,UKI,Online,Consumer,Paulo Carvalho,1,444.75,0.2,355.8,303.16,Shipped
ORD-104492,2024-12-08,SKU-1024,Monitors,LATAM,Partner,Enterprise,Ivan Kaur,3,340.87,0,1022.61,664.77,Shipped
ORD-104672,2024-12-08,SKU-1045,Peripherals,NORDIC,Direct,Enterprise,Ada Vargas,6,388.64,0.1,2098.66,1252.74,Shipped
ORD-100342,2024-12-09,SKU-1076,Networking,NA-W,Direct,SMB,Thea Zhang,1,1719.15,0.05,1633.19,1029.28,Shipped
ORD-101103,2024-12-09,SKU-1051,Peripherals,NA-E,Partner,Mid-Market,Nikolai Jensen,1,311.03,0,311.03,178.18,Pending
ORD-103148,2024-12-09,SKU-1096,Storage,NA-E,Online,SMB,Ada Vargas,2,924.54,0.05,1756.63,1329.96,Returned
ORD-103230,2024-12-09,SKU-1072,Networking,NA-W,Direct,SMB,Elena Laurent,2,593.71,0.1,1068.68,742.96,Shipped
ORD-100007,2024-12-10,SKU-1051,Peripherals,DACH,Online,SMB,Nadia Kowalski,5,311.03,0.15,1321.88,890.9,Returned
ORD-101154,2024-12-10,SKU-1078,Networking,UKI,Retail,SMB,Thea Delgado,1,981.51,0.05,932.43,583.05,Shipped
ORD-101468,2024-12-10,SKU-1018,Laptops,LATAM,Online,Mid-Market,Zara Fontaine,1,2719.05,0.05,2583.1,1773.97,Pending
ORD-102064,2024-12-10,SKU-1084,Storage,UKI,Partner,Enterprise,Elena Okafor,2,497.7,0,995.4,729.16,Shipped
ORD-102671,2024-12-10,SKU-1005,Laptops,APAC-N,Direct,Consumer,Rania Eriksen,1,1611.9,0.15,1370.12,1032.29,Shipped
ORD-100608,2024-12-11,SKU-1066,Networking,DACH,Partner,Mid-Market,Greta Haddad,6,491.43,0,2948.58,1726.14,Shipped
ORD-100651,2024-12-11,SKU-1101,Accessories,NA-E,Online,Enterprise,Zara Sorensen,3,149.25,0.25,335.81,180.15,Shipped
ORD-102556,2024-12-11,SKU-1044,Peripherals,NA-W,Partner,Mid-Market,Bao Alvarez,4,42.05,0.25,126.15,85.12,Shipped
ORD-102559,2024-12-11,SKU-1112,Accessories,LATAM,Online,Mid-Market,Zara Sorensen,1,160.4,0,160.4,73.98,Shipped
ORD-104398,2024-12-11,SKU-1021,Monitors,LATAM,Partner,Mid-Market,Fatima Bennett,2,444.75,0.05,845.02,606.32,Returned
ORD-104784,2024-12-11,SKU-1039,Monitors,UKI,Direct,Consumer,Thea Ibrahim,1,1201.03,0.05,1140.98,748.13,Shipped
ORD-100515,2024-12-12,SKU-1039,Monitors,DACH,Online,Mid-Market,Elena Okafor,2,1201.03,0,2402.06,1496.26,Shipped
ORD-101160,2024-12-12,SKU-1112,Accessories,UKI,Direct,Consumer,Adaeze Marchetti,1,160.4,0.05,152.38,73.98,Pending
ORD-101556,2024-12-12,SKU-1021,Monitors,UKI,Partner,SMB,Emeka Lindqvist,1,444.75,0.25,333.56,303.16,Shipped
ORD-101730,2024-12-12,SKU-1115,Accessories,NA-E,Online,Mid-Market,Ada Vargas,2,201.56,0,403.12,191.72,Shipped
ORD-102150,2024-12-12,SKU-1050,Peripherals,NORDIC,Direct,Enterprise,Malik Kowalski,3,335.4,0,1006.2,569.07,Pending
ORD-103459,2024-12-12,SKU-1077,Networking,APAC-N,Online,Mid-Market,Amara Dahl,2,740.62,0.05,1407.18,899.88,Returned
ORD-104073,2024-12-12,SKU-1052,Peripherals,NORDIC,Direct,SMB,Adaeze Marchetti,3,310.49,0,931.47,477.84,Shipped
ORD-103819,2024-12-13,SKU-1027,Monitors,NA-E,Online,Enterprise,Ada Vargas,1,487.06,0.25,365.3,331.56,Returned
ORD-101102,2024-12-14,SKU-1062,Networking,NA-E,Partner,Enterprise,Amara Dahl,2,864.38,0.05,1642.32,1083.38,Pending
ORD-101271,2024-12-14,SKU-1004,Laptops,DACH,Direct,SMB,Amara Dahl,2,3198.86,0.05,6077.83,4438.18,Shipped
ORD-101430,2024-12-14,SKU-1114,Accessories,DACH,Direct,Mid-Market,Thea Zhang,6,150.14,0.05,855.8,434.82,Returned
ORD-102098,2024-12-14,SKU-1020,Laptops,DACH,Direct,SMB,Emeka Weber,3,3674.26,0,11022.78,7172.16,Pending
ORD-103748,2024-12-14,SKU-1016,Laptops,APAC-N,Partner,SMB,Bao Kaur,1,3292.27,0,3292.27,2228.04,Pending
ORD-100259,2024-12-15,SKU-1009,Laptops,DACH,Retail,SMB,Zara Fontaine,2,3341.5,0,6683.0,4637.16,Shipped
ORD-102373,2024-12-15,SKU-1077,Networking,APAC-N,Online,Mid-Market,Darius Kaur,5,740.62,0,3703.1,2249.7,Shipped
ORD-102813,2024-12-15,SKU-1102,Accessories,APAC-N,Direct,Enterprise,Elena Okafor,9,198.44,0,1785.96,830.34,Shipped
ORD-102830,2024-12-15,SKU-1055,Peripherals,APAC-N,Direct,SMB,Uma Sandoval,1,77.77,0.15,66.1,39.18,Shipped
ORD-104095,2024-12-15,SKU-1078,Networking,NA-E,Online,SMB,Uma Okafor,1,981.51,0,981.51,583.05,Returned
ORD-101398,2024-12-16,SKU-1118,Accessories,UKI,Direct,Mid-Market,Bao Kaur,2,143.1,0.05,271.89,115.28,Shipped
ORD-100035,2024-12-17,SKU-1026,Monitors,NA-W,Online,SMB,Zara Fontaine,3,371.18,0,1113.54,762.06,Shipped
ORD-100469,2024-12-17,SKU-1070,Networking,NA-E,Partner,SMB,Yara Eriksen,2,1052.94,0.1,1895.29,1260.16,Shipped
ORD-101531,2024-12-17,SKU-1034,Monitors,NA-W,Retail,Consumer,Sana Lindqvist,5,511.32,0,2556.6,1578.6,Pending
ORD-103764,2024-12-17,SKU-1088,Storage,APAC-N,Direct,Consumer,Yusuf Mbeki,2,601.62,0.05,1143.08,867.86,Pending
ORD-100606,2024-12-18,SKU-1063,Networking,NA-W,Direct,Consumer,Ada Vargas,2,935.12,0,1870.24,1203.56,Returned
ORD-104070,2024-12-18,SKU-1001,Laptops,NA-W,Direct,Mid-Market,Rosa Marchetti,6,1590.48,0.25,7157.16,6732.36,Returned
ORD-104288,2024-12-18,SKU-1028,Monitors,NORDIC,Direct,Consumer,Malik Andersen,4,1296.45,0.25,3889.35,3346.28,Shipped
ORD-104674,2024-12-18,SKU-1070,Networking,APAC-N,Partner,SMB,Zara Sorensen,1,1052.94,0,1052.94,630.08,Shipped
ORD-100778,2024-12-19,SKU-1100,Storage,UKI,Partner,Mid-Market,Adaeze Marchetti,4,754.71,0.25,2264.13,1999.44,Shipped
ORD-101530,2024-12-19,SKU-1047,Peripherals,NA-W,Partner,Enterprise,Rania Kaur,5,240.32,0.25,901.2,632.9,Pending
ORD-101614,2024-12-19,SKU-1031,Monitors,NA-W,Direct,Consumer,Fatima Iversen,6,953.0,0,5718.0,4006.98,Shipped
ORD-102339,2024-12-19,SKU-1057,Peripherals,NA-E,Online,Enterprise,Hana Rossi,1,457.5,0.05,434.62,228.53,Returned
ORD-102475,2024-12-19,SKU-1064,Networking,LATAM,Direct,SMB,Thea Ibrahim,7,2008.03,0,14056.21,8527.4,Shipped
ORD-102722,2024-12-19,SKU-1105,Accessories,NA-W,Online,SMB,Petra Ibrahim,30,139.86,0.15,3566.43,1829.1,Pending
ORD-102754,2024-12-19,SKU-1087,Storage,NA-W,Online,Enterprise,Thea Zhang,14,222.44,0.05,2958.45,2111.34,Shipped
ORD-102999,2024-12-19,SKU-1063,Networking,UKI,Retail,Mid-Market,Petra Ibrahim,7,935.12,0,6545.84,4212.46,Shipped
ORD-104444,2024-12-19,SKU-1114,Accessories,NA-E,Partner,Enterprise,Emeka Lindqvist,1,150.14,0,150.14,72.47,Returned
ORD-104815,2024-12-19,SKU-1005,Laptops,NA-W,Direct,SMB,Yusuf Mbeki,2,1611.9,0,3223.8,2064.58,Returned
ORD-104936,2024-12-19,SKU-1077,Networking,NA-E,Partner,Mid-Market,Petra Ibrahim,1,740.62,0.1,666.56,449.94,Shipped
ORD-102992,2024-12-20,SKU-1100,Storage,NA-E,Direct,SMB,Thea Delgado,2,754.71,0.15,1283.01,999.72,Shipped
ORD-103738,2024-12-20,SKU-1093,Storage,UKI,Direct,Consumer,Thea Delgado,2,856.06,0.1,1540.91,1256.56,Shipped
ORD-103802,2024-12-20,SKU-1094,Storage,NORDIC,Retail,Enterprise,Fatima Bennett,1,321.11,0.05,305.05,224.89,Returned
ORD-104059,2024-12-20,SKU-1057,Peripherals,DACH,Partner,Enterprise,Petra Ibrahim,1,457.5,0.1,411.75,228.53,Shipped
ORD-104852,2024-12-20,SKU-1069,Networking,NA-E,Partner,Mid-Market,Rosa Weber,2,640.52,0,1281.04,781.24,Shipped
ORD-100336,2024-12-21,SKU-1120,Accessories,APAC-N,Online,SMB,Hana Rossi,3,210.18,0.2,504.43,258.51,Returned
ORD-101367,2024-12-21,SKU-1067,Networking,UKI,Partner,Consumer,Elena Kaur,1,254.78,0,254.78,153.76,Shipped
ORD-104431,2024-12-21,SKU-1100,Storage,LATAM,Direct,SMB,Emeka Lindqvist,3,754.71,0,2264.13,1499.58,Shipped
ORD-101768,2024-12-22,SKU-1079,Networking,LATAM,Direct,Enterprise,Bruno Zhang,7,453.79,0.15,2700.05,2007.32,Returned
ORD-103324,2024-12-22,SKU-1088,Storage,NA-E,Online,SMB,Bruno Zhang,1,601.62,0,601.62,433.93,Pending
ORD-103354,2024-12-22,SKU-1094,Storage,DACH,Direct,Mid-Market,Ada Singh,6,321.11,0.05,1830.33,1349.34,Pending
ORD-103664,2024-12-22,SKU-1084,Storage,NA-E,Retail,Mid-Market,Uma Okafor,2,497.7,0,995.4,729.16,Shipped
ORD-104268,2024-12-22,SKU-1090,Storage,NA-W,Direct,SMB,Nadia Kowalski,1,853.08,0.25,639.81,563.34,Shipped
ORD-104297,2024-12-23,SKU-1026,Monitors,NA-E,Direct,Mid-Market,Bao Alvarez,1,371.18,0,371.18,254.02,Returned
ORD-100554,2024-12-24,SKU-1014,Laptops,NORDIC,Online,SMB,Chen Iversen,2,1949.83,0,3899.66,2643.02,Shipped
ORD-100982,2024-12-24,SKU-1002,Laptops,DACH,Online,Enterprise,Thea Delgado,5,3368.08,0.1,15156.36,11498.65,Returned
ORD-101023,2024-12-24,SKU-1050,Peripherals,NA-E,Direct,Enterprise,Elena Okafor,2,335.4,0.05,637.26,379.38,Shipped
ORD-101395,2024-12-24,SKU-1095,Storage,UKI,Partner,Consumer,Wei Tanaka,4,537.52,0.1,1935.07,1540.68,Returned
ORD-101677,2024-12-24,SKU-1076,Networking,DACH,Online,SMB,Yusuf Mbeki,1,1719.15,0.05,1633.19,1029.28,Shipped
ORD-102588,2024-12-24,SKU-1053,Peripherals,NA-E,Retail,Mid-Market,Emeka Weber,6,417.51,0.2,2004.05,1299.36,Shipped
ORD-103530,2024-12-24,SKU-1086,Storage,NA-E,Direct,Mid-Market,Thea Delgado,1,1066.03,0,1066.03,706.44,Returned
ORD-103640,2024-12-24,SKU-1053,Peripherals,NA-E,Partner,Consumer,Rosa Marchetti,7,417.51,0.1,2630.31,1515.92,Returned
ORD-100582,2024-12-25,SKU-1002,Laptops,APAC-N,Direct,Enterprise,Elena Okafor,1,3368.08,0.05,3199.68,2299.73,Shipped
ORD-102110,2024-12-25,SKU-1035,Monitors,NA-E,Online,Enterprise,Hana Rossi,7,1114.67,0.1,7022.42,5341.07,Shipped
ORD-103988,2024-12-25,SKU-1016,Laptops,UKI,Direct,Mid-Market,Malik Andersen,1,3292.27,0.15,2798.43,2228.04,Shipped
ORD-104867,2024-12-25,SKU-1091,Storage,NA-E,Direct,Enterprise,Rania Eriksen,1,949.67,0.15,807.22,699.51,Shipped
ORD-100922,2024-12-26,SKU-1035,Monitors,NA-W,Direct,SMB,Yara Eriksen,1,1114.67,0.2,891.74,763.01,Shipped
ORD-101902,2024-12-26,SKU-1110,Accessories,NA-E,Online,SMB,Bruno Zhang,3,50.0,0.1,135.0,71.94,Shipped
ORD-102335,2024-12-26,SKU-1042,Peripherals,APAC-N,Partner,Enterprise,Malik Andersen,6,84.72,0,508.32,279.06,Shipped
ORD-104133,2024-12-26,SKU-1021,Monitors,NA-W,Direct,Enterprise,Petra Ibrahim,2,444.75,0,889.5,606.32,Returned
ORD-104248,2024-12-26,SKU-1002,Laptops,APAC-N,Online,Mid-Market,Nikolai Jensen,2,3368.08,0,6736.16,4599.46,Shipped
ORD-102689,2024-12-27,SKU-1030,Monitors,APAC-S,Direct,Consumer,Sana Lindqvist,4,756.24,0,3024.96,2088.8,Shipped
ORD-102798,2024-12-27,SKU-1097,Storage,UKI,Direct,SMB,Rania Kaur,1,176.34,0.15,149.89,133.35,Shipped
ORD-103053,2024-12-27,SKU-1022,Monitors,APAC-S,Online,Enterprise,Rania Kaur,1,296.21,0.05,281.4,195.26,Returned
ORD-104804,2024-12-27,SKU-1080,Networking,APAC-N,Online,Mid-Market,Yara Eriksen,3,788.65,0.15,2011.06,1549.89,Shipped
ORD-100074,2024-12-28,SKU-1059,Peripherals,NA-W,Online,Mid-Market,Paulo Carvalho,1,294.39,0,294.39,144.83,Shipped
ORD-100436,2024-12-28,SKU-1097,Storage,APAC-N,Online,Enterprise,Thea Ibrahim,6,176.34,0.05,1005.14,800.1,Shipped
ORD-100657,2024-12-28,SKU-1017,Laptops,NORDIC,Partner,Consumer,Greta Haddad,1,3083.45,0.25,2312.59,2180.49,Shipped
ORD-101578,2024-12-28,SKU-1002,Laptops,APAC-S,Online,SMB,Malik Andersen,4,3368.08,0,13472.32,9198.92,Shipped
ORD-102134,2024-12-28,SKU-1091,Storage,NA-W,Partner,SMB,Rania Eriksen,2,949.67,0.05,1804.37,1399.02,Shipped
ORD-103625,2024-12-28,SKU-1108,Accessories,NA-W,Partner,SMB,Rania Eriksen,6,111.01,0.2,532.85,287.64,Shipped
ORD-103845,2024-12-28,SKU-1015,Laptops,NA-E,Online,Consumer,Ivan Kaur,1,1315.81,0.1,1184.23,924.69,Shipped
ORD-103876,2024-12-28,SKU-1071,Networking,NA-E,Online,Enterprise,Ada Singh,2,827.39,0.05,1572.04,1057.42,Shipped
ORD-104274,2024-12-28,SKU-1097,Storage,APAC-S,Online,Consumer,Nikolai Jensen,10,176.34,0,1763.4,1333.5,Pending
ORD-100051,2024-12-29,SKU-1071,Networking,NA-W,Online,SMB,Malik Kowalski,6,827.39,0.1,4467.91,3172.26,Shipped
ORD-102367,2024-12-29,SKU-1071,Networking,APAC-S,Online,Mid-Market,Thea Zhang,2,827.39,0,1654.78,1057.42,Shipped
ORD-102612,2024-12-29,SKU-1107,Accessories,NORDIC,Direct,Consumer,Elena Laurent,4,92.86,0.05,352.87,150.88,Returned
ORD-104190,2024-12-30,SKU-1114,Accessories,NA-W,Online,Consumer,Amara Dahl,1,150.14,0.2,120.11,72.47,Shipped
ORD-104569,2024-12-30,SKU-1079,Networking,NA-E,Online,Consumer,Rosa Weber,3,453.79,0,1361.37,860.28,Shipped
ORD-100090,2024-12-31,SKU-1029,Monitors,NORDIC,Partner,Mid-Market,Uma Sandoval,8,438.72,0.15,2983.3,2299.36,Pending
ORD-101585,2024-12-31,SKU-1086,Storage,UKI,Partner,Enterprise,Bao Kaur,1,1066.03,0.1,959.43,706.44,Shipped
ORD-103853,2024-12-31,SKU-1066,Networking,NA-E,Online,Consumer,Ada Singh,2,491.43,0.2,786.29,575.38,Pending
ORD-100674,2025-01-01,SKU-1111,Accessories,NA-E,Direct,SMB,Rosa Weber,7,118.52,0,829.64,354.69,Shipped
ORD-100677,2025-01-01,SKU-1109,Accessories,UKI,Online,Mid-Market,Amara Dahl,4,131.89,0.05,501.18,237.72,Shipped
ORD-101698,2025-01-01,SKU-1003,Laptops,NA-E,Partner,Mid-Market,Bao Kaur,4,2349.75,0.2,7519.2,6049.48,Shipped
ORD-101983,2025-01-01,SKU-1028,Monitors,DACH,Online,SMB,Nikolai Jensen,1,1296.45,0.1,1166.81,836.57,Shipped
ORD-102974,2025-01-01,SKU-1088,Storage,NA-W,Direct,SMB,Hana Rossi,2,601.62,0.25,902.43,867.86,Shipped
ORD-103980,2025-01-01,SKU-1106,Accessories,NA-E,Direct,Mid-Market,Fatima Dahl,1,179.48,0.05,170.51,81.37,Pending
ORD-104546,2025-01-01,SKU-1061,Networking,NA-W,Direct,SMB,Yusuf Fontaine,2,1191.4,0.2,1906.24,1391.98,Shipped
ORD-104886,2025-01-01,SKU-1041,Peripherals,APAC-N,Partner,Enterprise,Ada Vargas,1,371.64,0.1,334.48,211.27,Shipped
ORD-102484,2025-01-02,SKU-1066,Networking,NA-E,Online,SMB,Uma Okafor,3,491.43,0.2,1179.43,863.07,Shipped
ORD-104591,2025-01-02,SKU-1107,Accessories,LATAM,Retail,Mid-Market,Ada Vargas,1,92.86,0.15,78.93,37.72,Shipped
ORD-104639,2025-01-02,SKU-1017,Laptops,NA-W,Online,Mid-Market,Fatima Dahl,1,3083.45,0,3083.45,2180.49,Returned
ORD-104912,2025-01-02,SKU-1106,Accessories,NA-W,Direct,Enterprise,Fatima Bennett,1,179.48,0.05,170.51,81.37,Shipped
ORD-104917,2025-01-02,SKU-1062,Networking,NA-W,Partner,Consumer,Bruno Zhang,5,864.38,0,4321.9,2708.45,Shipped
ORD-100211,2025-01-03,SKU-1112,Accessories,NA-E,Direct,SMB,Yusuf Mbeki,5,160.4,0,802.0,369.9,Shipped
ORD-100261,2025-01-03,SKU-1056,Peripherals,UKI,Online,Mid-Market,Amara Dahl,13,45.14,0.2,469.46,294.06,Shipped
ORD-101636,2025-01-03,SKU-1088,Storage,NA-E,Retail,Mid-Market,Hana Rossi,3,601.62,0.1,1624.37,1301.79,Shipped
ORD-102397,2025-01-03,SKU-1049,Peripherals,APAC-N,Partner,Mid-Market,Nikolai Jensen,1,426.32,0.05,405.0,231.11,Shipped
ORD-103214,2025-01-03,SKU-1038,Monitors,NORDIC,Direct,SMB,Zara Fontaine,2,829.48,0.2,1327.17,1108.66,Shipped
ORD-101024,2025-01-04,SKU-1080,Networking,NA-W,Partner,Enterprise,Emeka Lindqvist,4,788.65,0.15,2681.41,2066.52,Shipped
ORD-104947,2025-01-04,SKU-1023,Monitors,NA-E,Direct,SMB,Amara Dahl,1,1366.21,0,1366.21,898.81,Shipped
ORD-100221,2025-01-05,SKU-1118,Accessories,NA-E,Retail,Mid-Market,Uma Okafor,7,143.1,0.25,751.27,403.48,Shipped
ORD-101939,2025-01-05,SKU-1053,Peripherals,DACH,Retail,Mid-Market,Darius Kaur,2,417.51,0.25,626.26,433.12,Shipped
ORD-102026,2025-01-05,SKU-1108,Accessories,DACH,Direct,Mid-Market,Rosa Weber,2,111.01,0.05,210.92,95.88,Shipped
ORD-102692,2025-01-05,SKU-1025,Monitors,NA-W,Direct,Mid-Market,Chen Iversen,3,577.77,0.2,1386.65,1194.03,Returned
ORD-103972,2025-01-05,SKU-1022,Monitors,NA-W,Partner,Mid-Market,Malik Kowalski,4,296.21,0.05,1125.6,781.04,Shipped
ORD-104626,2025-01-05,SKU-1048,Peripherals,NA-E,Online,Enterprise,Hana Rossi,1,405.97,0.2,324.78,200.64,Shipped
ORD-100603,2025-01-06,SKU-1058,Peripherals,APAC-N,Online,SMB,Chen Iversen,2,410.18,0,820.36,443.74,Shipped
ORD-102161,2025-01-06,SKU-1077,Networking,DACH,Partner,Mid-Market,Elena Laurent,1,740.62,0.2,592.5,449.94,Shipped
ORD-102572,2025-01-06,SKU-1003,Laptops,NA-E,Online,Mid-Market,Kwame Abara,1,2349.75,0,2349.75,1512.37,Pending
ORD-103333,2025-01-06,SKU-1097,Storage,APAC-S,Direct,Mid-Market,Hana Rossi,2,176.34,0.25,264.51,266.7,Pending
ORD-103622,2025-01-06,SKU-1033,Monitors,DACH,Retail,SMB,Malik Kowalski,3,617.73,0.1,1667.87,1200.75,Shipped
ORD-104782,2025-01-06,SKU-1022,Monitors,NA-E,Online,SMB,Emeka Weber,1,296.21,0.05,281.4,195.26,Shipped
ORD-100082,2025-01-07,SKU-1012,Laptops,NA-E,Partner,SMB,Ada Singh,3,3047.46,0,9142.38,6307.17,Shipped
ORD-100680,2025-01-07,SKU-1017,Laptops,NA-W,Direct,SMB,Emeka Lindqvist,19,3083.45,0.2,46868.44,41429.31,Shipped
ORD-101456,2025-01-07,SKU-1034,Monitors,NA-E,Partner,SMB,Yara Eriksen,3,511.32,0.05,1457.26,947.16,Shipped
ORD-102158,2025-01-07,SKU-1111,Accessories,NA-E,Retail,Enterprise,Rania Kaur,2,118.52,0.05,225.19,101.34,Shipped
ORD-102280,2025-01-07,SKU-1110,Accessories,UKI,Direct,SMB,Fatima Iversen,1,50.0,0.15,42.5,23.98,Shipped
ORD-103854,2025-01-07,SKU-1119,Accessories,NA-W,Partner,Enterprise,Elena Okafor,1,84.73,0.05,80.49,41.56,Shipped
ORD-104219,2025-01-07,SKU-1095,Storage,NA-E,Retail,Mid-Market,Malik Andersen,1,537.52,0,537.52,385.17,Shipped
ORD-104680,2025-01-07,SKU-1002,Laptops,NA-W,Online,SMB,Ada Singh,3,3368.08,0.05,9599.03,6899.19,Pending
ORD-101987,2025-01-08,SKU-1079,Networking,NA-E,Direct,SMB,Sana Lindqvist,8,453.79,0.2,2904.26,2294.08,Shipped
ORD-102503,2025-01-08,SKU-1095,Storage,LATAM,Direct,Mid-Market,Ada Singh,6,537.52,0.2,2580.1,2311.02,Shipped
ORD-103600,2025-01-08,SKU-1006,Laptops,LATAM,Online,SMB,Nadia Kowalski,3,2229.97,0.2,5351.93,4451.49,Shipped
ORD-104403,2025-01-08,SKU-1054,Peripherals,UKI,Retail,Consumer,Wei Tanaka,1,210.36,0.05,199.84,104.59,Shipped
ORD-103186,2025-01-09,SKU-1085,Storage,NA-W,Online,Enterprise,Chen Iversen,1,163.55,0.2,130.84,123.38,Shipped
ORD-103293,2025-01-09,SKU-1016,Laptops,NA-W,Online,Mid-Market,Viktor Zhang,4,3292.27,0.1,11852.17,8912.16,Shipped
ORD-103747,2025-01-09,SKU-1097,Storage,APAC-S,Partner,Mid-Market,Elena Kaur,11,176.34,0.1,1745.77,1466.85,Shipped
ORD-104580,2025-01-09,SKU-1036,Monitors,LATAM,Partner,Enterprise,Rosa Weber,2,1180.66,0.15,2007.12,1534.66,Pending
ORD-104649,2025-01-09,SKU-1026,Monitors,APAC-N,Online,SMB,Sana Lindqvist,1,371.18,0.25,278.38,254.02,Pending
ORD-104730,2025-01-09,SKU-1087,Storage,NA-E,Online,Consumer,Ivan Kaur,3,222.44,0.05,633.95,452.43,Returned
ORD-101372,2025-01-10,SKU-1102,Accessories,NORDIC,Direct,SMB,Kwame Abara,1,198.44,0.1,178.6,92.26,Shipped
ORD-101712,2025-01-10,SKU-1094,Storage,UKI,Online,Enterprise,Fatima Iversen,1,321.11,0,321.11,224.89,Shipped
ORD-102018,2025-01-10,SKU-1008,Laptops,DACH,Retail,SMB,Wei Tanaka,5,2860.19,0.1,12870.86,9949.65,Shipped
ORD-102297,2025-01-10,SKU-1035,Monitors,NA-E,Direct,Mid-Market,Elena Laurent,4,1114.67,0.15,3789.88,3052.04,Returned
ORD-102721,2025-01-10,SKU-1096,Storage,NORDIC,Online,SMB,Viktor Zhang,3,924.54,0.1,2496.26,1994.94,Returned
ORD-104221,2025-01-10,SKU-1023,Monitors,APAC-N,Direct,Consumer,Rosa Marchetti,2,1366.21,0.05,2595.8,1797.62,Shipped
ORD-100410,2025-01-11,SKU-1096,Storage,LATAM,Online,Enterprise,Emeka Lindqvist,1,924.54,0.1,832.09,664.98,Shipped
ORD-101624,2025-01-11,SKU-1075,Networking,APAC-N,Direct,Enterprise,Elena Kaur,2,1273.44,0.15,2164.85,1473.74,Returned
ORD-101691,2025-01-11,SKU-1018,Laptops,NA-E,Direct,Mid-Market,Darius Kaur,2,2719.05,0.2,4350.48,3547.94,Shipped
ORD-102005,2025-01-11,SKU-1043,Peripherals,LATAM,Direct,SMB,Kwame Abara,1,212.9,0.25,159.68,113.15,Shipped
ORD-104893,2025-01-11,SKU-1069,Networking,DACH,Online,SMB,Yusuf Fontaine,1,640.52,0.1,576.47,390.62,Shipped
ORD-104907,2025-01-11,SKU-1093,Storage,NORDIC,Online,Mid-Market,Chen Iversen,1,856.06,0.15,727.65,628.28,Shipped
ORD-102380,2025-01-12,SKU-1045,Peripherals,NORDIC,Online,Mid-Market,Malik Andersen,1,388.64,0,388.64,208.79,Shipped
ORD-102422,2025-01-12,SKU-1029,Monitors,NA-W,Partner,Consumer,Greta Haddad,3,438.72,0,1316.16,862.26,Shipped
ORD-102490,2025-01-12,SKU-1099,Storage,UKI,Direct,Enterprise,Malik Kowalski,5,881.67,0,4408.35,2969.45,Shipped
ORD-102953,2025-01-12,SKU-1096,Storage,NA-W,Retail,SMB,Rania Eriksen,1,924.54,0.05,878.31,664.98,Returned
ORD-103092,2025-01-12,SKU-1040,Monitors,NA-E,Direct,SMB,Rania Kaur,9,519.33,0.2,3739.18,3102.57,Shipped
ORD-104197,2025-01-12,SKU-1013,Laptops,UKI,Direct,Mid-Market,Bao Kaur,4,2073.19,0.15,7048.85,5562.6,Pending
ORD-104690,2025-01-12,SKU-1060,Peripherals,APAC-N,Partner,Consumer,Uma Sandoval,2,299.52,0.05,569.09,339.3,Pending
ORD-104862,2025-01-12,SKU-1011,Laptops,APAC-S,Online,Mid-Market,Greta Haddad,3,2304.08,0.05,6566.63,4467.9,Shipped
ORD-103598,2025-01-13,SKU-1025,Monitors,UKI,Online,SMB,Fatima Bennett,5,577.77,0,2888.85,1990.05,Returned
ORD-104072,2025-01-13,SKU-1057,Peripherals,NORDIC,Online,SMB,Nadia Kowalski,4,457.5,0.15,1555.5,914.12,Shipped
ORD-100977,2025-01-14,SKU-1086,Storage,UKI,Direct,Mid-Market,Elena Kaur,2,1066.03,0,2132.06,1412.88,Shipped
ORD-103971,2025-01-14,SKU-1118,Accessories,LATAM,Partner,Mid-Market,Chen Iversen,10,143.1,0.1,1287.9,576.4,Shipped
ORD-100555,2025-01-15,SKU-1038,Monitors,NA-E,Partner,SMB,Elena Kaur,4,829.48,0.15,2820.23,2217.32,Shipped
ORD-101310,2025-01-15,SKU-1114,Accessories,DACH,Direct,Mid-Market,Viktor Zhang,4,150.14,0.25,450.42,289.88,Returned
ORD-102001,2025-01-15,SKU-1111,Accessories,LATAM,Online,SMB,Kwame Abara,11,118.52,0,1303.72,557.37,Returned
ORD-102145,2025-01-15,SKU-1106,Accessories,DACH,Online,SMB,Malik Andersen,2,179.48,0.1,323.06,162.74,Shipped
ORD-103239,2025-01-15,SKU-1049,Peripherals,NA-E,Direct,Mid-Market,Malik Andersen,10,426.32,0.1,3836.88,2311.1,Returned
ORD-103361,2025-01-15,SKU-1029,Monitors,NA-W,Online,Consumer,Rania Kaur,1,438.72,0,438.72,287.42,Shipped
ORD-100188,2025-01-16,SKU-1008,Laptops,NA-E,Direct,SMB,Malik Andersen,6,2860.19,0,17161.14,11939.58,Pending
ORD-100611,2025-01-16,SKU-1014,Laptops,APAC-N,Retail,Mid-Market,Bruno Zhang,3,1949.83,0.2,4679.59,3964.53,Shipped
ORD-100623,2025-01-16,SKU-1041,Peripherals,DACH,Partner,Enterprise,Yara Eriksen,1,371.64,0,371.64,211.27,Shipped
ORD-103217,2025-01-16,SKU-1106,Accessories,NA-E,Direct,Enterprise,Uma Okafor,1,179.48,0.2,143.58,81.37,Shipped
ORD-103506,2025-01-16,SKU-1044,Peripherals,NA-W,Direct,Enterprise,Thea Ibrahim,4,42.05,0,168.2,85.12,Shipped
ORD-103954,2025-01-16,SKU-1039,Monitors,LATAM,Retail,Consumer,Greta Haddad,1,1201.03,0.15,1020.88,748.13,Shipped
ORD-101716,2025-01-17,SKU-1061,Networking,NA-E,Direct,Consumer,Nikolai Jensen,5,1191.4,0.25,4467.75,3479.95,Shipped
ORD-103515,2025-01-17,SKU-1076,Networking,NA-W,Partner,SMB,Elena Okafor,2,1719.15,0,3438.3,2058.56,Shipped
ORD-102037,2025-01-18,SKU-1056,Peripherals,NORDIC,Partner,SMB,Rania Eriksen,2,45.14,0.1,81.25,45.24,Pending
ORD-102074,2025-01-18,SKU-1109,Accessories,LATAM,Partner,SMB,Yusuf Fontaine,6,131.89,0.05,751.77,356.58,Shipped
ORD-102838,2025-01-18,SKU-1101,Accessories,NA-E,Partner,Consumer,Amara Dahl,4,149.25,0.2,477.6,240.2,Pending
ORD-103169,2025-01-18,SKU-1027,Monitors,DACH,Online,Mid-Market,Ada Vargas,1,487.06,0.15,414.0,331.56,Shipped
ORD-101026,2025-01-19,SKU-1116,Accessories,NORDIC,Direct,Consumer,Elena Okafor,1,147.71,0.05,140.32,72.53,Shipped
ORD-101969,2025-01-19,SKU-1007,Laptops,APAC-N,Partner,SMB,Bao Kaur,4,1513.38,0.15,5145.49,4246.96,Shipped
ORD-102315,2025-01-19,SKU-1011,Laptops,NA-W,Partner,Mid-Market,Fatima Bennett,1,2304.08,0.05,2188.88,1489.3,Shipped
ORD-102799,2025-01-19,SKU-1109,Accessories,NA-E,Partner,Enterprise,Fatima Bennett,2,131.89,0.2,211.02,118.86,Pending
ORD-100881,2025-01-20,SKU-1112,Accessories,UKI,Partner,Enterprise,Zara Fontaine,1,160.4,0,160.4,73.98,Pending
ORD-101016,2025-01-20,SKU-1005,Laptops,APAC-N,Direct,Enterprise,Bruno Zhang,1,1611.9,0.25,1208.93,1032.29,Pending
ORD-101277,2025-01-20,SKU-1029,Monitors,APAC-S,Partner,Mid-Market,Thea Delgado,5,438.72,0.1,1974.24,1437.1,Shipped
ORD-101957,2025-01-20,SKU-1059,Peripherals,NORDIC,Direct,SMB,Malik Kowalski,1,294.39,0,294.39,144.83,Shipped
ORD-102066,2025-01-20,SKU-1036,Monitors,UKI,Online,SMB,Thea Ibrahim,6,1180.66,0,7083.96,4603.98,Shipped
ORD-102143,2025-01-20,SKU-1058,Peripherals,NA-E,Partner,SMB,Elena Laurent,3,410.18,0.15,1045.96,665.61,Pending
ORD-104980,2025-01-20,SKU-1032,Monitors,NA-W,Partner,Consumer,Bao Alvarez,1,929.07,0,929.07,585.49,Pending
ORD-101750,2025-01-21,SKU-1064,Networking,DACH,Retail,Enterprise,Bao Kaur,2,2008.03,0,4016.06,2436.4,Shipped
ORD-103040,2025-01-21,SKU-1113,Accessories,NA-E,Direct,Consumer,Rosa Marchetti,4,23.87,0.2,76.38,41.8,Returned
ORD-103182,2025-01-21,SKU-1027,Monitors,NA-W,Partner,SMB,Rania Eriksen,1,487.06,0.25,365.3,331.56,Returned
ORD-100591,2025-01-22,SKU-1042,Peripherals,NA-W,Online,SMB,Thea Zhang,1,84.72,0.15,72.01,46.51,Shipped
ORD-101697,2025-01-22,SKU-1079,Networking,UKI,Direct,Consumer,Malik Eriksen,5,453.79,0.05,2155.5,1433.8,Pending
ORD-101887,2025-01-22,SKU-1029,Monitors,APAC-N,Online,Mid-Market,Adaeze Marchetti,12,438.72,0.2,4211.71,3449.04,Shipped
ORD-103633,2025-01-22,SKU-1015,Laptops,LATAM,Retail,Mid-Market,Emeka Lindqvist,5,1315.81,0.15,5592.19,4623.45,Shipped
ORD-104039,2025-01-22,SKU-1077,Networking,APAC-S,Online,Enterprise,Malik Andersen,5,740.62,0.05,3517.94,2249.7,Shipped
ORD-104400,2025-01-22,SKU-1005,Laptops,NORDIC,Direct,Mid-Market,Paulo Carvalho,3,1611.9,0,4835.7,3096.87,Shipped
ORD-100685,2025-01-23,SKU-1014,Laptops,DACH,Partner,SMB,Thea Zhang,1,1949.83,0.2,1559.86,1321.51,Returned
ORD-101692,2025-01-23,SKU-1111,Accessories,NA-W,Retail,Enterprise,Kwame Abara,8,118.52,0.05,900.75,405.36,Pending
ORD-102415,2025-01-23,SKU-1011,Laptops,NA-W,Partner,SMB,Rania Kaur,6,2304.08,0.05,13133.26,8935.8,Shipped
ORD-100844,2025-01-24,SKU-1042,Peripherals,NA-W,Direct,Mid-Market,Elena Kaur,24,84.72,0,2033.28,1116.24,Shipped
ORD-103080,2025-01-24,SKU-1065,Networking,NA-E,Online,Enterprise,Malik Kowalski,5,417.19,0,2085.95,1196.2,Pending
ORD-100039,2025-01-25,SKU-1063,Networking,NA-W,Partner,Mid-Market,Paulo Carvalho,6,935.12,0.25,4208.04,3610.68,Shipped
ORD-101427,2025-01-25,SKU-1088,Storage,LATAM,Direct,Mid-Market,Malik Eriksen,2,601.62,0,1203.24,867.86,Pending
ORD-103411,2025-01-25,SKU-1080,Networking,APAC-N,Online,SMB,Malik Eriksen,1,788.65,0.2,630.92,516.63,Shipped
ORD-101313,2025-01-26,SKU-1001,Laptops,LATAM,Direct,Enterprise,Thea Delgado,9,1590.48,0.1,12882.89,10098.54,Shipped
ORD-102330,2025-01-26,SKU-1098,Storage,UKI,Online,SMB,Uma Okafor,9,587.94,0,5291.46,3664.53,Returned
ORD-102725,2025-01-26,SKU-1110,Accessories,NA-W,Partner,SMB,Yusuf Mbeki,7,50.0,0.05,332.5,167.86,Shipped
ORD-102800,2025-01-26,SKU-1113,Accessories,UKI,Partner,SMB,Thea Zhang,2,23.87,0.05,45.35,20.9,Shipped
ORD-102460,2025-01-27,SKU-1007,Laptops,LATAM,Partner,Consumer,Malik Kowalski,2,1513.38,0.05,2875.42,2123.48,Shipped
ORD-102494,2025-01-27,SKU-1104,Accessories,DACH,Online,Enterprise,Bao Kaur,2,40.52,0,81.04,38.68,Shipped
ORD-102756,2025-01-27,SKU-1015,Laptops,APAC-N,Retail,Mid-Market,Yusuf Fontaine,2,1315.81,0,2631.62,1849.38,Shipped
ORD-100444,2025-01-28,SKU-1032,Monitors,DACH,Online,SMB,Zara Sorensen,6,929.07,0,5574.42,3512.94,Pending
ORD-101007,2025-01-28,SKU-1002,Laptops,LATAM,Partner,Mid-Market,Elena Kaur,6,3368.08,0.05,19198.06,13798.38,Shipped
ORD-101670,2025-01-28,SKU-1076,Networking,APAC-S,Partner,Mid-Market,Uma Sandoval,8,1719.15,0.05,13065.54,8234.24,Returned
ORD-102116,2025-01-28,SKU-1101,Accessories,APAC-N,Direct,SMB,Thea Ibrahim,5,149.25,0.1,671.62,300.25,Shipped
ORD-103140,2025-01-28,SKU-1072,Networking,NA-W,Online,Mid-Market,Thea Ibrahim,7,593.71,0,4155.97,2600.36,Returned
ORD-103222,2025-01-28,SKU-1005,Laptops,NA-W,Partner,Consumer,Emeka Weber,9,1611.9,0,14507.1,9290.61,Shipped
ORD-104779,2025-01-28,SKU-1078,Networking,NA-W,Online,Mid-Market,Hana Rossi,2,981.51,0.05,1864.87,1166.1,Shipped
ORD-100012,2025-01-29,SKU-1045,Peripherals,NA-W,Direct,Mid-Market,Elena Okafor,7,388.64,0,2720.48,1461.53,Returned
ORD-100771,2025-01-29,SKU-1096,Storage,DACH,Direct,SMB,Rania Kaur,1,924.54,0,924.54,664.98,Pending
ORD-100906,2025-01-29,SKU-1009,Laptops,DACH,Partner,Mid-Market,Yara Eriksen,8,3341.5,0,26732.0,18548.64,Pending
ORD-103703,2025-01-29,SKU-1013,Laptops,UKI,Direct,Consumer,Yusuf Mbeki,1,2073.19,0.15,1762.21,1390.65,Pending
ORD-103844,2025-01-29,SKU-1069,Networking,DACH,Partner,Consumer,Chen Iversen,1,640.52,0.2,512.42,390.62,Shipped
ORD-100130,2025-01-30,SKU-1042,Peripherals,DACH,Direct,Enterprise,Ada Zimmerman,1,84.72,0.2,67.78,46.51,Shipped
ORD-100190,2025-01-30,SKU-1034,Monitors,NA-E,Direct,SMB,Wei Tanaka,1,511.32,0.15,434.62,315.72,Shipped
ORD-100738,2025-01-30,SKU-1084,Storage,NORDIC,Partner,Mid-Market,Malik Eriksen,13,497.7,0.2,5176.08,4739.54,Returned
ORD-101680,2025-01-30,SKU-1074,Networking,UKI,Direct,SMB,Rania Eriksen,14,192.25,0.15,2287.78,1692.18,Pending
ORD-102589,2025-01-30,SKU-1039,Monitors,APAC-S,Online,Mid-Market,Ada Vargas,7,1201.03,0.05,7986.85,5236.91,Shipped
ORD-102878,2025-01-30,SKU-1086,Storage,NA-E,Partner,SMB,Sana Lindqvist,2,1066.03,0.15,1812.25,1412.88,Shipped
ORD-104547,2025-01-30,SKU-1070,Networking,APAC-N,Online,SMB,Elena Laurent,1,1052.94,0.2,842.35,630.08,Shipped
ORD-104633,2025-01-30,SKU-1093,Storage,NORDIC,Direct,SMB,Yusuf Fontaine,3,856.06,0.05,2439.77,1884.84,Pending
ORD-101038,2025-01-31,SKU-1083,Storage,NA-W,Direct,Mid-Market,Darius Kaur,8,132.45,0,1059.6,713.68,Shipped
ORD-101041,2025-01-31,SKU-1105,Accessories,NA-W,Direct,Mid-Market,Hana Rossi,10,139.86,0,1398.6,609.7,Shipped
ORD-103032,2025-01-31,SKU-1070,Networking,NORDIC,Online,Mid-Market,Kwame Abara,12,1052.94,0,12635.28,7560.96,Returned
ORD-100141,2025-02-01,SKU-1099,Storage,APAC-N,Retail,Enterprise,Greta Haddad,3,881.67,0.15,2248.26,1781.67,Shipped
ORD-103914,2025-02-01,SKU-1045,Peripherals,DACH,Direct,SMB,Yusuf Mbeki,1,388.64,0,388.64,208.79,Shipped
ORD-104079,2025-02-01,SKU-1081,Storage,APAC-N,Partner,Mid-Market,Ivan Kaur,4,427.43,0.05,1624.23,1183.12,Shipped
ORD-104189,2025-02-01,SKU-1060,Peripherals,NA-W,Direct,SMB,Thea Delgado,2,299.52,0.15,509.18,339.3,Shipped
ORD-104239,2025-02-01,SKU-1052,Peripherals,NA-W,Direct,Mid-Market,Yusuf Fontaine,1,310.49,0.2,248.39,159.28,Returned
ORD-101415,2025-02-02,SKU-1047,Peripherals,UKI,Partner,Consumer,Yusuf Mbeki,6,240.32,0.15,1225.63,759.48,Shipped
ORD-101800,2025-02-02,SKU-1018,Laptops,NA-W,Partner,Mid-Market,Fatima Iversen,9,2719.05,0.25,18353.59,15965.73,Shipped
ORD-101812,2025-02-02,SKU-1027,Monitors,LATAM,Direct,SMB,Zara Sorensen,5,487.06,0,2435.3,1657.8,Shipped
ORD-102730,2025-02-02,SKU-1082,Storage,LATAM,Online,Mid-Market,Ivan Kaur,10,199.64,0.1,1796.76,1403.2,Shipped
ORD-103262,2025-02-02,SKU-1008,Laptops,NA-E,Online,SMB,Emeka Weber,1,2860.19,0,2860.19,1989.93,Shipped
ORD-100707,2025-02-03,SKU-1083,Storage,LATAM,Partner,SMB,Emeka Lindqvist,5,132.45,0,662.25,446.05,Shipped
ORD-101580,2025-02-03,SKU-1078,Networking,APAC-S,Partner,SMB,Zara Fontaine,1,981.51,0,981.51,583.05,Shipped
ORD-101849,2025-02-03,SKU-1059,Peripherals,NA-W,Direct,SMB,Fatima Dahl,2,294.39,0,588.78,289.66,Shipped
ORD-101942,2025-02-03,SKU-1081,Storage,UKI,Retail,SMB,Hana Rossi,2,427.43,0.05,812.12,591.56,Pending
ORD-102792,2025-02-03,SKU-1085,Storage,UKI,Online,SMB,Chen Iversen,7,163.55,0,1144.85,863.66,Shipped
ORD-104132,2025-02-03,SKU-1081,Storage,NA-E,Online,Consumer,Zara Fontaine,3,427.43,0,1282.29,887.34,Returned
ORD-102452,2025-02-04,SKU-1012,Laptops,NORDIC,Online,Consumer,Rania Eriksen,4,3047.46,0.05,11580.35,8409.56,Pending
ORD-103777,2025-02-04,SKU-1038,Monitors,UKI,Partner,SMB,Thea Zhang,3,829.48,0,2488.44,1662.99,Shipped
ORD-100479,2025-02-05,SKU-1053,Peripherals,NA-E,Online,SMB,Thea Zhang,1,417.51,0.05,396.63,216.56,Shipped
ORD-100927,2025-02-05,SKU-1023,Monitors,NA-E,Online,SMB,Emeka Lindqvist,6,1366.21,0.05,7787.4,5392.86,Shipped
ORD-103175,2025-02-05,SKU-1045,Peripherals,NA-W,Direct,Enterprise,Chen Iversen,1,388.64,0,388.64,208.79,Shipped
ORD-103624,2025-02-06,SKU-1038,Monitors,NA-W,Direct,Mid-Market,Bao Kaur,2,829.48,0,1658.96,1108.66,Shipped
ORD-100848,2025-02-07,SKU-1017,Laptops,APAC-S,Online,SMB,Thea Zhang,2,3083.45,0,6166.9,4360.98,Shipped
ORD-101267,2025-02-07,SKU-1092,Storage,UKI,Online,Enterprise,Elena Okafor,1,227.16,0.1,204.44,160.65,Shipped
ORD-102499,2025-02-07,SKU-1120,Accessories,NA-E,Direct,Enterprise,Uma Sandoval,2,210.18,0,420.36,172.34,Shipped
ORD-104357,2025-02-07,SKU-1088,Storage,UKI,Direct,Mid-Market,Ada Zimmerman,1,601.62,0.1,541.46,433.93,Returned
ORD-100407,2025-02-08,SKU-1019,Laptops,NA-W,Online,SMB,Emeka Weber,11,1704.93,0.15,15941.1,12930.17,Shipped
ORD-101151,2025-02-08,SKU-1008,Laptops,UKI,Partner,SMB,Zara Sorensen,5,2860.19,0,14300.95,9949.65,Pending
ORD-102045,2025-02-08,SKU-1082,Storage,NORDIC,Online,SMB,Ada Vargas,1,199.64,0.05,189.66,140.32,Shipped
ORD-102060,2025-02-08,SKU-1095,Storage,NORDIC,Direct,Mid-Market,Rania Kaur,1,537.52,0.25,403.14,385.17,Shipped
ORD-102332,2025-02-08,SKU-1063,Networking,NA-E,Online,SMB,Yusuf Fontaine,1,935.12,0.2,748.1,601.78,Shipped
ORD-103089,2025-02-08,SKU-1065,Networking,LATAM,Partner,Enterprise,Ivan Kaur,1,417.19,0.05,396.33,239.24,Pending
ORD-103627,2025-02-08,SKU-1080,Networking,APAC-N,Direct,Consumer,Rosa Marchetti,1,788.65,0.1,709.78,516.63,Returned
ORD-104625,2025-02-08,SKU-1084,Storage,NA-E,Partner,SMB,Paulo Carvalho,1,497.7,0.25,373.27,364.58,Returned
ORD-100420,2025-02-09,SKU-1027,Monitors,NA-E,Online,SMB,Emeka Weber,4,487.06,0.05,1850.83,1326.24,Shipped
ORD-102674,2025-02-09,SKU-1062,Networking,NA-W,Partner,SMB,Zara Fontaine,4,864.38,0.05,3284.64,2166.76,Shipped
ORD-102715,2025-02-09,SKU-1033,Monitors,NORDIC,Online,Mid-Market,Elena Laurent,5,617.73,0.15,2625.35,2001.25,Shipped
ORD-103226,2025-02-09,SKU-1073,Networking,NA-W,Partner,Consumer,Ada Singh,5,347.65,0.25,1303.69,1132.1,Pending
ORD-102445,2025-02-10,SKU-1088,Storage,NORDIC,Partner,SMB,Fatima Bennett,1,601.62,0,601.62,433.93,Pending
ORD-104577,2025-02-10,SKU-1032,Monitors,LATAM,Online,SMB,Thea Delgado,3,929.07,0,2787.21,1756.47,Pending
ORD-102639,2025-02-11,SKU-1081,Storage,NA-E,Online,Consumer,Uma Sandoval,3,427.43,0.15,1089.95,887.34,Shipped
ORD-103029,2025-02-11,SKU-1058,Peripherals,NA-E,Retail,SMB,Adaeze Marchetti,1,410.18,0.05,389.67,221.87,Returned
ORD-100510,2025-02-12,SKU-1093,Storage,LATAM,Partner,Mid-Market,Thea Zhang,1,856.06,0,856.06,628.28,Shipped
ORD-101147,2025-02-12,SKU-1008,Laptops,NA-E,Partner,Enterprise,Rania Eriksen,4,2860.19,0.15,9724.65,7959.72,Shipped
ORD-102565,2025-02-12,SKU-1095,Storage,UKI,Direct,SMB,Darius Kaur,2,537.52,0.15,913.78,770.34,Shipped
ORD-103836,2025-02-12,SKU-1120,Accessories,APAC-N,Online,SMB,Nadia Kowalski,1,210.18,0.25,157.63,86.17,Pending
ORD-102928,2025-02-13,SKU-1063,Networking,LATAM,Partner,Mid-Market,Ada Singh,3,935.12,0.2,2244.29,1805.34,Shipped
ORD-104226,2025-02-13,SKU-1108,Accessories,NA-E,Partner,Consumer,Zara Fontaine,6,111.01,0.25,499.55,287.64,Shipped
ORD-101316,2025-02-14,SKU-1097,Storage,UKI,Direct,Enterprise,Nadia Kowalski,3,176.34,0,529.02,400.05,Shipped
ORD-102177,2025-02-14,SKU-1078,Networking,NORDIC,Partner,SMB,Ada Singh,2,981.51,0,1963.02,1166.1,Shipped
ORD-102764,2025-02-14,SKU-1034,Monitors,NA-W,Partner,Enterprise,Malik Eriksen,1,511.32,0.05,485.75,315.72,Pending
ORD-100667,2025-02-15,SKU-1092,Storage,NA-E,Direct,Consumer,Elena Kaur,1,227.16,0,227.16,160.65,Returned
ORD-100799,2025-02-15,SKU-1007,Laptops,DACH,Partner,Mid-Market,Yusuf Fontaine,5,1513.38,0.2,6053.52,5308.7,Shipped
ORD-101402,2025-02-15,SKU-1026,Monitors,NA-W,Partner,Mid-Market,Fatima Bennett,1,371.18,0.1,334.06,254.02,Shipped
ORD-101618,2025-02-15,SKU-1118,Accessories,UKI,Direct,Mid-Market,Kwame Abara,15,143.1,0.1,1931.85,864.6,Shipped
ORD-102141,2025-02-15,SKU-1114,Accessories,UKI,Online,SMB,Ivan Kaur,4,150.14,0.25,450.42,289.88,Returned
ORD-102383,2025-02-15,SKU-1038,Monitors,UKI,Direct,SMB,Rosa Weber,1,829.48,0.15,705.06,554.33,Returned
ORD-104751,2025-02-15,SKU-1028,Monitors,NA-E,Online,SMB,Zara Fontaine,4,1296.45,0,5185.8,3346.28,Shipped
ORD-104080,2025-02-16,SKU-1117,Accessories,NORDIC,Direct,Consumer,Rosa Marchetti,2,127.94,0,255.88,111.66,Shipped
ORD-100711,2025-02-17,SKU-1113,Accessories,NA-W,Direct,Mid-Market,Ada Vargas,4,23.87,0.2,76.38,41.8,Shipped
ORD-103904,2025-02-17,SKU-1084,Storage,NA-E,Retail,SMB,Ada Zimmerman,5,497.7,0.1,2239.65,1822.9,Pending
ORD-104294,2025-02-17,SKU-1106,Accessories,NA-E,Direct,Enterprise,Yusuf Fontaine,2,179.48,0,358.96,162.74,Shipped
ORD-104585,2025-02-17,SKU-1108,Accessories,NA-E,Partner,SMB,Amara Dahl,1,111.01,0.25,83.26,47.94,Returned
ORD-101569,2025-02-18,SKU-1110,Accessories,NA-E,Online,Mid-Market,Paulo Carvalho,3,50.0,0.05,142.5,71.94,Pending
ORD-102876,2025-02-19,SKU-1076,Networking,DACH,Online,SMB,Zara Fontaine,1,1719.15,0.05,1633.19,1029.28,Shipped
ORD-103792,2025-02-19,SKU-1015,Laptops,UKI,Retail,Mid-Market,Hana Rossi,11,1315.81,0,14473.91,10171.59,Returned
ORD-103968,2025-02-19,SKU-1036,Monitors,UKI,Retail,Consumer,Zara Sorensen,5,1180.66,0,5903.3,3836.65,Returned
ORD-100985,2025-02-20,SKU-1110,Accessories,NA-E,Partner,Mid-Market,Elena Kaur,3,50.0,0.25,112.5,71.94,Shipped
ORD-102274,2025-02-20,SKU-1083,Storage,NA-E,Online,Mid-Market,Emeka Weber,4,132.45,0.05,503.31,356.84,Pending
ORD-104122,2025-02-20,SKU-1004,Laptops,LATAM,Direct,Enterprise,Rosa Weber,1,3198.86,0.25,2399.14,2219.09,Returned
ORD-100125,2025-02-21,SKU-1041,Peripherals,NA-E,Direct,Mid-Market,Thea Zhang,7,371.64,0.15,2211.26,1478.89,Shipped
ORD-101419,2025-02-21,SKU-1086,Storage,APAC-S,Partner,SMB,Rania Kaur,3,1066.03,0,3198.09,2119.32,Shipped
ORD-102998,2025-02-21,SKU-1109,Accessories,UKI,Direct,SMB,Ada Zimmerman,6,131.89,0,791.34,356.58,Pending
ORD-101163,2025-02-22,SKU-1049,Peripherals,APAC-N,Partner,Enterprise,Zara Fontaine,3,426.32,0,1278.96,693.33,Pending
ORD-101978,2025-02-22,SKU-1016,Laptops,APAC-S,Online,Consumer,Bruno Zhang,5,3292.27,0,16461.35,11140.2,Shipped
ORD-102225,2025-02-22,SKU-1031,Monitors,NA-E,Online,SMB,Wei Tanaka,3,953.0,0.2,2287.2,2003.49,Shipped
ORD-102768,2025-02-22,SKU-1009,Laptops,DACH,Direct,SMB,Nadia Kowalski,1,3341.5,0,3341.5,2318.58,Pending
ORD-102785,2025-02-22,SKU-1012,Laptops,NA-E,Partner,SMB,Hana Rossi,10,3047.46,0.05,28950.87,21023.9,Pending
ORD-103736,2025-02-22,SKU-1078,Networking,APAC-S,Direct,SMB,Wei Tanaka,14,981.51,0.25,10305.85,8162.7,Shipped
ORD-104508,2025-02-22,SKU-1016,Laptops,APAC-N,Online,Enterprise,Sana Lindqvist,4,3292.27,0.25,9876.81,8912.16,Shipped
ORD-100409,2025-02-23,SKU-1053,Peripherals,APAC-S,Online,Mid-Market,Sana Lindqvist,10,417.51,0.05,3966.35,2165.6,Shipped
ORD-101146,2025-02-23,SKU-1075,Networking,NORDIC,Partner,Mid-Market,Rania Eriksen,1,1273.44,0.15,1082.42,736.87,Shipped
ORD-101333,2025-02-23,SKU-1017,Laptops,APAC-S,Direct,Mid-Market,Rania Kaur,1,3083.45,0.05,2929.28,2180.49,Pending
ORD-101387,2025-02-23,SKU-1070,Networking,DACH,Partner,Consumer,Malik Eriksen,6,1052.94,0.05,6001.76,3780.48,Returned
ORD-101665,2025-02-23,SKU-1043,Peripherals,DACH,Direct,SMB,Ivan Kaur,22,212.9,0,4683.8,2489.3,Pending
ORD-103196,2025-02-23,SKU-1075,Networking,UKI,Partner,Mid-Market,Elena Kaur,5,1273.44,0.05,6048.84,3684.35,Shipped
ORD-103751,2025-02-23,SKU-1008,Laptops,NA-W,Direct,SMB,Zara Sorensen,4,2860.19,0,11440.76,7959.72,Shipped
ORD-102200,2025-02-24,SKU-1005,Laptops,DACH,Online,SMB,Elena Okafor,3,1611.9,0,4835.7,3096.87,Shipped
ORD-102890,2025-02-24,SKU-1093,Storage,DACH,Partner,Enterprise,Petra Ibrahim,3,856.06,0,2568.18,1884.84,Shipped
ORD-103367,2025-02-24,SKU-1103,Accessories,NA-W,Retail,Mid-Market,Thea Ibrahim,4,198.1,0.1,713.16,345.2,Shipped
ORD-103375,2025-02-24,SKU-1046,Peripherals,NA-W,Partner,SMB,Malik Eriksen,2,291.02,0.05,552.94,298.58,Shipped
ORD-103628,2025-02-24,SKU-1062,Networking,NA-W,Partner,Enterprise,Uma Sandoval,9,864.38,0,7779.42,4875.21,Shipped
ORD-100446,2025-02-25,SKU-1018,Laptops,NA-E,Direct,Mid-Market,Adaeze Marchetti,4,2719.05,0.2,8700.96,7095.88,Returned
ORD-101560,2025-02-25,SKU-1024,Monitors,NA-E,Online,Mid-Market,Chen Iversen,3,340.87,0.2,818.09,664.77,Shipped
ORD-101620,2025-02-25,SKU-1013,Laptops,APAC-N,Partner,SMB,Elena Okafor,2,2073.19,0.1,3731.74,2781.3,Shipped
ORD-101842,2025-02-25,SKU-1024,Monitors,NA-E,Direct,Enterprise,Chen Iversen,2,340.87,0.15,579.48,443.18,Pending
ORD-102220,2025-02-25,SKU-1100,Storage,UKI,Partner,Mid-Market,Greta Haddad,1,754.71,0.05,716.97,499.86,Shipped
ORD-103236,2025-02-25,SKU-1024,Monitors,NA-W,Direct,Enterprise,Nadia Kowalski,5,340.87,0.05,1619.13,1107.95,Shipped
ORD-103993,2025-02-25,SKU-1040,Monitors,NA-E,Partner,SMB,Greta Haddad,16,519.33,0.2,6647.42,5515.68,Pending
ORD-104734,2025-02-25,SKU-1066,Networking,DACH,Partner,Enterprise,Emeka Lindqvist,2,491.43,0.05,933.72,575.38,Returned
ORD-102377,2025-02-26,SKU-1069,Networking,LATAM,Partner,Mid-Market,Rosa Marchetti,12,640.52,0,7686.24,4687.44,Returned
ORD-103142,2025-02-26,SKU-1110,Accessories,NA-W,Partner,SMB,Chen Iversen,12,50.0,0.15,510.0,287.76,Shipped
ORD-103209,2025-02-26,SKU-1018,Laptops,APAC-S,Direct,Enterprise,Malik Kowalski,1,2719.05,0.25,2039.29,1773.97,Shipped
ORD-103343,2025-02-26,SKU-1118,Accessories,APAC-S,Retail,Mid-Market,Sana Lindqvist,1,143.1,0.15,121.63,57.64,Shipped
ORD-104512,2025-02-26,SKU-1029,Monitors,DACH,Partner,Enterprise,Yusuf Fontaine,2,438.72,0.1,789.7,574.84,Shipped
ORD-100298,2025-02-27,SKU-1093,Storage,NA-E,Retail,SMB,Thea Delgado,4,856.06,0,3424.24,2513.12,Returned
ORD-100564,2025-02-27,SKU-1020,Laptops,UKI,Online,SMB,Ada Vargas,6,3674.26,0.1,19841.0,14344.32,Pending
ORD-102914,2025-02-27,SKU-1040,Monitors,NA-W,Partner,SMB,Fatima Dahl,9,519.33,0.05,4440.27,3102.57,Shipped
ORD-103394,2025-02-27,SKU-1017,Laptops,APAC-S,Online,SMB,Malik Kowalski,1,3083.45,0.05,2929.28,2180.49,Pending
ORD-104973,2025-02-27,SKU-1025,Monitors,NA-W,Partner,Mid-Market,Bao Alvarez,1,577.77,0.05,548.88,398.01,Shipped
ORD-100156,2025-02-28,SKU-1014,Laptops,APAC-N,Online,Mid-Market,Hana Rossi,3,1949.83,0,5849.49,3964.53,Returned
ORD-100331,2025-02-28,SKU-1103,Accessories,APAC-S,Partner,SMB,Bao Kaur,3,198.1,0.2,475.44,258.9,Shipped
ORD-100394,2025-02-28,SKU-1114,Accessories,NA-W,Partner,Consumer,Rosa Marchetti,1,150.14,0.05,142.63,72.47,Shipped
ORD-101661,2025-02-28,SKU-1109,Accessories,APAC-N,Online,SMB,Rania Kaur,4,131.89,0.15,448.43,237.72,Returned
ORD-101815,2025-02-28,SKU-1037,Monitors,NA-E,Partner,Consumer,Zara Fontaine,2,1230.78,0.05,2338.48,1565.38,Shipped
ORD-103499,2025-02-28,SKU-1026,Monitors,DACH,Partner,Consumer,Rosa Weber,2,371.18,0,742.36,508.04,Shipped
ORD-103757,2025-02-28,SKU-1048,Peripherals,NORDIC,Retail,Consumer,Ada Vargas,3,405.97,0,1217.91,601.92,Pending
ORD-104951,2025-02-28,SKU-1051,Peripherals,NA-W,Partner,Mid-Market,Ada Vargas,3,311.03,0,933.09,534.54,Shipped
ORD-101479,2025-03-01,SKU-1009,Laptops,NA-W,Direct,Mid-Market,Elena Laurent,9,3341.5,0,30073.5,20867.22,Shipped
ORD-101725,2025-03-01,SKU-1118,Accessories,DACH,Partner,Consumer,Sana Lindqvist,12,143.1,0.15,1459.62,691.68,Pending
ORD-104623,2025-03-01,SKU-1064,Networking,NA-E,Online,Enterprise,Darius Kaur,2,2008.03,0.05,3815.26,2436.4,Returned
ORD-102386,2025-03-02,SKU-1084,Storage,NA-W,Partner,Mid-Market,Emeka Weber,1,497.7,0.2,398.16,364.58,Shipped
ORD-104342,2025-03-02,SKU-1094,Storage,DACH,Partner,Enterprise,Malik Andersen,2,321.11,0,642.22,449.78,Returned
ORD-104821,2025-03-02,SKU-1044,Peripherals,NA-W,Direct,SMB,Ada Zimmerman,3,42.05,0.15,107.23,63.84,Shipped
ORD-102348,2025-03-03,SKU-1116,Accessories,NORDIC,Direct,Consumer,Thea Ibrahim,1,147.71,0,147.71,72.53,Shipped
ORD-102961,2025-03-03,SKU-1018,Laptops,LATAM,Retail,SMB,Adaeze Marchetti,4,2719.05,0,10876.2,7095.88,Pending
ORD-103608,2025-03-03,SKU-1020,Laptops,LATAM,Online,Enterprise,Viktor Zhang,2,3674.26,0.2,5878.82,4781.44,Returned
ORD-100400,2025-03-04,SKU-1071,Networking,APAC-N,Online,SMB,Bao Alvarez,1,827.39,0.1,744.65,528.71,Shipped
ORD-101128,2025-03-04,SKU-1096,Storage,LATAM,Retail,Enterprise,Bruno Zhang,3,924.54,0,2773.62,1994.94,Shipped
ORD-101228,2025-03-04,SKU-1118,Accessories,LATAM,Online,SMB,Zara Sorensen,1,143.1,0.2,114.48,57.64,Returned
ORD-101616,2025-03-04,SKU-1118,Accessories,NA-W,Direct,Enterprise,Yara Eriksen,3,143.1,0,429.3,172.92,Shipped
ORD-103832,2025-03-04,SKU-1089,Storage,NA-W,Partner,Enterprise,Paulo Carvalho,1,512.43,0,512.43,339.7,Pending
ORD-104194,2025-03-04,SKU-1087,Storage,DACH,Partner,Mid-Market,Elena Okafor,5,222.44,0,1112.2,754.05,Returned
ORD-101210,2025-03-05,SKU-1095,Storage,UKI,Direct,Mid-Market,Amara Dahl,3,537.52,0.05,1531.93,1155.51,Shipped
ORD-101404,2025-03-05,SKU-1025,Monitors,NA-E,Online,Mid-Market,Thea Ibrahim,3,577.77,0,1733.31,1194.03,Shipped
ORD-101499,2025-03-05,SKU-1044,Peripherals,NA-W,Partner,SMB,Paulo Carvalho,1,42.05,0.25,31.54,21.28,Shipped
ORD-103532,2025-03-05,SKU-1079,Networking,APAC-S,Direct,Mid-Market,Chen Iversen,1,453.79,0.05,431.1,286.76,Pending
ORD-104707,2025-03-05,SKU-1062,Networking,APAC-S,Online,SMB,Rosa Marchetti,1,864.38,0,864.38,541.69,Pending
ORD-101628,2025-03-06,SKU-1073,Networking,LATAM,Partner,SMB,Paulo Carvalho,10,347.65,0.25,2607.38,2264.2,Shipped
ORD-102011,2025-03-07,SKU-1003,Laptops,NA-E,Partner,SMB,Malik Andersen,1,2349.75,0.05,2232.26,1512.37,Returned
ORD-104629,2025-03-07,SKU-1044,Peripherals,UKI,Partner,Enterprise,Zara Fontaine,7,42.05,0.1,264.91,148.96,Shipped
ORD-104944,2025-03-07,SKU-1009,Laptops,NA-E,Partner,Mid-Market,Adaeze Marchetti,1,3341.5,0,3341.5,2318.58,Shipped
ORD-100951,2025-03-08,SKU-1097,Storage,NA-E,Direct,Consumer,Fatima Iversen,2,176.34,0.25,264.51,266.7,Shipped
ORD-101503,2025-03-08,SKU-1046,Peripherals,NA-E,Direct,Mid-Market,Elena Kaur,2,291.02,0.15,494.73,298.58,Returned
ORD-101798,2025-03-08,SKU-1035,Monitors,NA-E,Online,Mid-Market,Yusuf Fontaine,3,1114.67,0,3344.01,2289.03,Returned
ORD-102356,2025-03-08,SKU-1052,Peripherals,NA-E,Partner,SMB,Viktor Zhang,2,310.49,0,620.98,318.56,Shipped
ORD-102604,2025-03-08,SKU-1096,Storage,NA-W,Online,Enterprise,Ada Zimmerman,7,924.54,0.1,5824.6,4654.86,Shipped
ORD-101245,2025-03-09,SKU-1111,Accessories,NA-E,Direct,Enterprise,Hana Rossi,3,118.52,0,355.56,152.01,Pending
ORD-103257,2025-03-09,SKU-1062,Networking,NA-E,Partner,Mid-Market,Rosa Marchetti,1,864.38,0.2,691.5,541.69,Shipped
ORD-100621,2025-03-10,SKU-1115,Accessories,LATAM,Direct,Mid-Market,Emeka Weber,3,201.56,0.1,544.21,287.58,Shipped
ORD-102072,2025-03-10,SKU-1051,Peripherals,DACH,Partner,SMB,Adaeze Marchetti,2,311.03,0,622.06,356.36,Shipped
ORD-102787,2025-03-10,SKU-1007,Laptops,UKI,Direct,Mid-Market,Viktor Zhang,5,1513.38,0.2,6053.52,5308.7,Shipped
ORD-103447,2025-03-10,SKU-1009,Laptops,APAC-S,Direct,Consumer,Elena Laurent,9,3341.5,0.25,22555.12,20867.22,Pending
ORD-104567,2025-03-10,SKU-1070,Networking,NA-E,Direct,SMB,Amara Dahl,3,1052.94,0.2,2527.06,1890.24,Returned
ORD-104913,2025-03-10,SKU-1098,Storage,LATAM,Online,Enterprise,Elena Laurent,1,587.94,0.1,529.15,407.17,Pending
ORD-101375,2025-03-11,SKU-1080,Networking,NA-E,Direct,SMB,Petra Ibrahim,3,788.65,0.15,2011.06,1549.89,Shipped
ORD-102088,2025-03-11,SKU-1042,Peripherals,DACH,Online,SMB,Ivan Kaur,1,84.72,0.1,76.25,46.51,Pending
ORD-102151,2025-03-11,SKU-1098,Storage,NA-W,Direct,Enterprise,Zara Sorensen,3,587.94,0,1763.82,1221.51,Shipped
ORD-104244,2025-03-11,SKU-1098,Storage,NA-W,Partner,Enterprise,Viktor Zhang,2,587.94,0.1,1058.29,814.34,Returned
ORD-104531,2025-03-11,SKU-1011,Laptops,APAC-S,Online,SMB,Chen Iversen,1,2304.08,0.05,2188.88,1489.3,Shipped
ORD-104673,2025-03-11,SKU-1039,Monitors,NA-E,Direct,SMB,Darius Kaur,3,1201.03,0.05,3422.94,2244.39,Returned
ORD-101435,2025-03-12,SKU-1085,Storage,NA-W,Partner,SMB,Emeka Lindqvist,8,163.55,0.2,1046.72,987.04,Pending
ORD-102082,2025-03-12,SKU-1044,Peripherals,DACH,Online,Enterprise,Thea Delgado,1,42.05,0.25,31.54,21.28,Shipped
ORD-103024,2025-03-12,SKU-1048,Peripherals,NA-E,Online,SMB,Rania Kaur,2,405.97,0.2,649.55,401.28,Shipped
ORD-100813,2025-03-13,SKU-1070,Networking,DACH,Partner,Mid-Market,Paulo Carvalho,1,1052.94,0.15,895.0,630.08,Shipped
ORD-101762,2025-03-13,SKU-1120,Accessories,NORDIC,Direct,Enterprise,Bao Alvarez,3,210.18,0,630.54,258.51,Returned
ORD-102521,2025-03-13,SKU-1042,Peripherals,NORDIC,Partner,Consumer,Fatima Bennett,14,84.72,0.1,1067.47,651.14,Shipped
ORD-101265,2025-03-14,SKU-1101,Accessories,NA-W,Direct,SMB,Greta Haddad,1,149.25,0,149.25,60.05,Returned
ORD-101451,2025-03-14,SKU-1085,Storage,APAC-S,Online,Enterprise,Fatima Dahl,6,163.55,0,981.3,740.28,Pending
ORD-101486,2025-03-14,SKU-1024,Monitors,NORDIC,Online,Mid-Market,Fatima Iversen,5,340.87,0,1704.35,1107.95,Shipped
ORD-101622,2025-03-14,SKU-1057,Peripherals,APAC-N,Online,SMB,Emeka Lindqvist,1,457.5,0.25,343.12,228.53,Shipped
ORD-101736,2025-03-14,SKU-1004,Laptops,UKI,Partner,Mid-Market,Zara Fontaine,2,3198.86,0.25,4798.29,4438.18,Shipped
ORD-100075,2025-03-15,SKU-1082,Storage,APAC-N,Online,Mid-Market,Chen Iversen,4,199.64,0,798.56,561.28,Shipped
ORD-100356,2025-03-15,SKU-1056,Peripherals,NA-W,Online,Enterprise,Nikolai Jensen,1,45.14,0.15,38.37,22.62,Shipped
ORD-101273,2025-03-15,SKU-1062,Networking,APAC-N,Online,Enterprise,Elena Okafor,20,864.38,0.05,16423.22,10833.8,Shipped
ORD-102738,2025-03-15,SKU-1011,Laptops,NA-W,Online,Enterprise,Elena Laurent,2,2304.08,0,4608.16,2978.6,Shipped
ORD-103360,2025-03-15,SKU-1023,Monitors,APAC-N,Retail,Mid-Market,Malik Andersen,3,1366.21,0.25,3073.97,2696.43,Shipped
ORD-103570,2025-03-15,SKU-1040,Monitors,NA-W,Direct,Consumer,Malik Eriksen,3,519.33,0.15,1324.29,1034.19,Pending
ORD-104016,2025-03-15,SKU-1079,Networking,NORDIC,Partner,Mid-Market,Darius Kaur,11,453.79,0.05,4742.11,3154.36,Returned
ORD-100109,2025-03-16,SKU-1086,Storage,LATAM,Direct,SMB,Zara Sorensen,3,1066.03,0.25,2398.57,2119.32,Pending
ORD-100693,2025-03-16,SKU-1054,Peripherals,NORDIC,Online,Enterprise,Fatima Iversen,9,210.36,0,1893.24,941.31,Shipped
ORD-103464,2025-03-16,SKU-1083,Storage,NA-W,Partner,Mid-Market,Elena Kaur,2,132.45,0.2,211.92,178.42,Shipped
ORD-104135,2025-03-16,SKU-1076,Networking,NA-E,Direct,Enterprise,Malik Eriksen,1,1719.15,0.25,1289.36,1029.28,Shipped
ORD-104586,2025-03-16,SKU-1015,Laptops,NA-W,Partner,SMB,Zara Fontaine,5,1315.81,0,6579.05,4623.45,Pending
ORD-100032,2025-03-17,SKU-1015,Laptops,NA-E,Partner,Mid-Market,Adaeze Marchetti,1,1315.81,0.1,1184.23,924.69,Shipped
ORD-100174,2025-03-17,SKU-1080,Networking,UKI,Partner,SMB,Elena Laurent,4,788.65,0.2,2523.68,2066.52,Returned
ORD-102226,2025-03-17,SKU-1073,Networking,LATAM,Direct,SMB,Yusuf Mbeki,3,347.65,0.15,886.51,679.26,Pending
ORD-103314,2025-03-17,SKU-1011,Laptops,UKI,Direct,Consumer,Chen Iversen,8,2304.08,0,18432.64,11914.4,Returned
ORD-104123,2025-03-17,SKU-1080,Networking,NA-W,Direct,SMB,Malik Andersen,2,788.65,0.25,1182.97,1033.26,Shipped
ORD-100442,2025-03-18,SKU-1077,Networking,NA-W,Partner,SMB,Ada Vargas,3,740.62,0.05,2110.77,1349.82,Pending
ORD-100831,2025-03-18,SKU-1002,Laptops,NA-E,Direct,Mid-Market,Emeka Lindqvist,1,3368.08,0.25,2526.06,2299.73,Shipped
ORD-102542,2025-03-18,SKU-1085,Storage,APAC-N,Direct,SMB,Thea Zhang,2,163.55,0.05,310.75,246.76,Shipped
ORD-100865,2025-03-19,SKU-1032,Monitors,NA-W,Direct,Enterprise,Thea Delgado,10,929.07,0.15,7897.1,5854.9,Shipped
ORD-102882,2025-03-19,SKU-1110,Accessories,DACH,Partner,Mid-Market,Ivan Kaur,3,50.0,0.15,127.5,71.94,Shipped
ORD-103465,2025-03-19,SKU-1060,Peripherals,NORDIC,Direct,Consumer,Rania Kaur,2,299.52,0,599.04,339.3,Shipped
ORD-103484,2025-03-19,SKU-1040,Monitors,NA-W,Online,Enterprise,Fatima Iversen,1,519.33,0.2,415.46,344.73,Shipped
ORD-104083,2025-03-19,SKU-1063,Networking,APAC-N,Retail,Enterprise,Darius Kaur,1,935.12,0,935.12,601.78,Pending
ORD-100824,2025-03-20,SKU-1017,Laptops,NA-W,Online,SMB,Hana Rossi,2,3083.45,0.15,5241.86,4360.98,Pending
ORD-102406,2025-03-20,SKU-1021,Monitors,APAC-N,Direct,Enterprise,Rania Eriksen,1,444.75,0,444.75,303.16,Shipped
ORD-103733,2025-03-20,SKU-1002,Laptops,NA-E,Direct,SMB,Fatima Bennett,1,3368.08,0,3368.08,2299.73,Shipped
ORD-104174,2025-03-20,SKU-1083,Storage,LATAM,Direct,Mid-Market,Thea Zhang,6,132.45,0.05,754.96,535.26,Pending
ORD-104208,2025-03-20,SKU-1099,Storage,APAC-N,Direct,Enterprise,Emeka Weber,3,881.67,0,2645.01,1781.67,Returned
ORD-101429,2025-03-21,SKU-1105,Accessories,APAC-N,Online,Consumer,Emeka Weber,2,139.86,0.2,223.78,121.94,Returned
ORD-101568,2025-03-21,SKU-1113,Accessories,LATAM,Partner,SMB,Thea Delgado,1,23.87,0,23.87,10.45,Shipped
ORD-101701,2025-03-21,SKU-1037,Monitors,NA-E,Partner,SMB,Fatima Dahl,5,1230.78,0.05,5846.2,3913.45,Shipped
ORD-103808,2025-03-21,SKU-1088,Storage,NA-E,Online,Mid-Market,Elena Okafor,3,601.62,0.05,1714.62,1301.79,Shipped
ORD-104755,2025-03-21,SKU-1099,Storage,UKI,Online,Consumer,Bao Kaur,9,881.67,0.15,6744.78,5345.01,Shipped
ORD-100478,2025-03-22,SKU-1049,Peripherals,APAC-S,Retail,Consumer,Malik Andersen,2,426.32,0.05,810.01,462.22,Pending
ORD-101224,2025-03-22,SKU-1114,Accessories,APAC-N,Partner,Mid-Market,Elena Kaur,1,150.14,0,150.14,72.47,Shipped
ORD-100802,2025-03-23,SKU-1011,Laptops,LATAM,Direct,Enterprise,Malik Andersen,1,2304.08,0,2304.08,1489.3,Shipped
ORD-101167,2025-03-23,SKU-1040,Monitors,NA-E,Retail,SMB,Zara Sorensen,1,519.33,0.05,493.36,344.73,Shipped
ORD-103680,2025-03-23,SKU-1074,Networking,NA-E,Partner,SMB,Fatima Iversen,2,192.25,0.05,365.27,241.74,Shipped
ORD-104581,2025-03-23,SKU-1031,Monitors,UKI,Online,SMB,Elena Kaur,1,953.0,0.05,905.35,667.83,Returned
ORD-100874,2025-03-24,SKU-1079,Networking,NA-E,Partner,Mid-Market,Wei Tanaka,1,453.79,0,453.79,286.76,Pending
ORD-101686,2025-03-24,SKU-1117,Accessories,LATAM,Direct,Enterprise,Ada Singh,7,127.94,0,895.58,390.81,Shipped
ORD-102221,2025-03-24,SKU-1103,Accessories,NA-W,Partner,Mid-Market,Chen Iversen,1,198.1,0.15,168.38,86.3,Shipped
ORD-102385,2025-03-24,SKU-1115,Accessories,NA-E,Partner,Consumer,Thea Ibrahim,14,201.56,0,2821.84,1342.04,Returned
ORD-102394,2025-03-24,SKU-1030,Monitors,APAC-N,Online,Enterprise,Fatima Iversen,5,756.24,0.1,3403.08,2611.0,Shipped
ORD-102407,2025-03-24,SKU-1115,Accessories,LATAM,Direct,SMB,Yusuf Fontaine,2,201.56,0.15,342.65,191.72,Shipped
ORD-104854,2025-03-24,SKU-1028,Monitors,NA-E,Direct,Enterprise,Kwame Abara,10,1296.45,0,12964.5,8365.7,Pending
ORD-102672,2025-03-25,SKU-1014,Laptops,NA-W,Direct,Enterprise,Malik Eriksen,9,1949.83,0.15,14916.2,11893.59,Shipped
ORD-103446,2025-03-25,SKU-1072,Networking,NA-E,Online,Mid-Market,Zara Fontaine,1,593.71,0.25,445.28,371.48,Shipped
ORD-104023,2025-03-25,SKU-1084,Storage,NA-E,Online,Enterprise,Fatima Dahl,2,497.7,0,995.4,729.16,Returned
ORD-101037,2025-03-26,SKU-1054,Peripherals,NA-E,Direct,Consumer,Elena Laurent,3,210.36,0,631.08,313.77,Shipped
ORD-101927,2025-03-26,SKU-1057,Peripherals,NA-W,Online,Enterprise,Emeka Lindqvist,2,457.5,0.1,823.5,457.06,Shipped
ORD-102453,2025-03-26,SKU-1002,Laptops,UKI,Direct,Mid-Market,Amara Dahl,1,3368.08,0.25,2526.06,2299.73,Returned
ORD-102548,2025-03-26,SKU-1082,Storage,NORDIC,Online,Enterprise,Rosa Weber,9,199.64,0.05,1706.92,1262.88,Shipped
ORD-103291,2025-03-26,SKU-1044,Peripherals,NA-W,Online,Enterprise,Rosa Marchetti,17,42.05,0.05,679.11,361.76,Shipped
ORD-103601,2025-03-26,SKU-1022,Monitors,APAC-N,Partner,SMB,Fatima Bennett,3,296.21,0,888.63,585.78,Shipped
ORD-104460,2025-03-26,SKU-1100,Storage,NA-E,Online,Mid-Market,Emeka Lindqvist,19,754.71,0,14339.49,9497.34,Shipped
ORD-101487,2025-03-27,SKU-1069,Networking,NA-E,Online,SMB,Zara Fontaine,4,640.52,0,2562.08,1562.48,Shipped
ORD-102038,2025-03-27,SKU-1102,Accessories,NA-E,Partner,Mid-Market,Rania Kaur,2,198.44,0.1,357.19,184.52,Pending
ORD-103466,2025-03-27,SKU-1076,Networking,NA-E,Partner,Mid-Market,Thea Delgado,1,1719.15,0.05,1633.19,1029.28,Returned
ORD-103678,2025-03-27,SKU-1003,Laptops,NA-E,Direct,SMB,Thea Delgado,3,2349.75,0,7049.25,4537.11,Shipped
ORD-101087,2025-03-28,SKU-1062,Networking,DACH,Online,Mid-Market,Fatima Iversen,1,864.38,0,864.38,541.69,Returned
ORD-101108,2025-03-28,SKU-1120,Accessories,NA-W,Online,Mid-Market,Emeka Weber,3,210.18,0.05,599.01,258.51,Pending
ORD-101742,2025-03-28,SKU-1056,Peripherals,DACH,Partner,SMB,Chen Iversen,2,45.14,0.25,67.71,45.24,Shipped
ORD-103859,2025-03-28,SKU-1024,Monitors,APAC-N,Partner,Mid-Market,Thea Zhang,1,340.87,0.1,306.78,221.59,Returned
ORD-104407,2025-03-28,SKU-1028,Monitors,NA-W,Online,Enterprise,Malik Eriksen,2,1296.45,0.05,2463.26,1673.14,Shipped
ORD-104551,2025-03-28,SKU-1053,Peripherals,NA-E,Partner,Mid-Market,Nadia Kowalski,4,417.51,0,1670.04,866.24,Shipped
ORD-104911,2025-03-28,SKU-1033,Monitors,UKI,Partner,Enterprise,Rania Eriksen,1,617.73,0.05,586.84,400.25,Returned
ORD-101323,2025-03-29,SKU-1119,Accessories,NORDIC,Direct,SMB,Fatima Iversen,41,84.73,0.25,2605.45,1703.96,Shipped
ORD-101748,2025-03-29,SKU-1119,Accessories,NA-W,Online,Enterprise,Rosa Weber,2,84.73,0,169.46,83.12,Shipped
ORD-101749,2025-03-29,SKU-1078,Networking,APAC-S,Partner,Consumer,Sana Lindqvist,1,981.51,0,981.51,583.05,Shipped
ORD-102911,2025-03-29,SKU-1081,Storage,DACH,Direct,Mid-Market,Elena Kaur,1,427.43,0.1,384.69,295.78,Shipped
ORD-100043,2025-03-30,SKU-1007,Laptops,DACH,Online,Enterprise,Wei Tanaka,3,1513.38,0.05,4313.13,3185.22,Returned
ORD-100286,2025-03-30,SKU-1052,Peripherals,LATAM,Direct,Mid-Market,Thea Ibrahim,5,310.49,0.05,1474.83,796.4,Shipped
ORD-100727,2025-03-30,SKU-1032,Monitors,DACH,Direct,SMB,Malik Andersen,4,929.07,0.1,3344.65,2341.96,Returned
ORD-101656,2025-03-30,SKU-1033,Monitors,NA-W,Partner,SMB,Malik Eriksen,5,617.73,0.05,2934.22,2001.25,Pending
ORD-104313,2025-03-30,SKU-1061,Networking,DACH,Direct,Enterprise,Malik Andersen,6,1191.4,0.05,6790.98,4175.94,Shipped
ORD-100457,2025-03-31,SKU-1101,Accessories,LATAM,Retail,SMB,Rosa Marchetti,7,149.25,0.1,940.27,420.35,Returned
ORD-101329,2025-03-31,SKU-1093,Storage,APAC-N,Direct,SMB,Ada Vargas,3,856.06,0.05,2439.77,1884.84,Returned
ORD-102100,2025-03-31,SKU-1031,Monitors,NA-W,Online,Mid-Market,Ada Singh,3,953.0,0.05,2716.05,2003.49,Shipped
ORD-102205,2025-03-31,SKU-1039,Monitors,NA-W,Partner,Consumer,Bruno Zhang,5,1201.03,0.15,5104.38,3740.65,Shipped
ORD-100265,2025-04-01,SKU-1013,Laptops,NORDIC,Direct,SMB,Emeka Lindqvist,4,2073.19,0.05,7878.12,5562.6,Shipped
ORD-100973,2025-04-01,SKU-1067,Networking,NA-W,Partner,Enterprise,Emeka Weber,3,254.78,0,764.34,461.28,Pending
ORD-103155,2025-04-01,SKU-1018,Laptops,UKI,Direct,Enterprise,Sana Lindqvist,4,2719.05,0,10876.2,7095.88,Pending
ORD-103619,2025-04-01,SKU-1021,Monitors,NA-E,Partner,Mid-Market,Fatima Dahl,1,444.75,0,444.75,303.16,Shipped
ORD-101036,2025-04-02,SKU-1102,Accessories,DACH,Online,Consumer,Paulo Carvalho,17,198.44,0,3373.48,1568.42,Shipped
ORD-101827,2025-04-02,SKU-1051,Peripherals,NA-W,Partner,SMB,Ada Singh,1,311.03,0.05,295.48,178.18,Returned
ORD-104713,2025-04-02,SKU-1102,Accessories,NA-W,Direct,SMB,Ada Singh,4,198.44,0.1,714.38,369.04,Returned
ORD-104850,2025-04-02,SKU-1093,Storage,NA-E,Partner,Consumer,Viktor Zhang,2,856.06,0,1712.12,1256.56,Shipped
ORD-100307,2025-04-03,SKU-1068,Networking,LATAM,Partner,Enterprise,Viktor Zhang,3,782.54,0.25,1760.71,1389.75,Shipped
ORD-101207,2025-04-03,SKU-1031,Monitors,NORDIC,Direct,SMB,Thea Ibrahim,13,953.0,0.05,11769.55,8681.79,Shipped
ORD-104304,2025-04-03,SKU-1004,Laptops,NORDIC,Online,Enterprise,Yusuf Mbeki,3,3198.86,0.2,7677.26,6657.27,Shipped
ORD-100218,2025-04-04,SKU-1090,Storage,NA-W,Direct,Enterprise,Elena Kaur,6,853.08,0.15,4350.71,3380.04,Shipped
ORD-101855,2025-04-04,SKU-1112,Accessories,NA-E,Partner,Consumer,Wei Tanaka,11,160.4,0,1764.4,813.78,Shipped
ORD-104806,2025-04-04,SKU-1066,Networking,UKI,Retail,SMB,Rosa Marchetti,1,491.43,0,491.43,287.69,Pending
ORD-100414,2025-04-05,SKU-1018,Laptops,UKI,Online,SMB,Uma Okafor,1,2719.05,0.05,2583.1,1773.97,Shipped
ORD-100975,2025-04-05,SKU-1038,Monitors,NA-W,Online,Enterprise,Bao Alvarez,2,829.48,0.1,1493.06,1108.66,Shipped
ORD-101204,2025-04-05,SKU-1050,Peripherals,NORDIC,Online,Mid-Market,Yusuf Fontaine,4,335.4,0.05,1274.52,758.76,Shipped
ORD-101314,2025-04-05,SKU-1070,Networking,DACH,Partner,SMB,Kwame Abara,5,1052.94,0.2,4211.76,3150.4,Shipped
ORD-101562,2025-04-05,SKU-1075,Networking,NA-E,Partner,SMB,Chen Iversen,1,1273.44,0,1273.44,736.87,Shipped
ORD-102514,2025-04-05,SKU-1095,Storage,APAC-N,Online,Mid-Market,Amara Dahl,3,537.52,0.25,1209.42,1155.51,Shipped
ORD-102602,2025-04-05,SKU-1036,Monitors,UKI,Direct,SMB,Rosa Weber,2,1180.66,0.25,1770.99,1534.66,Shipped
ORD-103366,2025-04-05,SKU-1056,Peripherals,NA-W,Online,SMB,Fatima Iversen,2,45.14,0.2,72.22,45.24,Returned
ORD-102512,2025-04-06,SKU-1105,Accessories,APAC-S,Partner,SMB,Hana Rossi,8,139.86,0.2,895.1,487.76,Shipped
ORD-102818,2025-04-06,SKU-1018,Laptops,DACH,Direct,SMB,Yusuf Fontaine,1,2719.05,0.05,2583.1,1773.97,Shipped
ORD-103899,2025-04-06,SKU-1116,Accessories,NA-E,Retail,Consumer,Sana Lindqvist,1,147.71,0.15,125.55,72.53,Shipped
ORD-100718,2025-04-07,SKU-1005,Laptops,NORDIC,Direct,Mid-Market,Fatima Dahl,2,1611.9,0.15,2740.23,2064.58,Shipped
ORD-100956,2025-04-07,SKU-1079,Networking,APAC-N,Online,Consumer,Zara Fontaine,1,453.79,0.05,431.1,286.76,Shipped
ORD-102123,2025-04-07,SKU-1007,Laptops,NA-W,Partner,Enterprise,Malik Andersen,2,1513.38,0,3026.76,2123.48,Pending
ORD-103825,2025-04-07,SKU-1102,Accessories,APAC-N,Direct,Mid-Market,Elena Okafor,7,198.44,0.1,1250.17,645.82,Shipped
ORD-100838,2025-04-08,SKU-1025,Monitors,NA-W,Retail,Enterprise,Sana Lindqvist,5,577.77,0.2,2311.08,1990.05,Shipped
ORD-100918,2025-04-08,SKU-1021,Monitors,NA-W,Direct,Enterprise,Elena Laurent,1,444.75,0.1,400.28,303.16,Shipped
ORD-101652,2025-04-08,SKU-1060,Peripherals,APAC-N,Direct,SMB,Sana Lindqvist,12,299.52,0,3594.24,2035.8,Shipped
ORD-101729,2025-04-08,SKU-1118,Accessories,UKI,Online,Enterprise,Uma Sandoval,7,143.1,0.2,801.36,403.48,Returned
ORD-102209,2025-04-08,SKU-1086,Storage,APAC-N,Partner,SMB,Greta Haddad,1,1066.03,0.05,1012.73,706.44,Returned
ORD-103618,2025-04-08,SKU-1028,Monitors,APAC-S,Partner,SMB,Uma Sandoval,7,1296.45,0.05,8621.39,5855.99,Returned
ORD-100891,2025-04-09,SKU-1080,Networking,APAC-S,Online,Enterprise,Sana Lindqvist,2,788.65,0,1577.3,1033.26,Pending
ORD-102660,2025-04-09,SKU-1109,Accessories,NA-W,Partner,Enterprise,Fatima Dahl,5,131.89,0.25,494.59,297.15,Pending
ORD-102778,2025-04-09,SKU-1120,Accessories,APAC-N,Online,Consumer,Thea Delgado,2,210.18,0.15,357.31,172.34,Returned
ORD-103305,2025-04-09,SKU-1051,Peripherals,APAC-S,Partner,Mid-Market,Viktor Zhang,1,311.03,0,311.03,178.18,Returned
ORD-104401,2025-04-09,SKU-1094,Storage,NORDIC,Direct,SMB,Nadia Kowalski,2,321.11,0.25,481.67,449.78,Shipped
ORD-100576,2025-04-10,SKU-1043,Peripherals,DACH,Partner,SMB,Bruno Zhang,3,212.9,0.05,606.76,339.45,Pending
ORD-101852,2025-04-10,SKU-1055,Peripherals,NA-W,Online,Mid-Market,Elena Laurent,2,77.77,0.15,132.21,78.36,Returned
ORD-102381,2025-04-10,SKU-1099,Storage,UKI,Partner,Mid-Market,Ada Zimmerman,2,881.67,0.2,1410.67,1187.78,Pending
ORD-102624,2025-04-10,SKU-1090,Storage,APAC-N,Online,SMB,Yusuf Fontaine,2,853.08,0.2,1364.93,1126.68,Shipped
ORD-104074,2025-04-10,SKU-1113,Accessories,NORDIC,Online,Enterprise,Paulo Carvalho,1,23.87,0.2,19.1,10.45,Shipped
ORD-103336,2025-04-11,SKU-1119,Accessories,LATAM,Retail,Enterprise,Elena Laurent,6,84.73,0.1,457.54,249.36,Shipped
ORD-103912,2025-04-11,SKU-1019,Laptops,DACH,Direct,SMB,Fatima Bennett,2,1704.93,0.1,3068.87,2350.94,Shipped
ORD-104963,2025-04-11,SKU-1054,Peripherals,APAC-S,Direct,Enterprise,Ada Vargas,1,210.36,0,210.36,104.59,Returned
ORD-101545,2025-04-12,SKU-1035,Monitors,NA-E,Direct,Mid-Market,Thea Delgado,6,1114.67,0.1,6019.22,4578.06,Returned
ORD-101573,2025-04-12,SKU-1086,Storage,NORDIC,Direct,Enterprise,Yusuf Mbeki,5,1066.03,0,5330.15,3532.2,Shipped
ORD-102265,2025-04-12,SKU-1075,Networking,NA-W,Online,Mid-Market,Thea Ibrahim,1,1273.44,0.2,1018.75,736.87,Shipped
ORD-103003,2025-04-12,SKU-1118,Accessories,NA-E,Online,Enterprise,Viktor Zhang,2,143.1,0,286.2,115.28,Shipped
ORD-103087,2025-04-12,SKU-1055,Peripherals,NA-E,Retail,Enterprise,Elena Kaur,3,77.77,0,233.31,117.54,Shipped
ORD-103768,2025-04-12,SKU-1052,Peripherals,NA-W,Online,Mid-Market,Elena Okafor,1,310.49,0,310.49,159.28,Pending
ORD-104748,2025-04-12,SKU-1069,Networking,UKI,Direct,Mid-Market,Ada Zimmerman,1,640.52,0.15,544.44,390.62,Shipped
ORD-100615,2025-04-13,SKU-1019,Laptops,NA-E,Direct,SMB,Viktor Zhang,3,1704.93,0.1,4603.31,3526.41,Shipped
ORD-101135,2025-04-14,SKU-1026,Monitors,UKI,Partner,SMB,Chen Iversen,2,371.18,0.2,593.89,508.04,Shipped
ORD-102350,2025-04-14,SKU-1070,Networking,NA-W,Online,Mid-Market,Elena Laurent,2,1052.94,0.25,1579.41,1260.16,Shipped
ORD-103352,2025-04-14,SKU-1041,Peripherals,NA-W,Direct,Enterprise,Uma Okafor,4,371.64,0,1486.56,845.08,Shipped
ORD-103705,2025-04-14,SKU-1038,Monitors,NA-E,Online,Enterprise,Malik Eriksen,3,829.48,0,2488.44,1662.99,Shipped
ORD-100903,2025-04-15,SKU-1062,Networking,APAC-N,Direct,Mid-Market,Amara Dahl,3,864.38,0.2,2074.51,1625.07,Shipped
ORD-100933,2025-04-15,SKU-1020,Laptops,NA-W,Partner,Mid-Market,Thea Delgado,3,3674.26,0,11022.78,7172.16,Shipped
ORD-102755,2025-04-15,SKU-1068,Networking,DACH,Direct,Enterprise,Bao Alvarez,16,782.54,0.15,10642.54,7412.0,Shipped
ORD-103266,2025-04-15,SKU-1012,Laptops,NA-W,Direct,SMB,Yusuf Mbeki,1,3047.46,0.05,2895.09,2102.39,Shipped
ORD-103406,2025-04-15,SKU-1056,Peripherals,DACH,Partner,Enterprise,Bao Kaur,1,45.14,0,45.14,22.62,Shipped
ORD-103813,2025-04-15,SKU-1054,Peripherals,APAC-N,Partner,SMB,Petra Ibrahim,2,210.36,0.05,399.68,209.18,Shipped
ORD-104162,2025-04-15,SKU-1115,Accessories,APAC-S,Online,Mid-Market,Amara Dahl,8,201.56,0.05,1531.86,766.88,Returned
ORD-101062,2025-04-16,SKU-1050,Peripherals,NA-W,Partner,Mid-Market,Yusuf Mbeki,6,335.4,0.25,1509.3,1138.14,Returned
ORD-101094,2025-04-16,SKU-1048,Peripherals,NA-E,Online,Consumer,Amara Dahl,3,405.97,0.25,913.43,601.92,Shipped
ORD-102031,2025-04-16,SKU-1057,Peripherals,NA-E,Direct,Enterprise,Malik Eriksen,5,457.5,0.2,1830.0,1142.65,Shipped
ORD-102210,2025-04-16,SKU-1114,Accessories,NA-W,Direct,SMB,Ada Singh,4,150.14,0.15,510.48,289.88,Shipped
ORD-104003,2025-04-16,SKU-1090,Storage,LATAM,Direct,Enterprise,Yara Eriksen,4,853.08,0.15,2900.47,2253.36,Returned
ORD-104320,2025-04-16,SKU-1038,Monitors,DACH,Direct,SMB,Bao Kaur,2,829.48,0.05,1576.01,1108.66,Shipped
ORD-104549,2025-04-16,SKU-1012,Laptops,NA-W,Online,Enterprise,Kwame Abara,2,3047.46,0,6094.92,4204.78,Returned
ORD-103286,2025-04-17,SKU-1038,Monitors,DACH,Online,SMB,Rania Kaur,1,829.48,0,829.48,554.33,Pending
ORD-104660,2025-04-17,SKU-1065,Networking,NA-W,Partner,SMB,Zara Fontaine,3,417.19,0,1251.57,717.72,Shipped
ORD-100235,2025-04-18,SKU-1067,Networking,NA-W,Online,SMB,Bao Kaur,1,254.78,0,254.78,153.76,Pending
ORD-100978,2025-04-18,SKU-1076,Networking,NORDIC,Direct,Mid-Market,Emeka Lindqvist,8,1719.15,0,13753.2,8234.24,Shipped
ORD-102256,2025-04-18,SKU-1016,Laptops,NA-W,Direct,Mid-Market,Greta Haddad,4,3292.27,0.25,9876.81,8912.16,Shipped
ORD-102891,2025-04-18,SKU-1073,Networking,NA-W,Partner,SMB,Yusuf Fontaine,3,347.65,0,1042.95,679.26,Shipped
ORD-104102,2025-04-18,SKU-1081,Storage,DACH,Online,Enterprise,Amara Dahl,5,427.43,0,2137.15,1478.9,Returned
ORD-100825,2025-04-19,SKU-1003,Laptops,NA-W,Partner,SMB,Malik Kowalski,1,2349.75,0.1,2114.78,1512.37,Shipped
ORD-101071,2025-04-19,SKU-1069,Networking,NA-W,Online,Enterprise,Wei Tanaka,1,640.52,0.05,608.49,390.62,Shipped
ORD-101124,2025-04-19,SKU-1038,Monitors,LATAM,Online,Enterprise,Zara Sorensen,1,829.48,0,829.48,554.33,Shipped
ORD-101558,2025-04-19,SKU-1013,Laptops,NA-E,Online,Mid-Market,Rania Eriksen,3,2073.19,0,6219.57,4171.95,Shipped
ORD-104596,2025-04-19,SKU-1068,Networking,NA-W,Direct,Consumer,Rania Eriksen,3,782.54,0.15,1995.48,1389.75,Shipped
ORD-100529,2025-04-20,SKU-1040,Monitors,UKI,Direct,Consumer,Darius Kaur,1,519.33,0.2,415.46,344.73,Pending
ORD-104333,2025-04-20,SKU-1004,Laptops,NA-W,Partner,Mid-Market,Hana Rossi,2,3198.86,0.15,5438.06,4438.18,Returned
ORD-104373,2025-04-20,SKU-1098,Storage,NA-E,Direct,SMB,Emeka Weber,1,587.94,0.2,470.35,407.17,Shipped
ORD-100808,2025-04-21,SKU-1106,Accessories,UKI,Direct,Enterprise,Rosa Marchetti,1,179.48,0,179.48,81.37,Returned
ORD-101679,2025-04-21,SKU-1001,Laptops,APAC-N,Retail,Enterprise,Emeka Lindqvist,1,1590.48,0.15,1351.91,1122.06,Shipped
ORD-101187,2025-04-22,SKU-1050,Peripherals,NA-W,Direct,Enterprise,Kwame Abara,7,335.4,0.2,1878.24,1327.83,Shipped
ORD-101220,2025-04-22,SKU-1006,Laptops,NA-E,Direct,Mid-Market,Darius Kaur,2,2229.97,0.05,4236.94,2967.66,Shipped
ORD-103195,2025-04-22,SKU-1113,Accessories,NA-E,Direct,Mid-Market,Elena Laurent,5,23.87,0.2,95.48,52.25,Pending
ORD-103584,2025-04-22,SKU-1024,Monitors,NA-W,Partner,SMB,Malik Kowalski,4,340.87,0.05,1295.31,886.36,Returned
ORD-101254,2025-04-23,SKU-1061,Networking,NA-W,Online,SMB,Fatima Iversen,3,1191.4,0.25,2680.65,2087.97,Shipped
ORD-103234,2025-04-23,SKU-1046,Peripherals,NA-W,Online,Consumer,Zara Sorensen,6,291.02,0.15,1484.2,895.74,Shipped
ORD-104300,2025-04-23,SKU-1043,Peripherals,LATAM,Partner,SMB,Bao Kaur,4,212.9,0.1,766.44,452.6,Shipped
ORD-104570,2025-04-23,SKU-1045,Peripherals,NA-W,Partner,Enterprise,Elena Okafor,3,388.64,0.25,874.44,626.37,Shipped
ORD-100230,2025-04-24,SKU-1088,Storage,APAC-N,Direct,Mid-Market,Chen Iversen,6,601.62,0.2,2887.78,2603.58,Shipped
ORD-100468,2025-04-24,SKU-1085,Storage,NA-E,Partner,Enterprise,Fatima Dahl,1,163.55,0.05,155.37,123.38,Shipped
ORD-101330,2025-04-24,SKU-1065,Networking,NA-E,Direct,Mid-Market,Petra Ibrahim,2,417.19,0.1,750.94,478.48,Returned
ORD-101682,2025-04-24,SKU-1096,Storage,NA-W,Direct,Mid-Market,Rosa Weber,2,924.54,0.1,1664.17,1329.96,Shipped
ORD-103620,2025-04-24,SKU-1113,Accessories,UKI,Partner,Mid-Market,Ada Zimmerman,7,23.87,0,167.09,73.15,Shipped
ORD-104146,2025-04-24,SKU-1110,Accessories,NA-E,Direct,Consumer,Ada Zimmerman,7,50.0,0.05,332.5,167.86,Shipped
ORD-102458,2025-04-25,SKU-1044,Peripherals,NORDIC,Online,Mid-Market,Elena Laurent,2,42.05,0.25,63.07,42.56,Shipped
ORD-103013,2025-04-25,SKU-1118,Accessories,DACH,Online,Consumer,Uma Okafor,11,143.1,0.1,1416.69,634.04,Returned
ORD-103687,2025-04-25,SKU-1085,Storage,NA-W,Direct,SMB,Emeka Lindqvist,9,163.55,0,1471.95,1110.42,Shipped
ORD-100243,2025-04-26,SKU-1053,Peripherals,UKI,Partner,Enterprise,Bao Alvarez,2,417.51,0.2,668.02,433.12,Shipped
ORD-101349,2025-04-26,SKU-1002,Laptops,NORDIC,Direct,Enterprise,Thea Ibrahim,4,3368.08,0.05,12798.7,9198.92,Shipped
ORD-101649,2025-04-26,SKU-1095,Storage,NA-E,Retail,SMB,Hana Rossi,2,537.52,0.2,860.03,770.34,Shipped
ORD-101728,2025-04-26,SKU-1080,Networking,NA-W,Online,Mid-Market,Thea Zhang,5,788.65,0,3943.25,2583.15,Shipped
ORD-102619,2025-04-26,SKU-1013,Laptops,NA-W,Partner,Enterprise,Uma Sandoval,1,2073.19,0,2073.19,1390.65,Shipped
ORD-103485,2025-04-26,SKU-1091,Storage,NA-E,Retail,Enterprise,Thea Ibrahim,4,949.67,0.05,3608.75,2798.04,Shipped
ORD-103957,2025-04-26,SKU-1022,Monitors,NA-E,Direct,SMB,Malik Eriksen,2,296.21,0,592.42,390.52,Shipped
ORD-101080,2025-04-27,SKU-1034,Monitors,NA-E,Direct,Mid-Market,Yusuf Fontaine,1,511.32,0.15,434.62,315.72,Shipped
ORD-101759,2025-04-27,SKU-1087,Storage,NA-W,Direct,SMB,Darius Kaur,3,222.44,0,667.32,452.43,Shipped
ORD-101783,2025-04-27,SKU-1007,Laptops,NA-E,Partner,Mid-Market,Rania Kaur,7,1513.38,0.2,8474.93,7432.18,Shipped
ORD-101865,2025-04-27,SKU-1008,Laptops,LATAM,Direct,Mid-Market,Malik Kowalski,6,2860.19,0.15,14586.97,11939.58,Returned
ORD-102739,2025-04-27,SKU-1043,Peripherals,LATAM,Online,Consumer,Nikolai Jensen,8,212.9,0.25,1277.4,905.2,Shipped
ORD-103192,2025-04-27,SKU-1025,Monitors,NA-E,Online,SMB,Darius Kaur,1,577.77,0.05,548.88,398.01,Shipped
ORD-104002,2025-04-27,SKU-1051,Peripherals,LATAM,Partner,SMB,Zara Fontaine,2,311.03,0.05,590.96,356.36,Shipped
ORD-104041,2025-04-27,SKU-1086,Storage,NORDIC,Partner,SMB,Kwame Abara,5,1066.03,0.05,5063.64,3532.2,Shipped
ORD-100301,2025-04-28,SKU-1057,Peripherals,APAC-N,Direct,Consumer,Bao Kaur,1,457.5,0.1,411.75,228.53,Shipped
ORD-101870,2025-04-28,SKU-1104,Accessories,NA-E,Partner,Consumer,Uma Okafor,1,40.52,0.2,32.42,19.34,Shipped
ORD-103910,2025-04-28,SKU-1005,Laptops,UKI,Partner,Enterprise,Kwame Abara,2,1611.9,0,3223.8,2064.58,Returned
ORD-104925,2025-04-28,SKU-1031,Monitors,DACH,Online,Mid-Market,Elena Laurent,1,953.0,0.2,762.4,667.83,Pending
ORD-100098,2025-04-29,SKU-1107,Accessories,NA-E,Partner,Consumer,Zara Sorensen,1,92.86,0.2,74.29,37.72,Shipped
ORD-100823,2025-04-29,SKU-1087,Storage,DACH,Direct,SMB,Bao Kaur,3,222.44,0.15,567.22,452.43,Shipped
ORD-101074,2025-04-29,SKU-1042,Peripherals,NA-E,Partner,SMB,Adaeze Marchetti,6,84.72,0.1,457.49,279.06,Shipped
ORD-101236,2025-04-29,SKU-1062,Networking,NORDIC,Partner,Enterprise,Petra Ibrahim,1,864.38,0.05,821.16,541.69,Shipped
ORD-102795,2025-04-29,SKU-1107,Accessories,NA-E,Partner,Consumer,Bao Kaur,1,92.86,0,92.86,37.72,Shipped
ORD-104000,2025-04-29,SKU-1049,Peripherals,UKI,Direct,Mid-Market,Emeka Lindqvist,1,426.32,0.2,341.06,231.11,Shipped
ORD-104630,2025-04-29,SKU-1098,Storage,NA-E,Direct,Consumer,Chen Iversen,7,587.94,0.2,3292.46,2850.19,Shipped
ORD-102661,2025-04-30,SKU-1059,Peripherals,NORDIC,Partner,SMB,Thea Zhang,2,294.39,0.15,500.46,289.66,Shipped
ORD-102817,2025-04-30,SKU-1102,Accessories,DACH,Online,SMB,Kwame Abara,1,198.44,0,198.44,92.26,Shipped
ORD-103090,2025-04-30,SKU-1096,Storage,NORDIC,Online,Consumer,Petra Ibrahim,1,924.54,0,924.54,664.98,Returned
ORD-103697,2025-04-30,SKU-1087,Storage,APAC-S,Direct,SMB,Elena Okafor,2,222.44,0.05,422.64,301.62,Shipped
ORD-100080,2025-05-01,SKU-1071,Networking,UKI,Partner,SMB,Malik Eriksen,3,827.39,0.15,2109.84,1586.13,Shipped
ORD-101034,2025-05-01,SKU-1048,Peripherals,APAC-N,Direct,Mid-Market,Elena Laurent,2,405.97,0,811.94,401.28,Returned
ORD-102387,2025-05-01,SKU-1098,Storage,APAC-S,Partner,Mid-Market,Ada Zimmerman,1,587.94,0.25,440.96,407.17,Pending
ORD-103070,2025-05-01,SKU-1046,Peripherals,NA-E,Online,Enterprise,Petra Ibrahim,1,291.02,0,291.02,149.29,Returned
ORD-103842,2025-05-01,SKU-1032,Monitors,NA-W,Online,Mid-Market,Emeka Lindqvist,1,929.07,0.1,836.16,585.49,Returned
ORD-104156,2025-05-01,SKU-1084,Storage,UKI,Online,Consumer,Malik Andersen,1,497.7,0.15,423.04,364.58,Shipped
ORD-104463,2025-05-01,SKU-1060,Peripherals,NA-W,Online,Consumer,Elena Laurent,1,299.52,0.15,254.59,169.65,Shipped
ORD-100506,2025-05-02,SKU-1114,Accessories,NA-E,Online,SMB,Wei Tanaka,5,150.14,0,750.7,362.35,Shipped
ORD-101602,2025-05-02,SKU-1087,Storage,NA-W,Direct,Enterprise,Bruno Zhang,5,222.44,0.2,889.76,754.05,Pending
ORD-102010,2025-05-02,SKU-1039,Monitors,NA-E,Direct,SMB,Hana Rossi,2,1201.03,0.05,2281.96,1496.26,Pending
ORD-102291,2025-05-02,SKU-1012,Laptops,APAC-N,Partner,Enterprise,Bao Alvarez,5,3047.46,0.25,11427.97,10511.95,Shipped
ORD-101341,2025-05-04,SKU-1025,Monitors,NA-W,Retail,Enterprise,Chen Iversen,3,577.77,0.2,1386.65,1194.03,Pending
ORD-102519,2025-05-04,SKU-1087,Storage,LATAM,Partner,SMB,Nikolai Jensen,10,222.44,0,2224.4,1508.1,Shipped
ORD-103488,2025-05-04,SKU-1021,Monitors,LATAM,Online,SMB,Zara Sorensen,2,444.75,0.1,800.55,606.32,Shipped
ORD-103267,2025-05-05,SKU-1119,Accessories,NORDIC,Partner,Enterprise,Ada Singh,3,84.73,0.15,216.06,124.68,Shipped
ORD-103496,2025-05-05,SKU-1091,Storage,NA-W,Online,SMB,Fatima Iversen,3,949.67,0.05,2706.56,2098.53,Shipped
ORD-103874,2025-05-05,SKU-1001,Laptops,LATAM,Direct,SMB,Zara Fontaine,5,1590.48,0.2,6361.92,5610.3,Shipped
ORD-104325,2025-05-05,SKU-1016,Laptops,NA-E,Direct,Consumer,Ada Singh,12,3292.27,0.05,37531.88,26736.48,Shipped
ORD-100470,2025-05-06,SKU-1008,Laptops,APAC-S,Direct,Mid-Market,Greta Haddad,4,2860.19,0.05,10868.72,7959.72,Returned
ORD-101539,2025-05-06,SKU-1042,Peripherals,NA-E,Direct,Enterprise,Uma Sandoval,2,84.72,0.05,160.97,93.02,Returned
ORD-101935,2025-05-06,SKU-1033,Monitors,APAC-N,Retail,Mid-Market,Yusuf Fontaine,3,617.73,0.1,1667.87,1200.75,Pending
ORD-104462,2025-05-06,SKU-1116,Accessories,LATAM,Direct,Enterprise,Paulo Carvalho,17,147.71,0.05,2385.52,1233.01,Shipped
ORD-101282,2025-05-07,SKU-1094,Storage,UKI,Partner,Enterprise,Fatima Dahl,5,321.11,0.05,1525.27,1124.45,Shipped
ORD-102454,2025-05-07,SKU-1113,Accessories,LATAM,Online,SMB,Yara Eriksen,4,23.87,0.15,81.16,41.8,Shipped
ORD-103846,2025-05-07,SKU-1089,Storage,NA-E,Direct,Consumer,Kwame Abara,2,512.43,0.2,819.89,679.4,Shipped
ORD-104245,2025-05-07,SKU-1100,Storage,LATAM,Direct,SMB,Emeka Weber,2,754.71,0.2,1207.54,999.72,Shipped
ORD-101243,2025-05-08,SKU-1017,Laptops,NA-E,Retail,Mid-Market,Emeka Lindqvist,3,3083.45,0,9250.35,6541.47,Shipped
ORD-101295,2025-05-08,SKU-1022,Monitors,NA-W,Online,Mid-Market,Bao Alvarez,5,296.21,0.15,1258.89,976.3,Shipped
ORD-102155,2025-05-08,SKU-1090,Storage,NA-E,Online,Enterprise,Uma Okafor,1,853.08,0,853.08,563.34,Pending
ORD-104266,2025-05-08,SKU-1089,Storage,NA-E,Partner,SMB,Yusuf Fontaine,1,512.43,0,512.43,339.7,Pending
ORD-104583,2025-05-08,SKU-1083,Storage,NA-E,Direct,Mid-Market,Bruno Zhang,3,132.45,0.1,357.61,267.63,Shipped
ORD-100020,2025-05-09,SKU-1031,Monitors,NA-E,Direct,Mid-Market,Sana Lindqvist,1,953.0,0.1,857.7,667.83,Shipped
ORD-102054,2025-05-09,SKU-1061,Networking,UKI,Online,Enterprise,Yusuf Fontaine,9,1191.4,0,10722.6,6263.91,Returned
ORD-100573,2025-05-10,SKU-1010,Laptops,UKI,Partner,Mid-Market,Ivan Kaur,15,1514.87,0,22723.05,16353.45,Returned
ORD-100713,2025-05-10,SKU-1009,Laptops,DACH,Partner,Consumer,Adaeze Marchetti,4,3341.5,0,13366.0,9274.32,Shipped
ORD-102431,2025-05-10,SKU-1036,Monitors,NA-W,Online,Mid-Market,Adaeze Marchetti,3,1180.66,0.2,2833.58,2301.99,Pending
ORD-102931,2025-05-10,SKU-1068,Networking,UKI,Online,Mid-Market,Ivan Kaur,1,782.54,0,782.54,463.25,Shipped
ORD-103143,2025-05-10,SKU-1102,Accessories,DACH,Direct,Mid-Market,Bao Kaur,7,198.44,0.1,1250.17,645.82,Returned
ORD-104285,2025-05-10,SKU-1105,Accessories,NA-E,Direct,Mid-Market,Nikolai Jensen,4,139.86,0,559.44,243.88,Shipped
ORD-100474,2025-05-11,SKU-1016,Laptops,NA-E,Online,Mid-Market,Paulo Carvalho,3,3292.27,0,9876.81,6684.12,Shipped
ORD-101662,2025-05-11,SKU-1006,Laptops,DACH,Retail,Consumer,Zara Sorensen,1,2229.97,0.05,2118.47,1483.83,Shipped
ORD-102384,2025-05-11,SKU-1088,Storage,NA-E,Partner,Enterprise,Uma Sandoval,3,601.62,0,1804.86,1301.79,Returned
ORD-102481,2025-05-11,SKU-1084,Storage,APAC-S,Direct,Enterprise,Kwame Abara,2,497.7,0.2,796.32,729.16,Returned
ORD-103232,2025-05-11,SKU-1092,Storage,LATAM,Direct,SMB,Thea Zhang,4,227.16,0.05,863.21,642.6,Pending
ORD-103371,2025-05-11,SKU-1077,Networking,NA-E,Direct,SMB,Hana Rossi,2,740.62,0.2,1184.99,899.88,Returned
ORD-104160,2025-05-11,SKU-1105,Accessories,NA-E,Retail,Consumer,Fatima Bennett,2,139.86,0.15,237.76,121.94,Shipped
ORD-100461,2025-05-12,SKU-1045,Peripherals,APAC-S,Online,SMB,Emeka Weber,2,388.64,0,777.28,417.58,Returned
ORD-101478,2025-05-12,SKU-1095,Storage,DACH,Direct,Mid-Market,Malik Andersen,1,537.52,0,537.52,385.17,Shipped
ORD-102188,2025-05-12,SKU-1020,Laptops,NA-W,Online,Enterprise,Emeka Weber,13,3674.26,0.1,42988.84,31079.36,Shipped
ORD-104347,2025-05-12,SKU-1064,Networking,APAC-N,Online,SMB,Viktor Zhang,5,2008.03,0,10040.15,6091.0,Shipped
ORD-104467,2025-05-12,SKU-1005,Laptops,APAC-N,Online,Mid-Market,Ivan Kaur,1,1611.9,0,1611.9,1032.29,Pending
ORD-104699,2025-05-12,SKU-1087,Storage,NA-W,Direct,Mid-Market,Rosa Weber,3,222.44,0.25,500.49,452.43,Returned
ORD-103502,2025-05-13,SKU-1024,Monitors,LATAM,Partner,Mid-Market,Elena Laurent,1,340.87,0.1,306.78,221.59,Pending
ORD-103913,2025-05-13,SKU-1037,Monitors,NA-W,Partner,Mid-Market,Elena Kaur,2,1230.78,0,2461.56,1565.38,Pending
ORD-100293,2025-05-14,SKU-1093,Storage,DACH,Online,Mid-Market,Rania Eriksen,4,856.06,0,3424.24,2513.12,Returned
ORD-100646,2025-05-14,SKU-1019,Laptops,DACH,Partner,Mid-Market,Nadia Kowalski,2,1704.93,0.1,3068.87,2350.94,Shipped
ORD-100314,2025-05-15,SKU-1006,Laptops,APAC-N,Direct,Mid-Market,Rania Eriksen,1,2229.97,0.05,2118.47,1483.83,Shipped
ORD-103072,2025-05-15,SKU-1074,Networking,DACH,Partner,SMB,Rania Kaur,5,192.25,0.2,769.0,604.35,Pending
ORD-103727,2025-05-15,SKU-1072,Networking,APAC-S,Direct,Enterprise,Ada Singh,3,593.71,0.05,1692.07,1114.44,Pending
ORD-103772,2025-05-15,SKU-1118,Accessories,NA-E,Online,Enterprise,Thea Delgado,2,143.1,0.15,243.27,115.28,Shipped
ORD-104952,2025-05-15,SKU-1038,Monitors,UKI,Direct,Enterprise,Rania Eriksen,3,829.48,0,2488.44,1662.99,Shipped
ORD-100290,2025-05-16,SKU-1021,Monitors,NA-W,Direct,Enterprise,Petra Ibrahim,1,444.75,0.25,333.56,303.16,Shipped
ORD-102650,2025-05-16,SKU-1099,Storage,LATAM,Partner,Enterprise,Fatima Dahl,4,881.67,0.1,3174.01,2375.56,Shipped
ORD-102977,2025-05-16,SKU-1118,Accessories,UKI,Direct,Enterprise,Wei Tanaka,3,143.1,0.15,364.9,172.92,Shipped
ORD-104173,2025-05-16,SKU-1070,Networking,LATAM,Partner,SMB,Yusuf Mbeki,1,1052.94,0.05,1000.29,630.08,Shipped
ORD-104894,2025-05-16,SKU-1106,Accessories,UKI,Partner,SMB,Fatima Bennett,1,179.48,0,179.48,81.37,Shipped
ORD-104969,2025-05-16,SKU-1081,Storage,NORDIC,Online,SMB,Thea Delgado,3,427.43,0,1282.29,887.34,Shipped
ORD-100892,2025-05-17,SKU-1031,Monitors,DACH,Partner,Enterprise,Viktor Zhang,1,953.0,0,953.0,667.83,Shipped
ORD-101756,2025-05-17,SKU-1021,Monitors,NA-W,Direct,Mid-Market,Ada Zimmerman,3,444.75,0.25,1000.69,909.48,Shipped
ORD-101868,2025-05-17,SKU-1028,Monitors,UKI,Direct,SMB,Hana Rossi,1,1296.45,0,1296.45,836.57,Returned
ORD-102708,2025-05-17,SKU-1089,Storage,NA-W,Online,Enterprise,Ada Vargas,1,512.43,0.05,486.81,339.7,Shipped
ORD-104856,2025-05-17,SKU-1113,Accessories,NA-W,Partner,SMB,Kwame Abara,1,23.87,0.25,17.9,10.45,Shipped
ORD-104982,2025-05-17,SKU-1002,Laptops,LATAM,Partner,SMB,Emeka Weber,4,3368.08,0.15,11451.47,9198.92,Shipped
ORD-100236,2025-05-18,SKU-1092,Storage,NA-E,Direct,Mid-Market,Ada Zimmerman,3,227.16,0,681.48,481.95,Shipped
ORD-100910,2025-05-18,SKU-1105,Accessories,NA-W,Direct,Consumer,Zara Fontaine,5,139.86,0.25,524.48,304.85,Returned
ORD-101659,2025-05-18,SKU-1068,Networking,UKI,Retail,Enterprise,Malik Kowalski,1,782.54,0.15,665.16,463.25,Shipped
ORD-103008,2025-05-18,SKU-1049,Peripherals,DACH,Direct,Enterprise,Amara Dahl,1,426.32,0,426.32,231.11,Returned
ORD-104100,2025-05-18,SKU-1007,Laptops,APAC-N,Retail,Consumer,Viktor Zhang,1,1513.38,0.2,1210.7,1061.74,Shipped
ORD-100494,2025-05-19,SKU-1025,Monitors,NA-E,Retail,Mid-Market,Malik Kowalski,3,577.77,0.05,1646.64,1194.03,Pending
ORD-104965,2025-05-19,SKU-1020,Laptops,APAC-N,Online,Mid-Market,Greta Haddad,3,3674.26,0.05,10471.64,7172.16,Shipped
ORD-100375,2025-05-20,SKU-1026,Monitors,UKI,Direct,Mid-Market,Zara Fontaine,4,371.18,0.05,1410.48,1016.08,Returned
ORD-100472,2025-05-20,SKU-1022,Monitors,UKI,Partner,Enterprise,Elena Kaur,1,296.21,0.15,251.78,195.26,Shipped
ORD-100930,2025-05-20,SKU-1049,Peripherals,DACH,Partner,Mid-Market,Elena Laurent,1,426.32,0.2,341.06,231.11,Shipped
ORD-102219,2025-05-20,SKU-1050,Peripherals,LATAM,Retail,Enterprise,Greta Haddad,3,335.4,0.2,804.96,569.07,Shipped
ORD-104604,2025-05-20,SKU-1019,Laptops,LATAM,Direct,SMB,Amara Dahl,7,1704.93,0.15,10144.33,8228.29,Returned
ORD-100499,2025-05-21,SKU-1096,Storage,UKI,Direct,Consumer,Kwame Abara,1,924.54,0.25,693.4,664.98,Shipped
ORD-101305,2025-05-21,SKU-1017,Laptops,APAC-N,Online,SMB,Paulo Carvalho,1,3083.45,0.05,2929.28,2180.49,Shipped
ORD-101695,2025-05-21,SKU-1026,Monitors,NA-W,Partner,Enterprise,Rania Eriksen,1,371.18,0,371.18,254.02,Pending
ORD-102620,2025-05-21,SKU-1072,Networking,NORDIC,Direct,Mid-Market,Malik Kowalski,2,593.71,0,1187.42,742.96,Shipped
ORD-104489,2025-05-21,SKU-1099,Storage,DACH,Partner,Mid-Market,Rosa Marchetti,1,881.67,0,881.67,593.89,Returned
ORD-100633,2025-05-22,SKU-1085,Storage,NA-E,Direct,SMB,Malik Andersen,2,163.55,0.15,278.04,246.76,Pending
ORD-101788,2025-05-22,SKU-1033,Monitors,NA-E,Partner,Consumer,Nadia Kowalski,6,617.73,0.2,2965.1,2401.5,Pending
ORD-102043,2025-05-22,SKU-1101,Accessories,NA-E,Online,Mid-Market,Ivan Kaur,16,149.25,0,2388.0,960.8,Shipped
ORD-104611,2025-05-22,SKU-1055,Peripherals,APAC-S,Partner,SMB,Uma Sandoval,1,77.77,0.1,69.99,39.18,Pending
ORD-100769,2025-05-23,SKU-1016,Laptops,APAC-N,Direct,SMB,Elena Kaur,2,3292.27,0,6584.54,4456.08,Shipped
ORD-101100,2025-05-23,SKU-1014,Laptops,NA-E,Direct,Mid-Market,Thea Delgado,2,1949.83,0.25,2924.74,2643.02,Shipped
ORD-102925,2025-05-23,SKU-1100,Storage,APAC-N,Partner,SMB,Fatima Bennett,5,754.71,0,3773.55,2499.3,Shipped
ORD-104351,2025-05-23,SKU-1103,Accessories,UKI,Direct,Enterprise,Fatima Iversen,6,198.1,0,1188.6,517.8,Pending
ORD-104535,2025-05-23,SKU-1005,Laptops,NA-E,Direct,SMB,Nikolai Jensen,4,1611.9,0,6447.6,4129.16,Shipped
ORD-104653,2025-05-23,SKU-1030,Monitors,UKI,Direct,SMB,Ada Vargas,11,756.24,0.15,7070.84,5744.2,Shipped
ORD-104918,2025-05-23,SKU-1067,Networking,APAC-S,Online,Mid-Market,Greta Haddad,3,254.78,0,764.34,461.28,Shipped
ORD-102418,2025-05-24,SKU-1031,Monitors,NA-W,Partner,SMB,Fatima Dahl,8,953.0,0.15,6480.4,5342.64,Shipped
ORD-103159,2025-05-24,SKU-1047,Peripherals,NA-E,Direct,SMB,Nikolai Jensen,1,240.32,0.2,192.26,126.58,Shipped
ORD-100019,2025-05-25,SKU-1105,Accessories,NA-E,Online,Enterprise,Hana Rossi,7,139.86,0.2,783.22,426.79,Shipped
ORD-101092,2025-05-25,SKU-1056,Peripherals,NA-E,Online,Mid-Market,Amara Dahl,3,45.14,0.05,128.65,67.86,Shipped
ORD-101297,2025-05-25,SKU-1033,Monitors,DACH,Direct,Enterprise,Emeka Lindqvist,1,617.73,0.05,586.84,400.25,Shipped
ORD-102181,2025-05-25,SKU-1119,Accessories,NA-W,Online,Mid-Market,Paulo Carvalho,6,84.73,0.05,482.96,249.36,Returned
ORD-104075,2025-05-25,SKU-1036,Monitors,NA-W,Online,Mid-Market,Elena Okafor,1,1180.66,0,1180.66,767.33,Shipped
ORD-104327,2025-05-25,SKU-1073,Networking,UKI,Online,Consumer,Zara Fontaine,3,347.65,0.2,834.36,679.26,Shipped
ORD-100237,2025-05-26,SKU-1089,Storage,NORDIC,Partner,Enterprise,Darius Kaur,2,512.43,0.15,871.13,679.4,Shipped
ORD-100308,2025-05-26,SKU-1107,Accessories,LATAM,Partner,Consumer,Ada Zimmerman,1,92.86,0.1,83.57,37.72,Shipped
ORD-102222,2025-05-26,SKU-1031,Monitors,UKI,Online,Mid-Market,Yusuf Fontaine,1,953.0,0.25,714.75,667.83,Shipped
ORD-103002,2025-05-26,SKU-1028,Monitors,UKI,Online,Enterprise,Rania Eriksen,1,1296.45,0.15,1101.98,836.57,Shipped
ORD-104065,2025-05-26,SKU-1043,Peripherals,APAC-N,Direct,Mid-Market,Yusuf Mbeki,3,212.9,0,638.7,339.45,Shipped
ORD-101407,2025-05-27,SKU-1106,Accessories,APAC-S,Online,SMB,Ada Singh,2,179.48,0,358.96,162.74,Shipped
ORD-104587,2025-05-27,SKU-1029,Monitors,APAC-N,Partner,Enterprise,Amara Dahl,8,438.72,0,3509.76,2299.36,Shipped
ORD-101572,2025-05-28,SKU-1058,Peripherals,LATAM,Direct,Mid-Market,Malik Eriksen,5,410.18,0.2,1640.72,1109.35,Shipped
ORD-102090,2025-05-28,SKU-1004,Laptops,DACH,Online,SMB,Fatima Dahl,7,3198.86,0,22392.02,15533.63,Shipped
ORD-103097,2025-05-28,SKU-1094,Storage,DACH,Direct,SMB,Wei Tanaka,3,321.11,0.15,818.83,674.67,Shipped
ORD-103388,2025-05-28,SKU-1010,Laptops,LATAM,Partner,SMB,Bruno Zhang,15,1514.87,0.1,20450.74,16353.45,Shipped
ORD-103925,2025-05-28,SKU-1005,Laptops,APAC-N,Partner,SMB,Emeka Lindqvist,5,1611.9,0,8059.5,5161.45,Returned
ORD-103992,2025-05-28,SKU-1120,Accessories,NA-E,Direct,Consumer,Emeka Lindqvist,1,210.18,0.25,157.63,86.17,Shipped
ORD-104394,2025-05-28,SKU-1029,Monitors,UKI,Direct,Mid-Market,Rania Kaur,2,438.72,0,877.44,574.84,Shipped
ORD-101052,2025-05-29,SKU-1027,Monitors,DACH,Partner,SMB,Hana Rossi,1,487.06,0.25,365.3,331.56,Shipped
ORD-103651,2025-05-29,SKU-1009,Laptops,LATAM,Online,Mid-Market,Nikolai Jensen,14,3341.5,0.05,44441.95,32460.12,Shipped
ORD-104865,2025-05-29,SKU-1029,Monitors,APAC-N,Direct,Consumer,Kwame Abara,1,438.72,0.05,416.78,287.42,Pending
ORD-100440,2025-05-30,SKU-1062,Networking,NA-W,Direct,SMB,Elena Kaur,5,864.38,0.15,3673.61,2708.45,Shipped
ORD-100896,2025-05-30,SKU-1033,Monitors,UKI,Online,Enterprise,Yara Eriksen,2,617.73,0.25,926.6,800.5,Shipped
ORD-101275,2025-05-30,SKU-1094,Storage,DACH,Direct,Enterprise,Bao Kaur,3,321.11,0,963.33,674.67,Returned
ORD-102498,2025-05-30,SKU-1010,Laptops,LATAM,Direct,Enterprise,Sana Lindqvist,2,1514.87,0,3029.74,2180.46,Shipped
ORD-104202,2025-05-30,SKU-1061,Networking,NA-W,Direct,Mid-Market,Yusuf Mbeki,1,1191.4,0,1191.4,695.99,Shipped
ORD-104234,2025-05-30,SKU-1038,Monitors,NA-E,Online,Consumer,Kwame Abara,1,829.48,0.15,705.06,554.33,Shipped
ORD-104620,2025-05-30,SKU-1008,Laptops,DACH,Retail,Consumer,Yusuf Fontaine,4,2860.19,0,11440.76,7959.72,Shipped
ORD-104650,2025-05-30,SKU-1100,Storage,APAC-N,Partner,Mid-Market,Yusuf Mbeki,5,754.71,0.2,3018.84,2499.3,Pending
ORD-104718,2025-05-30,SKU-1036,Monitors,NA-E,Online,Enterprise,Bruno Zhang,1,1180.66,0.05,1121.63,767.33,Shipped
ORD-101231,2025-05-31,SKU-1039,Monitors,UKI,Direct,SMB,Zara Fontaine,3,1201.03,0.05,3422.94,2244.39,Shipped
ORD-102822,2025-05-31,SKU-1052,Peripherals,UKI,Partner,SMB,Kwame Abara,2,310.49,0,620.98,318.56,Shipped
ORD-103355,2025-05-31,SKU-1035,Monitors,LATAM,Online,Consumer,Rosa Marchetti,2,1114.67,0.15,1894.94,1526.02,Shipped
ORD-103434,2025-05-31,SKU-1098,Storage,NA-W,Online,SMB,Rosa Marchetti,7,587.94,0.15,3498.24,2850.19,Shipped
ORD-103875,2025-05-31,SKU-1052,Peripherals,NA-E,Direct,Enterprise,Rosa Marchetti,6,310.49,0.25,1397.2,955.68,Shipped
ORD-104714,2025-05-31,SKU-1097,Storage,NA-E,Direct,Mid-Market,Nadia Kowalski,1,176.34,0.2,141.07,133.35,Returned
ORD-100876,2025-06-01,SKU-1107,Accessories,NA-E,Partner,Enterprise,Elena Kaur,5,92.86,0.15,394.65,188.6,Returned
ORD-101711,2025-06-01,SKU-1105,Accessories,UKI,Partner,Mid-Market,Thea Ibrahim,1,139.86,0,139.86,60.97,Shipped
ORD-102675,2025-06-01,SKU-1032,Monitors,UKI,Retail,Enterprise,Yusuf Fontaine,10,929.07,0.2,7432.56,5854.9,Pending
ORD-104348,2025-06-01,SKU-1061,Networking,UKI,Partner,SMB,Malik Andersen,4,1191.4,0,4765.6,2783.96,Shipped
ORD-101668,2025-06-02,SKU-1030,Monitors,APAC-N,Partner,Mid-Market,Darius Kaur,1,756.24,0.1,680.62,522.2,Shipped
ORD-103265,2025-06-02,SKU-1075,Networking,NA-E,Online,Enterprise,Yusuf Mbeki,1,1273.44,0.05,1209.77,736.87,Shipped
ORD-100774,2025-06-03,SKU-1096,Storage,NA-W,Partner,Enterprise,Thea Ibrahim,25,924.54,0,23113.5,16624.5,Shipped
ORD-104966,2025-06-03,SKU-1009,Laptops,NA-W,Partner,Mid-Market,Rania Eriksen,5,3341.5,0.05,15872.12,11592.9,Shipped
ORD-100204,2025-06-04,SKU-1073,Networking,LATAM,Online,Mid-Market,Thea Zhang,1,347.65,0.2,278.12,226.42,Pending
ORD-100338,2025-06-04,SKU-1107,Accessories,UKI,Partner,Enterprise,Ada Singh,1,92.86,0.25,69.64,37.72,Pending
ORD-101445,2025-06-04,SKU-1055,Peripherals,DACH,Partner,SMB,Emeka Lindqvist,5,77.77,0.05,369.41,195.9,Shipped
ORD-101804,2025-06-04,SKU-1035,Monitors,DACH,Retail,Enterprise,Malik Eriksen,1,1114.67,0.1,1003.2,763.01,Shipped
ORD-103431,2025-06-04,SKU-1091,Storage,UKI,Partner,Enterprise,Bao Alvarez,2,949.67,0,1899.34,1399.02,Shipped
ORD-100835,2025-06-05,SKU-1032,Monitors,LATAM,Online,Consumer,Thea Zhang,2,929.07,0.2,1486.51,1170.98,Returned
ORD-101086,2025-06-05,SKU-1096,Storage,APAC-N,Direct,SMB,Amara Dahl,1,924.54,0,924.54,664.98,Shipped
ORD-101523,2025-06-05,SKU-1033,Monitors,APAC-N,Direct,Mid-Market,Ada Zimmerman,2,617.73,0,1235.46,800.5,Shipped
ORD-102276,2025-06-05,SKU-1011,Laptops,DACH,Online,Mid-Market,Ada Zimmerman,6,2304.08,0,13824.48,8935.8,Shipped
ORD-103869,2025-06-05,SKU-1071,Networking,APAC-N,Direct,Enterprise,Petra Ibrahim,6,827.39,0.15,4219.69,3172.26,Returned
ORD-100417,2025-06-06,SKU-1109,Accessories,NORDIC,Direct,Consumer,Nikolai Jensen,8,131.89,0.2,844.1,475.44,Returned
ORD-100719,2025-06-06,SKU-1001,Laptops,NA-W,Partner,Enterprise,Yusuf Fontaine,1,1590.48,0,1590.48,1122.06,Shipped
ORD-104767,2025-06-06,SKU-1041,Peripherals,NA-E,Direct,Enterprise,Wei Tanaka,3,371.64,0.2,891.94,633.81,Shipped
ORD-101741,2025-06-07,SKU-1075,Networking,APAC-S,Online,SMB,Greta Haddad,5,1273.44,0.1,5730.48,3684.35,Shipped
ORD-103311,2025-06-07,SKU-1108,Accessories,LATAM,Online,Mid-Market,Malik Kowalski,3,111.01,0,333.03,143.82,Shipped
ORD-103527,2025-06-08,SKU-1023,Monitors,NA-E,Partner,Enterprise,Ada Zimmerman,1,1366.21,0.2,1092.97,898.81,Shipped
ORD-104086,2025-06-08,SKU-1006,Laptops,NA-E,Online,Mid-Market,Fatima Bennett,2,2229.97,0.1,4013.95,2967.66,Shipped
ORD-101522,2025-06-09,SKU-1042,Peripherals,UKI,Partner,Mid-Market,Ivan Kaur,1,84.72,0,84.72,46.51,Shipped
ORD-100668,2025-06-10,SKU-1111,Accessories,NA-E,Direct,SMB,Bao Alvarez,2,118.52,0,237.04,101.34,Returned
ORD-103672,2025-06-10,SKU-1120,Accessories,APAC-N,Direct,SMB,Nikolai Jensen,51,210.18,0,10719.18,4394.67,Shipped
ORD-103706,2025-06-10,SKU-1111,Accessories,DACH,Online,Enterprise,Thea Delgado,2,118.52,0.15,201.48,101.34,Shipped
ORD-100199,2025-06-11,SKU-1089,Storage,NA-W,Partner,Mid-Market,Greta Haddad,3,512.43,0.15,1306.7,1019.1,Pending
ORD-100734,2025-06-11,SKU-1016,Laptops,DACH,Partner,Mid-Market,Kwame Abara,11,3292.27,0.2,28971.98,24508.44,Pending
ORD-101336,2025-06-11,SKU-1066,Networking,UKI,Retail,SMB,Bao Kaur,1,491.43,0.25,368.57,287.69,Shipped
ORD-103086,2025-06-11,SKU-1002,Laptops,LATAM,Online,SMB,Elena Laurent,1,3368.08,0.05,3199.68,2299.73,Returned
ORD-104712,2025-06-11,SKU-1029,Monitors,APAC-N,Partner,SMB,Thea Ibrahim,5,438.72,0,2193.6,1437.1,Shipped
ORD-101607,2025-06-12,SKU-1091,Storage,NA-W,Direct,Enterprise,Hana Rossi,3,949.67,0.05,2706.56,2098.53,Returned
ORD-101629,2025-06-12,SKU-1075,Networking,NA-W,Direct,Mid-Market,Amara Dahl,5,1273.44,0.05,6048.84,3684.35,Shipped
ORD-104196,2025-06-12,SKU-1031,Monitors,APAC-S,Partner,Mid-Market,Rania Eriksen,1,953.0,0,953.0,667.83,Shipped
ORD-100826,2025-06-13,SKU-1104,Accessories,DACH,Direct,SMB,Amara Dahl,5,40.52,0.05,192.47,96.7,Shipped
ORD-104799,2025-06-13,SKU-1078,Networking,NA-E,Online,Mid-Market,Rania Kaur,1,981.51,0.05,932.43,583.05,Shipped
ORD-100119,2025-06-14,SKU-1058,Peripherals,APAC-S,Direct,Mid-Market,Ada Zimmerman,1,410.18,0.2,328.14,221.87,Shipped
ORD-100696,2025-06-14,SKU-1110,Accessories,NA-W,Direct,SMB,Bruno Zhang,2,50.0,0.25,75.0,47.96,Shipped
ORD-100787,2025-06-14,SKU-1012,Laptops,APAC-S,Partner,SMB,Yusuf Fontaine,2,3047.46,0,6094.92,4204.78,Shipped
ORD-101247,2025-06-14,SKU-1048,Peripherals,NA-W,Online,SMB,Fatima Dahl,6,405.97,0,2435.82,1203.84,Shipped
ORD-101342,2025-06-14,SKU-1043,Peripherals,NA-E,Partner,Enterprise,Zara Fontaine,15,212.9,0,3193.5,1697.25,Shipped
ORD-101452,2025-06-14,SKU-1033,Monitors,NA-W,Direct,SMB,Sana Lindqvist,8,617.73,0.1,4447.66,3202.0,Shipped
ORD-102195,2025-06-14,SKU-1067,Networking,APAC-S,Partner,Enterprise,Yusuf Fontaine,1,254.78,0.05,242.04,153.76,Returned
ORD-103181,2025-06-14,SKU-1011,Laptops,NA-E,Online,Mid-Market,Elena Laurent,2,2304.08,0.25,3456.12,2978.6,Shipped
ORD-103301,2025-06-14,SKU-1050,Peripherals,DACH,Direct,Enterprise,Ada Zimmerman,1,335.4,0.2,268.32,189.69,Returned
ORD-103312,2025-06-14,SKU-1022,Monitors,LATAM,Partner,Enterprise,Yusuf Fontaine,2,296.21,0.05,562.8,390.52,Shipped
ORD-103528,2025-06-14,SKU-1120,Accessories,UKI,Direct,Consumer,Darius Kaur,5,210.18,0.05,998.36,430.85,Shipped
ORD-103583,2025-06-14,SKU-1004,Laptops,UKI,Direct,SMB,Paulo Carvalho,2,3198.86,0,6397.72,4438.18,Shipped
ORD-103796,2025-06-14,SKU-1089,Storage,NA-W,Direct,SMB,Zara Fontaine,3,512.43,0.15,1306.7,1019.1,Shipped
ORD-100770,2025-06-15,SKU-1093,Storage,NA-W,Direct,Mid-Market,Amara Dahl,3,856.06,0.2,2054.54,1884.84,Pending
ORD-100830,2025-06-15,SKU-1092,Storage,DACH,Online,Mid-Market,Kwame Abara,2,227.16,0.05,431.6,321.3,Returned
ORD-101859,2025-06-15,SKU-1017,Laptops,APAC-N,Online,Mid-Market,Nikolai Jensen,2,3083.45,0.2,4933.52,4360.98,Shipped
ORD-101922,2025-06-15,SKU-1111,Accessories,LATAM,Online,Enterprise,Chen Iversen,5,118.52,0.05,562.97,253.35,Returned
ORD-102281,2025-06-15,SKU-1073,Networking,APAC-N,Direct,Mid-Market,Darius Kaur,2,347.65,0.2,556.24,452.84,Shipped
ORD-102444,2025-06-15,SKU-1020,Laptops,UKI,Retail,Consumer,Fatima Bennett,1,3674.26,0.2,2939.41,2390.72,Pending
ORD-102640,2025-06-15,SKU-1093,Storage,NA-E,Direct,SMB,Nadia Kowalski,5,856.06,0.2,3424.24,3141.4,Shipped
ORD-104974,2025-06-15,SKU-1067,Networking,LATAM,Partner,Consumer,Yusuf Mbeki,3,254.78,0.1,687.91,461.28,Shipped
ORD-101470,2025-06-16,SKU-1052,Peripherals,LATAM,Online,Enterprise,Yusuf Fontaine,2,310.49,0.05,589.93,318.56,Shipped
ORD-101950,2025-06-16,SKU-1020,Laptops,UKI,Retail,Enterprise,Yara Eriksen,2,3674.26,0.2,5878.82,4781.44,Returned
ORD-103811,2025-06-16,SKU-1107,Accessories,UKI,Partner,Enterprise,Adaeze Marchetti,2,92.86,0.2,148.58,75.44,Pending
ORD-104534,2025-06-16,SKU-1051,Peripherals,APAC-N,Direct,SMB,Wei Tanaka,3,311.03,0,933.09,534.54,Returned
ORD-104562,2025-06-16,SKU-1076,Networking,DACH,Direct,SMB,Amara Dahl,1,1719.15,0.05,1633.19,1029.28,Shipped
ORD-100923,2025-06-17,SKU-1088,Storage,NA-E,Direct,SMB,Emeka Lindqvist,9,601.62,0,5414.58,3905.37,Pending
ORD-102004,2025-06-17,SKU-1003,Laptops,LATAM,Direct,SMB,Thea Delgado,1,2349.75,0.05,2232.26,1512.37,Shipped
ORD-103841,2025-06-17,SKU-1027,Monitors,NA-E,Partner,Mid-Market,Greta Haddad,6,487.06,0,2922.36,1989.36,Returned
ORD-103941,2025-06-17,SKU-1020,Laptops,NA-E,Partner,Enterprise,Wei Tanaka,2,3674.26,0,7348.52,4781.44,Pending
ORD-104154,2025-06-17,SKU-1060,Peripherals,NA-E,Direct,SMB,Rosa Weber,2,299.52,0,599.04,339.3,Shipped
ORD-102592,2025-06-18,SKU-1027,Monitors,NA-W,Direct,SMB,Fatima Iversen,5,487.06,0.05,2313.53,1657.8,Shipped
ORD-104341,2025-06-18,SKU-1010,Laptops,NA-E,Online,Enterprise,Nadia Kowalski,1,1514.87,0.2,1211.9,1090.23,Returned
ORD-104450,2025-06-18,SKU-1032,Monitors,NA-E,Direct,Mid-Market,Yusuf Fontaine,1,929.07,0.1,836.16,585.49,Shipped
ORD-104500,2025-06-18,SKU-1031,Monitors,UKI,Online,Consumer,Thea Zhang,1,953.0,0.1,857.7,667.83,Shipped
ORD-100197,2025-06-19,SKU-1047,Peripherals,NA-W,Online,Mid-Market,Thea Ibrahim,1,240.32,0,240.32,126.58,Shipped
ORD-101502,2025-06-19,SKU-1042,Peripherals,LATAM,Direct,SMB,Zara Sorensen,2,84.72,0.05,160.97,93.02,Returned
ORD-101903,2025-06-19,SKU-1090,Storage,LATAM,Partner,Enterprise,Malik Kowalski,1,853.08,0.2,682.46,563.34,Shipped
ORD-102504,2025-06-19,SKU-1025,Monitors,DACH,Direct,Enterprise,Malik Eriksen,2,577.77,0.15,982.21,796.02,Shipped
ORD-104487,2025-06-19,SKU-1050,Peripherals,NA-E,Retail,Mid-Market,Thea Zhang,2,335.4,0.05,637.26,379.38,Shipped
ORD-104997,2025-06-19,SKU-1023,Monitors,NA-W,Direct,SMB,Zara Sorensen,2,1366.21,0.05,2595.8,1797.62,Returned
ORD-101619,2025-06-20,SKU-1114,Accessories,NA-E,Direct,SMB,Ada Zimmerman,1,150.14,0.05,142.63,72.47,Shipped
ORD-102913,2025-06-20,SKU-1095,Storage,NA-W,Partner,SMB,Thea Delgado,2,537.52,0,1075.04,770.34,Shipped
ORD-103108,2025-06-20,SKU-1036,Monitors,UKI,Retail,SMB,Zara Sorensen,4,1180.66,0.2,3778.11,3069.32,Shipped
ORD-103771,2025-06-20,SKU-1015,Laptops,LATAM,Direct,Consumer,Viktor Zhang,2,1315.81,0.25,1973.71,1849.38,Returned
ORD-104336,2025-06-20,SKU-1120,Accessories,DACH,Direct,Mid-Market,Elena Laurent,6,210.18,0.05,1198.03,517.02,Shipped
ORD-104424,2025-06-20,SKU-1092,Storage,NA-W,Retail,Mid-Market,Rania Eriksen,4,227.16,0,908.64,642.6,Returned
ORD-100780,2025-06-21,SKU-1071,Networking,NA-W,Online,Enterprise,Emeka Lindqvist,1,827.39,0.05,786.02,528.71,Shipped
ORD-101806,2025-06-21,SKU-1094,Storage,LATAM,Online,Consumer,Fatima Iversen,1,321.11,0,321.11,224.89,Pending
ORD-102836,2025-06-21,SKU-1084,Storage,APAC-N,Partner,SMB,Malik Kowalski,2,497.7,0,995.4,729.16,Shipped
ORD-103122,2025-06-21,SKU-1040,Monitors,NA-W,Retail,Consumer,Bruno Zhang,1,519.33,0.1,467.4,344.73,Pending
ORD-104024,2025-06-21,SKU-1051,Peripherals,NA-W,Direct,SMB,Sana Lindqvist,2,311.03,0.15,528.75,356.36,Shipped
ORD-104178,2025-06-21,SKU-1096,Storage,NORDIC,Partner,Enterprise,Rania Kaur,3,924.54,0,2773.62,1994.94,Shipped
ORD-100495,2025-06-22,SKU-1030,Monitors,NA-E,Online,Mid-Market,Fatima Bennett,1,756.24,0.05,718.43,522.2,Shipped
ORD-100878,2025-06-22,SKU-1099,Storage,NA-W,Direct,SMB,Bao Kaur,1,881.67,0,881.67,593.89,Shipped
ORD-102746,2025-06-22,SKU-1066,Networking,APAC-N,Partner,SMB,Bruno Zhang,4,491.43,0.05,1867.43,1150.76,Returned
ORD-104483,2025-06-22,SKU-1110,Accessories,APAC-N,Partner,SMB,Petra Ibrahim,1,50.0,0.05,47.5,23.98,Shipped
ORD-101632,2025-06-23,SKU-1068,Networking,NA-W,Partner,Mid-Market,Emeka Weber,2,782.54,0.05,1486.83,926.5,Pending
ORD-102003,2025-06-23,SKU-1023,Monitors,NA-W,Partner,Mid-Market,Thea Ibrahim,8,1366.21,0,10929.68,7190.48,Shipped
ORD-102438,2025-06-23,SKU-1069,Networking,NA-E,Partner,Mid-Market,Elena Okafor,1,640.52,0,640.52,390.62,Returned
ORD-102938,2025-06-23,SKU-1085,Storage,NA-E,Direct,Mid-Market,Bao Alvarez,2,163.55,0.05,310.75,246.76,Shipped
ORD-100094,2025-06-24,SKU-1020,Laptops,NA-E,Direct,Mid-Market,Hana Rossi,4,3674.26,0.05,13962.19,9562.88,Pending
ORD-102541,2025-06-24,SKU-1089,Storage,DACH,Partner,SMB,Bao Alvarez,2,512.43,0.25,768.64,679.4,Shipped
ORD-103138,2025-06-24,SKU-1108,Accessories,NA-E,Direct,SMB,Yusuf Mbeki,4,111.01,0.1,399.64,191.76,Pending
ORD-104058,2025-06-24,SKU-1104,Accessories,NA-E,Online,Enterprise,Emeka Weber,2,40.52,0.1,72.94,38.68,Shipped
ORD-100354,2025-06-25,SKU-1054,Peripherals,NA-E,Partner,Mid-Market,Adaeze Marchetti,1,210.36,0.2,168.29,104.59,Pending
ORD-101840,2025-06-25,SKU-1103,Accessories,APAC-S,Direct,Mid-Market,Adaeze Marchetti,6,198.1,0.25,891.45,517.8,Pending
ORD-101976,2025-06-25,SKU-1042,Peripherals,UKI,Partner,SMB,Darius Kaur,1,84.72,0.25,63.54,46.51,Shipped
ORD-102884,2025-06-25,SKU-1117,Accessories,NA-E,Online,Mid-Market,Amara Dahl,6,127.94,0.2,614.11,334.98,Shipped
ORD-103198,2025-06-25,SKU-1068,Networking,NA-E,Partner,Mid-Market,Viktor Zhang,5,782.54,0.05,3717.06,2316.25,Shipped
ORD-103490,2025-06-25,SKU-1049,Peripherals,DACH,Direct,Enterprise,Chen Iversen,2,426.32,0.15,724.74,462.22,Shipped
ORD-104013,2025-06-25,SKU-1099,Storage,NA-W,Online,Mid-Market,Paulo Carvalho,10,881.67,0.25,6612.52,5938.9,Pending
ORD-100238,2025-06-26,SKU-1104,Accessories,DACH,Partner,Mid-Market,Ada Singh,7,40.52,0.1,255.28,135.38,Shipped
ORD-101497,2025-06-26,SKU-1118,Accessories,NA-E,Direct,SMB,Rosa Weber,1,143.1,0.05,135.94,57.64,Shipped
ORD-101566,2025-06-26,SKU-1023,Monitors,NORDIC,Partner,Mid-Market,Bao Kaur,2,1366.21,0.15,2322.56,1797.62,Shipped
ORD-104179,2025-06-26,SKU-1089,Storage,DACH,Online,Enterprise,Fatima Iversen,2,512.43,0.25,768.64,679.4,Shipped
ORD-104416,2025-06-26,SKU-1100,Storage,NA-W,Partner,Mid-Market,Yara Eriksen,5,754.71,0.05,3584.87,2499.3,Pending
ORD-100113,2025-06-27,SKU-1065,Networking,UKI,Partner,SMB,Chen Iversen,3,417.19,0.25,938.68,717.72,Shipped
ORD-103011,2025-06-27,SKU-1020,Laptops,LATAM,Direct,Consumer,Hana Rossi,2,3674.26,0,7348.52,4781.44,Pending
ORD-103936,2025-06-27,SKU-1111,Accessories,UKI,Partner,SMB,Zara Sorensen,2,118.52,0.1,213.34,101.34,Shipped
ORD-104828,2025-06-27,SKU-1087,Storage,NA-E,Partner,Enterprise,Rosa Weber,1,222.44,0.2,177.95,150.81,Returned
ORD-100115,2025-06-28,SKU-1095,Storage,APAC-N,Online,Consumer,Petra Ibrahim,12,537.52,0.2,5160.19,4622.04,Shipped
ORD-102262,2025-06-28,SKU-1112,Accessories,NA-E,Partner,Mid-Market,Bao Kaur,1,160.4,0.05,152.38,73.98,Shipped
ORD-102734,2025-06-28,SKU-1066,Networking,LATAM,Online,Enterprise,Zara Fontaine,3,491.43,0.25,1105.72,863.07,Shipped
ORD-104139,2025-06-28,SKU-1080,Networking,NA-E,Partner,SMB,Thea Zhang,1,788.65,0,788.65,516.63,Shipped
ORD-100152,2025-06-29,SKU-1081,Storage,NA-W,Direct,Enterprise,Ada Vargas,2,427.43,0.15,726.63,591.56,Pending
ORD-101253,2025-06-29,SKU-1021,Monitors,LATAM,Partner,Enterprise,Amara Dahl,1,444.75,0.1,400.28,303.16,Returned
ORD-101676,2025-06-29,SKU-1069,Networking,NA-W,Online,Enterprise,Greta Haddad,2,640.52,0,1281.04,781.24,Shipped
ORD-101834,2025-06-29,SKU-1066,Networking,NA-E,Retail,Consumer,Sana Lindqvist,2,491.43,0,982.86,575.38,Shipped
ORD-102022,2025-06-29,SKU-1090,Storage,NA-E,Direct,Mid-Market,Elena Okafor,2,853.08,0,1706.16,1126.68,Shipped
ORD-102666,2025-06-29,SKU-1081,Storage,APAC-N,Partner,Consumer,Thea Zhang,8,427.43,0.15,2906.52,2366.24,Shipped
ORD-103730,2025-06-29,SKU-1015,Laptops,UKI,Partner,SMB,Ivan Kaur,4,1315.81,0.1,4736.92,3698.76,Shipped
ORD-100986,2025-06-30,SKU-1038,Monitors,NA-W,Direct,Consumer,Ada Vargas,1,829.48,0.1,746.53,554.33,Shipped
ORD-101608,2025-06-30,SKU-1120,Accessories,APAC-S,Online,Consumer,Zara Sorensen,1,210.18,0.25,157.63,86.17,Shipped
ORD-101816,2025-06-30,SKU-1028,Monitors,NORDIC,Online,Enterprise,Viktor Zhang,4,1296.45,0.05,4926.51,3346.28,Shipped
ORD-101926,2025-06-30,SKU-1101,Accessories,UKI,Direct,Consumer,Ada Singh,2,149.25,0.05,283.57,120.1,Shipped
ORD-102865,2025-06-30,SKU-1043,Peripherals,NA-W,Direct,SMB,Ada Zimmerman,2,212.9,0.2,340.64,226.3,Shipped
ORD-103125,2025-06-30,SKU-1031,Monitors,NA-E,Online,Enterprise,Zara Fontaine,1,953.0,0,953.0,667.83,Pending
ORD-101462,2025-07-01,SKU-1032,Monitors,LATAM,Partner,SMB,Fatima Bennett,2,929.07,0,1858.14,1170.98,Shipped
ORD-101882,2025-07-01,SKU-1036,Monitors,UKI,Online,Mid-Market,Emeka Weber,2,1180.66,0,2361.32,1534.66,Pending
ORD-103429,2025-07-01,SKU-1061,Networking,DACH,Direct,Enterprise,Emeka Weber,12,1191.4,0,14296.8,8351.88,Pending
ORD-104592,2025-07-01,SKU-1037,Monitors,NA-W,Direct,SMB,Rania Kaur,3,1230.78,0.05,3507.72,2348.07,Pending
ORD-100376,2025-07-03,SKU-1020,Laptops,NA-E,Online,Mid-Market,Amara Dahl,2,3674.26,0.2,5878.82,4781.44,Shipped
ORD-100827,2025-07-03,SKU-1113,Accessories,APAC-N,Direct,SMB,Thea Delgado,2,23.87,0,47.74,20.9,Shipped
ORD-101014,2025-07-03,SKU-1039,Monitors,NA-W,Online,Consumer,Malik Kowalski,2,1201.03,0.2,1921.65,1496.26,Shipped
ORD-101030,2025-07-03,SKU-1002,Laptops,DACH,Direct,Enterprise,Emeka Weber,2,3368.08,0.05,6399.35,4599.46,Shipped
ORD-102111,2025-07-03,SKU-1106,Accessories,NA-E,Online,SMB,Bao Kaur,6,179.48,0.05,1023.04,488.22,Pending
ORD-102655,2025-07-03,SKU-1099,Storage,NA-E,Partner,Enterprise,Rosa Marchetti,2,881.67,0.25,1322.5,1187.78,Shipped
ORD-101057,2025-07-04,SKU-1089,Storage,UKI,Online,Mid-Market,Nadia Kowalski,11,512.43,0.1,5073.06,3736.7,Shipped
ORD-102058,2025-07-04,SKU-1020,Laptops,UKI,Online,SMB,Greta Haddad,3,3674.26,0,11022.78,7172.16,Shipped
ORD-102078,2025-07-04,SKU-1082,Storage,NA-E,Partner,SMB,Bao Kaur,2,199.64,0,399.28,280.64,Shipped
ORD-103191,2025-07-04,SKU-1066,Networking,LATAM,Online,SMB,Fatima Iversen,3,491.43,0.05,1400.58,863.07,Shipped
ORD-100320,2025-07-05,SKU-1100,Storage,NA-E,Partner,SMB,Elena Laurent,4,754.71,0,3018.84,1999.44,Shipped
ORD-100475,2025-07-05,SKU-1045,Peripherals,APAC-N,Online,SMB,Elena Kaur,1,388.64,0,388.64,208.79,Pending
ORD-100931,2025-07-05,SKU-1087,Storage,NA-E,Retail,Mid-Market,Paulo Carvalho,2,222.44,0,444.88,301.62,Returned
ORD-101505,2025-07-05,SKU-1115,Accessories,NA-W,Direct,Mid-Market,Yusuf Fontaine,3,201.56,0.05,574.45,287.58,Shipped
ORD-102398,2025-07-05,SKU-1025,Monitors,NA-W,Direct,SMB,Greta Haddad,1,577.77,0.15,491.1,398.01,Shipped
ORD-104685,2025-07-05,SKU-1052,Peripherals,NA-E,Direct,SMB,Darius Kaur,6,310.49,0.2,1490.35,955.68,Shipped
ORD-101264,2025-07-06,SKU-1119,Accessories,APAC-S,Partner,Enterprise,Emeka Lindqvist,8,84.73,0.1,610.06,332.48,Returned
ORD-102848,2025-07-06,SKU-1061,Networking,NA-W,Retail,Consumer,Bao Alvarez,1,1191.4,0.15,1012.69,695.99,Shipped
ORD-103998,2025-07-06,SKU-1107,Accessories,NA-E,Online,Enterprise,Fatima Iversen,1,92.86,0,92.86,37.72,Shipped
ORD-104421,2025-07-06,SKU-1032,Monitors,DACH,Partner,SMB,Sana Lindqvist,2,929.07,0.2,1486.51,1170.98,Shipped
ORD-104795,2025-07-06,SKU-1021,Monitors,UKI,Partner,Consumer,Greta Haddad,2,444.75,0.2,711.6,606.32,Shipped
ORD-100656,2025-07-07,SKU-1070,Networking,NA-W,Partner,SMB,Malik Eriksen,9,1052.94,0.25,7107.35,5670.72,Shipped
ORD-101801,2025-07-07,SKU-1059,Peripherals,NA-W,Direct,Enterprise,Darius Kaur,6,294.39,0,1766.34,868.98,Shipped
ORD-102203,2025-07-07,SKU-1029,Monitors,NA-W,Retail,Consumer,Elena Laurent,4,438.72,0.15,1491.65,1149.68,Returned
ORD-102571,2025-07-07,SKU-1051,Peripherals,APAC-N,Direct,SMB,Yusuf Mbeki,8,311.03,0.05,2363.83,1425.44,Pending
ORD-103284,2025-07-07,SKU-1116,Accessories,APAC-S,Partner,Enterprise,Darius Kaur,1,147.71,0,147.71,72.53,Shipped
ORD-103909,2025-07-07,SKU-1052,Peripherals,APAC-N,Retail,Consumer,Paulo Carvalho,27,310.49,0.05,7964.07,4300.56,Shipped
ORD-100011,2025-07-08,SKU-1087,Storage,APAC-S,Partner,Enterprise,Ada Singh,1,222.44,0.05,211.32,150.81,Shipped
ORD-100345,2025-07-08,SKU-1023,Monitors,NA-W,Online,Mid-Market,Kwame Abara,2,1366.21,0.25,2049.32,1797.62,Shipped
ORD-101781,2025-07-08,SKU-1116,Accessories,NA-W,Partner,Mid-Market,Nikolai Jensen,2,147.71,0.1,265.88,145.06,Shipped
ORD-103066,2025-07-08,SKU-1079,Networking,NA-W,Direct,Enterprise,Bruno Zhang,2,453.79,0.05,862.2,573.52,Returned
ORD-103526,2025-07-08,SKU-1056,Peripherals,UKI,Retail,SMB,Zara Sorensen,6,45.14,0.1,243.76,135.72,Pending
ORD-104847,2025-07-08,SKU-1106,Accessories,UKI,Direct,Consumer,Thea Delgado,6,179.48,0.05,1023.04,488.22,Shipped
ORD-100979,2025-07-09,SKU-1072,Networking,NA-W,Retail,Consumer,Ada Zimmerman,1,593.71,0,593.71,371.48,Shipped
ORD-102699,2025-07-09,SKU-1118,Accessories,DACH,Partner,Enterprise,Rosa Marchetti,1,143.1,0.2,114.48,57.64,Shipped
ORD-100128,2025-07-10,SKU-1041,Peripherals,NA-E,Direct,SMB,Darius Kaur,2,371.64,0,743.28,422.54,Shipped
ORD-101577,2025-07-10,SKU-1028,Monitors,NA-E,Direct,SMB,Rania Eriksen,4,1296.45,0,5185.8,3346.28,Pending
ORD-103578,2025-07-10,SKU-1005,Laptops,UKI,Partner,Consumer,Malik Andersen,4,1611.9,0,6447.6,4129.16,Shipped
ORD-100023,2025-07-11,SKU-1054,Peripherals,NA-W,Direct,Mid-Market,Nikolai Jensen,4,210.36,0.05,799.37,418.36,Shipped
ORD-100536,2025-07-11,SKU-1064,Networking,DACH,Online,Mid-Market,Malik Andersen,2,2008.03,0.05,3815.26,2436.4,Returned
ORD-103077,2025-07-11,SKU-1098,Storage,UKI,Direct,Mid-Market,Chen Iversen,3,587.94,0,1763.82,1221.51,Shipped
ORD-104476,2025-07-11,SKU-1047,Peripherals,NA-E,Online,Mid-Market,Fatima Iversen,1,240.32,0,240.32,126.58,Shipped
ORD-100038,2025-07-12,SKU-1003,Laptops,UKI,Direct,Enterprise,Kwame Abara,6,2349.75,0,14098.5,9074.22,Returned
ORD-102390,2025-07-12,SKU-1024,Monitors,APAC-N,Partner,Mid-Market,Fatima Dahl,1,340.87,0.2,272.7,221.59,Returned
ORD-102440,2025-07-12,SKU-1097,Storage,APAC-N,Partner,Enterprise,Elena Okafor,1,176.34,0,176.34,133.35,Shipped
ORD-102916,2025-07-12,SKU-1016,Laptops,NA-W,Retail,SMB,Elena Laurent,2,3292.27,0.05,6255.31,4456.08,Shipped
ORD-100926,2025-07-13,SKU-1082,Storage,LATAM,Direct,SMB,Yara Eriksen,3,199.64,0.05,568.97,420.96,Returned
ORD-101183,2025-07-13,SKU-1114,Accessories,DACH,Partner,SMB,Uma Okafor,1,150.14,0,150.14,72.47,Shipped
ORD-103161,2025-07-13,SKU-1036,Monitors,NA-W,Online,SMB,Ivan Kaur,3,1180.66,0.15,3010.68,2301.99,Shipped
ORD-100017,2025-07-14,SKU-1067,Networking,NORDIC,Direct,Mid-Market,Hana Rossi,4,254.78,0,1019.12,615.04,Shipped
ORD-100619,2025-07-14,SKU-1023,Monitors,DACH,Direct,Mid-Market,Yara Eriksen,4,1366.21,0,5464.84,3595.24,Pending
ORD-101364,2025-07-14,SKU-1103,Accessories,APAC-S,Direct,Enterprise,Zara Fontaine,2,198.1,0,396.2,172.6,Returned
ORD-102469,2025-07-14,SKU-1077,Networking,DACH,Online,Mid-Market,Fatima Bennett,1,740.62,0.25,555.47,449.94,Returned
ORD-102870,2025-07-14,SKU-1020,Laptops,UKI,Partner,Mid-Market,Malik Eriksen,2,3674.26,0,7348.52,4781.44,Pending
ORD-104372,2025-07-14,SKU-1073,Networking,APAC-S,Online,SMB,Thea Zhang,3,347.65,0.05,990.8,679.26,Shipped
ORD-104609,2025-07-14,SKU-1098,Storage,NA-E,Direct,Mid-Market,Wei Tanaka,5,587.94,0.15,2498.75,2035.85,Shipped
ORD-104801,2025-07-14,SKU-1107,Accessories,APAC-S,Direct,SMB,Chen Iversen,2,92.86,0.15,157.86,75.44,Pending
ORD-101049,2025-07-15,SKU-1057,Peripherals,NA-E,Partner,Consumer,Bao Kaur,2,457.5,0.2,732.0,457.06,Pending
ORD-102535,2025-07-15,SKU-1059,Peripherals,APAC-N,Direct,Enterprise,Wei Tanaka,1,294.39,0.25,220.79,144.83,Shipped
ORD-104527,2025-07-15,SKU-1082,Storage,LATAM,Partner,Enterprise,Elena Okafor,2,199.64,0.05,379.32,280.64,Shipped
ORD-100184,2025-07-16,SKU-1069,Networking,UKI,Partner,Consumer,Rania Kaur,1,640.52,0,640.52,390.62,Shipped
ORD-100353,2025-07-16,SKU-1041,Peripherals,DACH,Direct,Enterprise,Ada Zimmerman,3,371.64,0,1114.92,633.81,Shipped
ORD-101485,2025-07-16,SKU-1087,Storage,DACH,Online,Consumer,Rosa Marchetti,1,222.44,0,222.44,150.81,Returned
ORD-101605,2025-07-16,SKU-1013,Laptops,LATAM,Retail,Mid-Market,Thea Zhang,4,2073.19,0.2,6634.21,5562.6,Returned
ORD-101928,2025-07-16,SKU-1091,Storage,NA-E,Online,SMB,Viktor Zhang,3,949.67,0.2,2279.21,2098.53,Shipped
ORD-101980,2025-07-16,SKU-1036,Monitors,NORDIC,Partner,Consumer,Malik Kowalski,10,1180.66,0,11806.6,7673.3,Pending
ORD-102312,2025-07-16,SKU-1098,Storage,NA-E,Online,Enterprise,Viktor Zhang,6,587.94,0.05,3351.26,2443.02,Returned
ORD-103034,2025-07-16,SKU-1002,Laptops,NA-E,Partner,Consumer,Fatima Iversen,2,3368.08,0.25,5052.12,4599.46,Returned
ORD-100428,2025-07-17,SKU-1066,Networking,APAC-N,Direct,SMB,Greta Haddad,1,491.43,0.2,393.14,287.69,Shipped
ORD-102341,2025-07-17,SKU-1003,Laptops,NA-W,Direct,Consumer,Zara Fontaine,4,2349.75,0,9399.0,6049.48,Shipped
ORD-103183,2025-07-17,SKU-1023,Monitors,UKI,Direct,Enterprise,Yara Eriksen,2,1366.21,0.05,2595.8,1797.62,Pending
ORD-104005,2025-07-17,SKU-1070,Networking,UKI,Retail,Enterprise,Hana Rossi,5,1052.94,0,5264.7,3150.4,Returned
ORD-100349,2025-07-18,SKU-1120,Accessories,NORDIC,Direct,Mid-Market,Hana Rossi,16,210.18,0.2,2690.3,1378.72,Shipped
ORD-100969,2025-07-18,SKU-1014,Laptops,NA-W,Partner,Mid-Market,Emeka Lindqvist,1,1949.83,0.05,1852.34,1321.51,Shipped
ORD-101234,2025-07-18,SKU-1105,Accessories,LATAM,Partner,SMB,Elena Kaur,1,139.86,0,139.86,60.97,Shipped
ORD-101339,2025-07-18,SKU-1103,Accessories,NA-E,Online,Mid-Market,Viktor Zhang,2,198.1,0.25,297.15,172.6,Shipped
ORD-101477,2025-07-18,SKU-1112,Accessories,NORDIC,Partner,Enterprise,Greta Haddad,1,160.4,0.05,152.38,73.98,Shipped
ORD-101880,2025-07-18,SKU-1047,Peripherals,APAC-N,Partner,Mid-Market,Thea Ibrahim,6,240.32,0.05,1369.82,759.48,Returned
ORD-103317,2025-07-18,SKU-1035,Monitors,LATAM,Direct,Mid-Market,Emeka Weber,3,1114.67,0.1,3009.61,2289.03,Shipped
ORD-104488,2025-07-18,SKU-1031,Monitors,UKI,Partner,Consumer,Malik Eriksen,5,953.0,0,4765.0,3339.15,Shipped
ORD-104818,2025-07-18,SKU-1041,Peripherals,LATAM,Direct,SMB,Chen Iversen,5,371.64,0.25,1393.65,1056.35,Pending
ORD-104978,2025-07-18,SKU-1107,Accessories,NA-W,Direct,Mid-Market,Ada Zimmerman,2,92.86,0.2,148.58,75.44,Shipped
ORD-100974,2025-07-19,SKU-1115,Accessories,NA-W,Retail,SMB,Emeka Weber,1,201.56,0.2,161.25,95.86,Shipped
ORD-101346,2025-07-19,SKU-1011,Laptops,NA-W,Online,Enterprise,Amara Dahl,8,2304.08,0.25,13824.48,11914.4,Shipped
ORD-102264,2025-07-19,SKU-1024,Monitors,APAC-S,Online,SMB,Paulo Carvalho,11,340.87,0,3749.57,2437.49,Returned
ORD-102951,2025-07-19,SKU-1097,Storage,NA-E,Partner,Mid-Market,Zara Sorensen,9,176.34,0.25,1190.3,1200.15,Shipped
ORD-104052,2025-07-19,SKU-1096,Storage,NORDIC,Partner,Mid-Market,Hana Rossi,1,924.54,0.05,878.31,664.98,Pending
ORD-104231,2025-07-19,SKU-1010,Laptops,APAC-N,Online,SMB,Elena Laurent,4,1514.87,0.1,5453.53,4360.92,Pending
ORD-104875,2025-07-19,SKU-1083,Storage,LATAM,Retail,SMB,Thea Zhang,8,132.45,0.15,900.66,713.68,Shipped
ORD-100318,2025-07-20,SKU-1107,Accessories,DACH,Direct,Mid-Market,Rania Kaur,4,92.86,0.25,278.58,150.88,Shipped
ORD-101021,2025-07-20,SKU-1080,Networking,NA-E,Online,Mid-Market,Fatima Bennett,8,788.65,0,6309.2,4133.04,Shipped
ORD-101740,2025-07-20,SKU-1045,Peripherals,NORDIC,Partner,Mid-Market,Petra Ibrahim,4,388.64,0,1554.56,835.16,Shipped
ORD-101996,2025-07-20,SKU-1024,Monitors,NA-W,Direct,Consumer,Malik Eriksen,1,340.87,0.05,323.83,221.59,Shipped
ORD-104684,2025-07-20,SKU-1032,Monitors,NA-E,Direct,Enterprise,Malik Eriksen,2,929.07,0,1858.14,1170.98,Shipped
ORD-104731,2025-07-20,SKU-1074,Networking,NA-W,Partner,SMB,Malik Kowalski,17,192.25,0,3268.25,2054.79,Shipped
ORD-104762,2025-07-20,SKU-1019,Laptops,NA-E,Retail,Enterprise,Darius Kaur,3,1704.93,0.15,4347.57,3526.41,Shipped
ORD-100403,2025-07-21,SKU-1110,Accessories,LATAM,Partner,Mid-Market,Emeka Weber,1,50.0,0.05,47.5,23.98,Shipped
ORD-101303,2025-07-21,SKU-1042,Peripherals,NA-E,Direct,Mid-Market,Ada Vargas,4,84.72,0.1,304.99,186.04,Returned
ORD-101492,2025-07-21,SKU-1045,Peripherals,APAC-N,Direct,Enterprise,Rosa Weber,2,388.64,0.05,738.42,417.58,Shipped
ORD-101660,2025-07-21,SKU-1037,Monitors,NA-W,Partner,Mid-Market,Rania Eriksen,1,1230.78,0,1230.78,782.69,Shipped
ORD-102758,2025-07-21,SKU-1091,Storage,NA-E,Direct,Consumer,Zara Sorensen,1,949.67,0.05,902.19,699.51,Pending
ORD-103337,2025-07-21,SKU-1059,Peripherals,NA-E,Partner,SMB,Ada Zimmerman,4,294.39,0.05,1118.68,579.32,Shipped
ORD-103645,2025-07-21,SKU-1014,Laptops,DACH,Retail,Mid-Market,Hana Rossi,1,1949.83,0.05,1852.34,1321.51,Shipped
ORD-103683,2025-07-21,SKU-1110,Accessories,NA-E,Retail,Enterprise,Viktor Zhang,2,50.0,0,100.0,47.96,Returned
ORD-101119,2025-07-22,SKU-1018,Laptops,NORDIC,Direct,SMB,Zara Fontaine,9,2719.05,0.1,22024.31,15965.73,Shipped
ORD-101458,2025-07-22,SKU-1040,Monitors,NA-E,Partner,Enterprise,Fatima Iversen,1,519.33,0.2,415.46,344.73,Shipped
ORD-102033,2025-07-22,SKU-1083,Storage,APAC-S,Direct,SMB,Sana Lindqvist,2,132.45,0,264.9,178.42,Shipped
ORD-102084,2025-07-22,SKU-1026,Monitors,NORDIC,Partner,Consumer,Rania Kaur,6,371.18,0.1,2004.37,1524.12,Shipped
ORD-102791,2025-07-22,SKU-1010,Laptops,NA-W,Partner,Consumer,Rania Kaur,3,1514.87,0.05,4317.38,3270.69,Returned
ORD-103313,2025-07-22,SKU-1046,Peripherals,NA-E,Partner,Consumer,Thea Delgado,1,291.02,0.2,232.82,149.29,Shipped
ORD-103474,2025-07-22,SKU-1015,Laptops,NA-E,Partner,Mid-Market,Amara Dahl,6,1315.81,0.1,7105.37,5548.14,Shipped
ORD-103504,2025-07-22,SKU-1095,Storage,NA-E,Direct,Enterprise,Uma Sandoval,2,537.52,0.2,860.03,770.34,Shipped
ORD-103653,2025-07-22,SKU-1056,Peripherals,NA-W,Online,Mid-Market,Ivan Kaur,2,45.14,0.2,72.22,45.24,Shipped
ORD-101954,2025-07-23,SKU-1070,Networking,NA-W,Direct,SMB,Emeka Lindqvist,3,1052.94,0.1,2842.94,1890.24,Shipped
ORD-104805,2025-07-23,SKU-1036,Monitors,NA-E,Direct,SMB,Yusuf Mbeki,4,1180.66,0,4722.64,3069.32,Shipped
ORD-100096,2025-07-24,SKU-1033,Monitors,APAC-N,Online,SMB,Sana Lindqvist,3,617.73,0,1853.19,1200.75,Returned
ORD-100741,2025-07-24,SKU-1041,Peripherals,NA-W,Partner,Mid-Market,Darius Kaur,1,371.64,0.2,297.31,211.27,Pending
ORD-101159,2025-07-24,SKU-1017,Laptops,NA-W,Online,Enterprise,Malik Eriksen,2,3083.45,0,6166.9,4360.98,Shipped
ORD-101592,2025-07-24,SKU-1056,Peripherals,NA-W,Direct,SMB,Rosa Weber,6,45.14,0.2,216.67,135.72,Returned
ORD-101889,2025-07-24,SKU-1065,Networking,NA-W,Direct,Mid-Market,Rania Eriksen,1,417.19,0,417.19,239.24,Pending
ORD-104137,2025-07-24,SKU-1074,Networking,APAC-S,Partner,Consumer,Emeka Lindqvist,1,192.25,0,192.25,120.87,Pending
ORD-104719,2025-07-24,SKU-1081,Storage,NA-W,Online,Consumer,Zara Sorensen,2,427.43,0.1,769.37,591.56,Returned
ORD-100587,2025-07-25,SKU-1116,Accessories,UKI,Direct,Mid-Market,Bao Alvarez,2,147.71,0.1,265.88,145.06,Returned
ORD-102020,2025-07-25,SKU-1059,Peripherals,NA-W,Online,SMB,Darius Kaur,1,294.39,0,294.39,144.83,Shipped
ORD-102073,2025-07-25,SKU-1083,Storage,UKI,Partner,Mid-Market,Viktor Zhang,2,132.45,0,264.9,178.42,Shipped
ORD-102543,2025-07-25,SKU-1107,Accessories,APAC-S,Direct,SMB,Bao Kaur,3,92.86,0.25,208.94,113.16,Shipped
ORD-104513,2025-07-25,SKU-1048,Peripherals,DACH,Online,SMB,Rania Kaur,2,405.97,0.25,608.96,401.28,Pending
ORD-104594,2025-07-25,SKU-1097,Storage,NA-W,Partner,Enterprise,Emeka Lindqvist,3,176.34,0.25,396.76,400.05,Shipped
ORD-100219,2025-07-26,SKU-1002,Laptops,UKI,Online,SMB,Nadia Kowalski,2,3368.08,0.2,5388.93,4599.46,Shipped
ORD-100788,2025-07-26,SKU-1102,Accessories,NA-E,Partner,SMB,Elena Okafor,6,198.44,0,1190.64,553.56,Shipped
ORD-101073,2025-07-26,SKU-1077,Networking,APAC-N,Retail,Consumer,Rania Eriksen,2,740.62,0.05,1407.18,899.88,Shipped
ORD-102949,2025-07-26,SKU-1120,Accessories,APAC-N,Direct,SMB,Malik Eriksen,3,210.18,0.2,504.43,258.51,Shipped
ORD-103563,2025-07-26,SKU-1107,Accessories,NA-W,Direct,SMB,Nikolai Jensen,21,92.86,0.2,1560.05,792.12,Shipped
ORD-100843,2025-07-27,SKU-1110,Accessories,NA-W,Online,Enterprise,Sana Lindqvist,1,50.0,0.15,42.5,23.98,Pending
ORD-103131,2025-07-27,SKU-1034,Monitors,APAC-S,Online,SMB,Elena Kaur,1,511.32,0,511.32,315.72,Pending
ORD-103690,2025-07-27,SKU-1041,Peripherals,UKI,Online,Consumer,Elena Kaur,12,371.64,0.15,3790.73,2535.24,Pending
ORD-103692,2025-07-27,SKU-1083,Storage,NA-W,Direct,SMB,Ivan Kaur,2,132.45,0.2,211.92,178.42,Shipped
ORD-103872,2025-07-27,SKU-1018,Laptops,UKI,Partner,Enterprise,Malik Andersen,3,2719.05,0.25,6117.86,5321.91,Shipped
ORD-100143,2025-07-28,SKU-1031,Monitors,NORDIC,Retail,Mid-Market,Nikolai Jensen,2,953.0,0.1,1715.4,1335.66,Shipped
ORD-101570,2025-07-28,SKU-1105,Accessories,NA-E,Partner,Consumer,Bruno Zhang,2,139.86,0.05,265.73,121.94,Pending
ORD-103749,2025-07-28,SKU-1058,Peripherals,DACH,Partner,Mid-Market,Zara Sorensen,2,410.18,0.05,779.34,443.74,Returned
ORD-104204,2025-07-28,SKU-1065,Networking,DACH,Online,Mid-Market,Paulo Carvalho,3,417.19,0.15,1063.83,717.72,Pending
ORD-101997,2025-07-29,SKU-1030,Monitors,LATAM,Retail,Mid-Market,Fatima Bennett,4,756.24,0.15,2571.22,2088.8,Shipped
ORD-101017,2025-07-30,SKU-1115,Accessories,LATAM,Online,SMB,Rosa Weber,2,201.56,0.2,322.5,191.72,Returned
ORD-101993,2025-07-30,SKU-1112,Accessories,NORDIC,Direct,Enterprise,Chen Iversen,3,160.4,0.05,457.14,221.94,Shipped
ORD-102180,2025-07-30,SKU-1040,Monitors,NA-E,Partner,Enterprise,Elena Okafor,7,519.33,0,3635.31,2413.11,Shipped
ORD-103560,2025-07-30,SKU-1020,Laptops,NA-W,Partner,Mid-Market,Elena Laurent,1,3674.26,0,3674.26,2390.72,Shipped
ORD-100180,2025-07-31,SKU-1117,Accessories,NA-W,Partner,Consumer,Elena Kaur,3,127.94,0.1,345.44,167.49,Returned
ORD-101675,2025-07-31,SKU-1037,Monitors,NA-E,Direct,Consumer,Greta Haddad,15,1230.78,0,18461.7,11740.35,Shipped
ORD-104425,2025-07-31,SKU-1031,Monitors,NA-W,Online,Mid-Market,Kwame Abara,1,953.0,0,953.0,667.83,Shipped
ORD-104938,2025-07-31,SKU-1074,Networking,NA-W,Online,SMB,Elena Laurent,1,192.25,0.2,153.8,120.87,Returned
ORD-100477,2025-08-01,SKU-1099,Storage,APAC-S,Online,Enterprise,Kwame Abara,3,881.67,0.05,2512.76,1781.67,Shipped
ORD-101121,2025-08-01,SKU-1116,Accessories,NORDIC,Partner,Consumer,Emeka Lindqvist,1,147.71,0,147.71,72.53,Pending
ORD-101963,2025-08-01,SKU-1118,Accessories,DACH,Retail,SMB,Yara Eriksen,4,143.1,0.05,543.78,230.56,Shipped
ORD-102804,2025-08-01,SKU-1108,Accessories,UKI,Online,Enterprise,Thea Zhang,4,111.01,0.1,399.64,191.76,Shipped
ORD-103294,2025-08-01,SKU-1080,Networking,LATAM,Online,Mid-Market,Uma Okafor,2,788.65,0,1577.3,1033.26,Shipped
ORD-103976,2025-08-01,SKU-1055,Peripherals,DACH,Direct,Mid-Market,Adaeze Marchetti,5,77.77,0,388.85,195.9,Shipped
ORD-104526,2025-08-01,SKU-1092,Storage,UKI,Online,Mid-Market,Yusuf Fontaine,1,227.16,0.1,204.44,160.65,Shipped
ORD-100486,2025-08-02,SKU-1006,Laptops,APAC-N,Direct,SMB,Yusuf Mbeki,1,2229.97,0.05,2118.47,1483.83,Shipped
ORD-101719,2025-08-02,SKU-1058,Peripherals,APAC-N,Direct,Enterprise,Chen Iversen,2,410.18,0.05,779.34,443.74,Pending
ORD-101911,2025-08-02,SKU-1042,Peripherals,APAC-N,Partner,SMB,Malik Kowalski,10,84.72,0.25,635.4,465.1,Shipped
ORD-102685,2025-08-02,SKU-1028,Monitors,DACH,Online,SMB,Fatima Dahl,3,1296.45,0,3889.35,2509.71,Shipped
ORD-103185,2025-08-02,SKU-1062,Networking,NA-E,Direct,Enterprise,Malik Eriksen,3,864.38,0.25,1944.86,1625.07,Pending
ORD-103662,2025-08-02,SKU-1029,Monitors,UKI,Direct,Mid-Market,Thea Ibrahim,5,438.72,0.05,2083.92,1437.1,Returned
ORD-103693,2025-08-02,SKU-1025,Monitors,DACH,Direct,Enterprise,Fatima Dahl,8,577.77,0,4622.16,3184.08,Shipped
ORD-102083,2025-08-03,SKU-1089,Storage,UKI,Partner,Enterprise,Bao Alvarez,3,512.43,0,1537.29,1019.1,Shipped
ORD-102206,2025-08-03,SKU-1028,Monitors,LATAM,Direct,SMB,Hana Rossi,2,1296.45,0,2592.9,1673.14,Shipped
ORD-102322,2025-08-03,SKU-1075,Networking,UKI,Partner,Mid-Market,Thea Delgado,1,1273.44,0,1273.44,736.87,Pending
ORD-103215,2025-08-03,SKU-1051,Peripherals,UKI,Direct,Mid-Market,Yusuf Mbeki,1,311.03,0,311.03,178.18,Shipped
ORD-103417,2025-08-03,SKU-1096,Storage,APAC-N,Direct,SMB,Kwame Abara,3,924.54,0.25,2080.22,1994.94,Returned
ORD-104556,2025-08-03,SKU-1065,Networking,NA-W,Online,Consumer,Bruno Zhang,3,417.19,0.05,1188.99,717.72,Pending
ORD-102404,2025-08-04,SKU-1029,Monitors,NA-W,Direct,SMB,Elena Okafor,10,438.72,0.1,3948.48,2874.2,Shipped
ORD-103065,2025-08-04,SKU-1033,Monitors,DACH,Online,Consumer,Viktor Zhang,4,617.73,0,2470.92,1601.0,Shipped
ORD-103476,2025-08-04,SKU-1090,Storage,NA-E,Online,Mid-Market,Uma Okafor,3,853.08,0.1,2303.32,1690.02,Shipped
ORD-104765,2025-08-04,SKU-1075,Networking,NA-E,Online,Consumer,Amara Dahl,4,1273.44,0,5093.76,2947.48,Shipped
ORD-100954,2025-08-05,SKU-1086,Storage,NA-W,Direct,Mid-Market,Nadia Kowalski,3,1066.03,0.2,2558.47,2119.32,Shipped
ORD-103418,2025-08-05,SKU-1045,Peripherals,LATAM,Online,SMB,Thea Ibrahim,4,388.64,0.2,1243.65,835.16,Shipped
ORD-103933,2025-08-05,SKU-1011,Laptops,LATAM,Online,Mid-Market,Adaeze Marchetti,2,2304.08,0.15,3916.94,2978.6,Returned
ORD-104406,2025-08-05,SKU-1091,Storage,APAC-S,Partner,Mid-Market,Yusuf Fontaine,1,949.67,0.25,712.25,699.51,Pending
ORD-100162,2025-08-06,SKU-1105,Accessories,UKI,Direct,SMB,Elena Kaur,1,139.86,0,139.86,60.97,Pending
ORD-101864,2025-08-06,SKU-1104,Accessories,UKI,Direct,Mid-Market,Malik Andersen,2,40.52,0,81.04,38.68,Shipped
ORD-104191,2025-08-06,SKU-1062,Networking,APAC-N,Online,SMB,Rania Eriksen,5,864.38,0.15,3673.61,2708.45,Returned
ORD-104524,2025-08-06,SKU-1044,Peripherals,NA-W,Direct,Enterprise,Ada Singh,3,42.05,0,126.15,63.84,Shipped
ORD-101198,2025-08-07,SKU-1033,Monitors,NORDIC,Partner,Mid-Market,Rosa Marchetti,1,617.73,0.25,463.3,400.25,Shipped
ORD-101249,2025-08-07,SKU-1077,Networking,NA-E,Direct,SMB,Ivan Kaur,12,740.62,0.25,6665.58,5399.28,Shipped
ORD-102600,2025-08-07,SKU-1062,Networking,UKI,Online,Mid-Market,Thea Ibrahim,2,864.38,0.15,1469.45,1083.38,Shipped
ORD-104352,2025-08-07,SKU-1011,Laptops,APAC-N,Online,SMB,Nadia Kowalski,3,2304.08,0.2,5529.79,4467.9,Shipped
ORD-100942,2025-08-08,SKU-1017,Laptops,LATAM,Retail,Enterprise,Bruno Zhang,3,3083.45,0,9250.35,6541.47,Shipped
ORD-102820,2025-08-08,SKU-1003,Laptops,LATAM,Online,SMB,Sana Lindqvist,2,2349.75,0,4699.5,3024.74,Shipped
ORD-103607,2025-08-08,SKU-1011,Laptops,NA-E,Online,Mid-Market,Fatima Iversen,5,2304.08,0,11520.4,7446.5,Returned
ORD-104787,2025-08-08,SKU-1072,Networking,NA-W,Partner,SMB,Elena Okafor,2,593.71,0.2,949.94,742.96,Shipped
ORD-101158,2025-08-09,SKU-1022,Monitors,DACH,Online,SMB,Kwame Abara,1,296.21,0.2,236.97,195.26,Shipped
ORD-101537,2025-08-09,SKU-1116,Accessories,UKI,Partner,Enterprise,Ada Vargas,1,147.71,0,147.71,72.53,Returned
ORD-102129,2025-08-09,SKU-1100,Storage,LATAM,Direct,Mid-Market,Thea Ibrahim,3,754.71,0.2,1811.3,1499.58,Shipped
ORD-103062,2025-08-09,SKU-1083,Storage,UKI,Online,Mid-Market,Fatima Bennett,5,132.45,0.05,629.14,446.05,Shipped
ORD-103442,2025-08-09,SKU-1055,Peripherals,NA-W,Online,Mid-Market,Thea Ibrahim,1,77.77,0,77.77,39.18,Shipped
ORD-104199,2025-08-09,SKU-1029,Monitors,APAC-N,Retail,SMB,Emeka Weber,3,438.72,0,1316.16,862.26,Shipped
ORD-100740,2025-08-10,SKU-1052,Peripherals,NA-W,Online,SMB,Fatima Bennett,5,310.49,0.25,1164.34,796.4,Returned
ORD-104071,2025-08-10,SKU-1103,Accessories,NORDIC,Direct,SMB,Elena Okafor,1,198.1,0,198.1,86.3,Shipped
ORD-104783,2025-08-10,SKU-1010,Laptops,NA-W,Partner,SMB,Thea Zhang,14,1514.87,0.25,15906.14,15263.22,Shipped
ORD-102340,2025-08-11,SKU-1073,Networking,APAC-S,Direct,Enterprise,Ivan Kaur,8,347.65,0,2781.2,1811.36,Returned
ORD-103356,2025-08-11,SKU-1048,Peripherals,LATAM,Direct,Mid-Market,Adaeze Marchetti,3,405.97,0.2,974.33,601.92,Shipped
ORD-103378,2025-08-11,SKU-1060,Peripherals,UKI,Direct,Consumer,Fatima Dahl,15,299.52,0.2,3594.24,2544.75,Shipped
ORD-104430,2025-08-11,SKU-1029,Monitors,APAC-N,Online,Enterprise,Thea Ibrahim,4,438.72,0.15,1491.65,1149.68,Shipped
ORD-101792,2025-08-12,SKU-1112,Accessories,APAC-N,Direct,Mid-Market,Malik Kowalski,3,160.4,0.05,457.14,221.94,Shipped
ORD-103220,2025-08-12,SKU-1072,Networking,NA-W,Online,Mid-Market,Fatima Bennett,1,593.71,0.1,534.34,371.48,Returned
ORD-103328,2025-08-12,SKU-1020,Laptops,NA-E,Online,Enterprise,Petra Ibrahim,3,3674.26,0,11022.78,7172.16,Shipped
ORD-104159,2025-08-12,SKU-1034,Monitors,LATAM,Online,Enterprise,Nadia Kowalski,2,511.32,0.05,971.51,631.44,Pending
ORD-104164,2025-08-12,SKU-1119,Accessories,NA-E,Partner,SMB,Uma Okafor,3,84.73,0,254.19,124.68,Shipped
ORD-100731,2025-08-13,SKU-1017,Laptops,UKI,Partner,Mid-Market,Nikolai Jensen,1,3083.45,0.05,2929.28,2180.49,Shipped
ORD-101083,2025-08-13,SKU-1018,Laptops,NORDIC,Direct,SMB,Hana Rossi,8,2719.05,0,21752.4,14191.76,Shipped
ORD-102062,2025-08-13,SKU-1073,Networking,APAC-N,Direct,Enterprise,Uma Sandoval,8,347.65,0.25,2085.9,1811.36,Returned
ORD-102251,2025-08-13,SKU-1038,Monitors,NA-W,Online,Mid-Market,Fatima Dahl,1,829.48,0.1,746.53,554.33,Returned
ORD-102701,2025-08-13,SKU-1033,Monitors,LATAM,Online,Mid-Market,Bao Kaur,1,617.73,0,617.73,400.25,Shipped
ORD-102927,2025-08-13,SKU-1050,Peripherals,NA-W,Partner,SMB,Yusuf Fontaine,5,335.4,0,1677.0,948.45,Returned
ORD-103244,2025-08-13,SKU-1046,Peripherals,NORDIC,Direct,Mid-Market,Thea Delgado,5,291.02,0.25,1091.32,746.45,Pending
ORD-104060,2025-08-13,SKU-1045,Peripherals,NA-E,Partner,Consumer,Bruno Zhang,1,388.64,0.2,310.91,208.79,Pending
ORD-100062,2025-08-14,SKU-1009,Laptops,LATAM,Online,Mid-Market,Elena Laurent,1,3341.5,0.2,2673.2,2318.58,Shipped
ORD-101060,2025-08-14,SKU-1058,Peripherals,NA-E,Direct,SMB,Paulo Carvalho,3,410.18,0,1230.54,665.61,Shipped
ORD-101175,2025-08-14,SKU-1035,Monitors,LATAM,Partner,SMB,Thea Ibrahim,2,1114.67,0.2,1783.47,1526.02,Shipped
ORD-102245,2025-08-14,SKU-1022,Monitors,APAC-N,Retail,Consumer,Bao Alvarez,1,296.21,0.15,251.78,195.26,Pending
ORD-102433,2025-08-14,SKU-1052,Peripherals,NA-E,Direct,Enterprise,Bruno Zhang,3,310.49,0,931.47,477.84,Pending
ORD-103565,2025-08-14,SKU-1008,Laptops,LATAM,Online,Mid-Market,Greta Haddad,1,2860.19,0.05,2717.18,1989.93,Returned
ORD-100627,2025-08-15,SKU-1013,Laptops,DACH,Retail,Enterprise,Paulo Carvalho,2,2073.19,0,4146.38,2781.3,Shipped
ORD-100860,2025-08-15,SKU-1085,Storage,NORDIC,Online,SMB,Bao Alvarez,8,163.55,0.05,1242.98,987.04,Shipped
ORD-102159,2025-08-15,SKU-1090,Storage,DACH,Online,Consumer,Zara Fontaine,3,853.08,0,2559.24,1690.02,Pending
ORD-104142,2025-08-15,SKU-1013,Laptops,NA-W,Partner,Consumer,Ada Singh,17,2073.19,0.15,29957.6,23641.05,Pending
ORD-104880,2025-08-16,SKU-1083,Storage,UKI,Online,Mid-Market,Fatima Iversen,2,132.45,0.05,251.65,178.42,Shipped
ORD-103027,2025-08-17,SKU-1045,Peripherals,APAC-S,Partner,Consumer,Emeka Weber,12,388.64,0,4663.68,2505.48,Pending
ORD-104375,2025-08-17,SKU-1044,Peripherals,APAC-S,Online,SMB,Petra Ibrahim,4,42.05,0,168.2,85.12,Pending
ORD-104516,2025-08-17,SKU-1110,Accessories,DACH,Retail,Mid-Market,Ada Singh,7,50.0,0,350.0,167.86,Shipped
ORD-100687,2025-08-18,SKU-1060,Peripherals,NA-E,Partner,Enterprise,Thea Zhang,2,299.52,0.25,449.28,339.3,Shipped
ORD-101938,2025-08-18,SKU-1061,Networking,NA-E,Partner,Enterprise,Thea Delgado,8,1191.4,0.2,7624.96,5567.92,Returned
ORD-102233,2025-08-18,SKU-1026,Monitors,NA-E,Direct,SMB,Uma Sandoval,7,371.18,0.05,2468.35,1778.14,Shipped
ORD-102355,2025-08-18,SKU-1112,Accessories,NORDIC,Direct,SMB,Elena Laurent,5,160.4,0,802.0,369.9,Shipped
ORD-104131,2025-08-18,SKU-1011,Laptops,LATAM,Online,Enterprise,Adaeze Marchetti,1,2304.08,0.25,1728.06,1489.3,Shipped
ORD-100565,2025-08-19,SKU-1018,Laptops,DACH,Partner,Mid-Market,Rania Kaur,9,2719.05,0.15,20800.73,15965.73,Shipped
ORD-101988,2025-08-19,SKU-1081,Storage,DACH,Direct,SMB,Elena Kaur,2,427.43,0,854.86,591.56,Shipped
ORD-102269,2025-08-19,SKU-1004,Laptops,APAC-S,Direct,Enterprise,Yusuf Fontaine,4,3198.86,0,12795.44,8876.36,Shipped
ORD-104472,2025-08-19,SKU-1043,Peripherals,NA-W,Direct,Mid-Market,Amara Dahl,11,212.9,0.15,1990.62,1244.65,Pending
ORD-104572,2025-08-19,SKU-1008,Laptops,APAC-N,Online,Enterprise,Rosa Weber,1,2860.19,0,2860.19,1989.93,Returned
ORD-104693,2025-08-19,SKU-1111,Accessories,DACH,Partner,Consumer,Viktor Zhang,1,118.52,0,118.52,50.67,Shipped
ORD-100864,2025-08-20,SKU-1105,Accessories,UKI,Online,Mid-Market,Ada Zimmerman,2,139.86,0,279.72,121.94,Shipped
ORD-101890,2025-08-20,SKU-1040,Monitors,NA-E,Online,SMB,Ada Singh,6,519.33,0.1,2804.38,2068.38,Returned
ORD-103391,2025-08-20,SKU-1112,Accessories,DACH,Online,Mid-Market,Ada Vargas,1,160.4,0,160.4,73.98,Shipped
ORD-103709,2025-08-20,SKU-1080,Networking,NA-E,Partner,Enterprise,Yusuf Mbeki,12,788.65,0.2,7571.04,6199.56,Shipped
ORD-104150,2025-08-20,SKU-1023,Monitors,UKI,Partner,Mid-Market,Wei Tanaka,6,1366.21,0.15,6967.67,5392.86,Shipped
ORD-104941,2025-08-20,SKU-1082,Storage,UKI,Direct,Consumer,Ada Zimmerman,2,199.64,0.05,379.32,280.64,Shipped
ORD-100165,2025-08-21,SKU-1072,Networking,DACH,Partner,Enterprise,Malik Eriksen,6,593.71,0,3562.26,2228.88,Shipped
ORD-102034,2025-08-21,SKU-1112,Accessories,LATAM,Direct,Enterprise,Rania Eriksen,6,160.4,0,962.4,443.88,Shipped
ORD-103193,2025-08-21,SKU-1101,Accessories,NA-E,Online,SMB,Bao Alvarez,18,149.25,0.05,2552.17,1080.9,Shipped
ORD-103325,2025-08-21,SKU-1063,Networking,NORDIC,Online,Consumer,Yara Eriksen,4,935.12,0.05,3553.46,2407.12,Shipped
ORD-104708,2025-08-21,SKU-1072,Networking,NORDIC,Direct,Mid-Market,Adaeze Marchetti,5,593.71,0.05,2820.12,1857.4,Shipped
ORD-101975,2025-08-22,SKU-1098,Storage,NA-E,Partner,Mid-Market,Fatima Bennett,5,587.94,0,2939.7,2035.85,Shipped
ORD-102372,2025-08-22,SKU-1073,Networking,DACH,Direct,SMB,Yusuf Fontaine,2,347.65,0,695.3,452.84,Shipped
ORD-103632,2025-08-22,SKU-1114,Accessories,DACH,Direct,SMB,Fatima Dahl,7,150.14,0.1,945.88,507.29,Shipped
ORD-104395,2025-08-22,SKU-1035,Monitors,NA-W,Direct,Enterprise,Nikolai Jensen,5,1114.67,0,5573.35,3815.05,Shipped
ORD-104517,2025-08-22,SKU-1041,Peripherals,NA-E,Partner,SMB,Ada Zimmerman,1,371.64,0.25,278.73,211.27,Returned
ORD-100291,2025-08-23,SKU-1068,Networking,APAC-S,Partner,Enterprise,Malik Eriksen,1,782.54,0.25,586.9,463.25,Shipped
ORD-101051,2025-08-23,SKU-1036,Monitors,NA-E,Direct,Enterprise,Amara Dahl,1,1180.66,0,1180.66,767.33,Returned
ORD-101129,2025-08-23,SKU-1033,Monitors,NORDIC,Partner,SMB,Rosa Marchetti,12,617.73,0.05,7042.12,4803.0,Returned
ORD-101272,2025-08-23,SKU-1002,Laptops,NA-W,Partner,SMB,Bao Kaur,4,3368.08,0.05,12798.7,9198.92,Returned
ORD-101606,2025-08-23,SKU-1040,Monitors,NORDIC,Online,Mid-Market,Uma Sandoval,5,519.33,0.25,1947.49,1723.65,Shipped
ORD-102154,2025-08-23,SKU-1101,Accessories,NORDIC,Retail,SMB,Hana Rossi,1,149.25,0.05,141.79,60.05,Pending
ORD-102270,2025-08-23,SKU-1119,Accessories,NORDIC,Direct,Enterprise,Nadia Kowalski,1,84.73,0.15,72.02,41.56,Shipped
ORD-102371,2025-08-23,SKU-1020,Laptops,NA-E,Direct,SMB,Ada Vargas,8,3674.26,0.2,23515.26,19125.76,Shipped
ORD-102960,2025-08-23,SKU-1064,Networking,NA-W,Partner,Mid-Market,Elena Okafor,1,2008.03,0.05,1907.63,1218.2,Shipped
ORD-103111,2025-08-23,SKU-1039,Monitors,NA-W,Partner,Enterprise,Ada Vargas,5,1201.03,0.2,4804.12,3740.65,Shipped
ORD-103430,2025-08-23,SKU-1105,Accessories,NA-W,Online,Enterprise,Yusuf Fontaine,1,139.86,0,139.86,60.97,Shipped
ORD-103615,2025-08-23,SKU-1078,Networking,LATAM,Retail,SMB,Uma Sandoval,3,981.51,0.2,2355.62,1749.15,Pending
ORD-104364,2025-08-23,SKU-1040,Monitors,LATAM,Partner,Enterprise,Malik Eriksen,1,519.33,0.1,467.4,344.73,Shipped
ORD-101808,2025-08-24,SKU-1087,Storage,UKI,Direct,Enterprise,Adaeze Marchetti,2,222.44,0.05,422.64,301.62,Shipped
ORD-102523,2025-08-24,SKU-1021,Monitors,APAC-N,Partner,Consumer,Malik Andersen,21,444.75,0.15,7938.79,6366.36,Pending
ORD-102554,2025-08-24,SKU-1051,Peripherals,NA-E,Online,Enterprise,Hana Rossi,12,311.03,0.05,3545.74,2138.16,Shipped
ORD-103513,2025-08-24,SKU-1066,Networking,DACH,Online,Enterprise,Yusuf Mbeki,7,491.43,0.2,2752.01,2013.83,Returned
ORD-104183,2025-08-24,SKU-1088,Storage,NORDIC,Online,Enterprise,Ada Zimmerman,2,601.62,0.2,962.59,867.86,Shipped
ORD-100658,2025-08-25,SKU-1107,Accessories,APAC-S,Online,SMB,Nadia Kowalski,6,92.86,0.1,501.44,226.32,Pending
ORD-101148,2025-08-25,SKU-1090,Storage,NA-W,Direct,Consumer,Emeka Lindqvist,1,853.08,0.2,682.46,563.34,Shipped
ORD-102302,2025-08-25,SKU-1032,Monitors,LATAM,Retail,SMB,Adaeze Marchetti,3,929.07,0.25,2090.41,1756.47,Pending
ORD-102825,2025-08-25,SKU-1046,Peripherals,LATAM,Direct,SMB,Rania Kaur,2,291.02,0.1,523.84,298.58,Shipped
ORD-102903,2025-08-25,SKU-1003,Laptops,NORDIC,Online,Mid-Market,Darius Kaur,3,2349.75,0.05,6696.79,4537.11,Pending
ORD-103221,2025-08-25,SKU-1035,Monitors,NA-E,Direct,SMB,Bao Kaur,6,1114.67,0,6688.02,4578.06,Pending
ORD-104289,2025-08-25,SKU-1103,Accessories,NA-E,Direct,SMB,Malik Eriksen,1,198.1,0.1,178.29,86.3,Shipped
ORD-104700,2025-08-25,SKU-1052,Peripherals,APAC-N,Direct,Mid-Market,Uma Sandoval,3,310.49,0,931.47,477.84,Pending
ORD-101335,2025-08-26,SKU-1118,Accessories,DACH,Online,Mid-Market,Bao Kaur,5,143.1,0,715.5,288.2,Shipped
ORD-101406,2025-08-26,SKU-1074,Networking,NA-E,Online,SMB,Malik Kowalski,5,192.25,0.1,865.12,604.35,Shipped
ORD-102545,2025-08-26,SKU-1108,Accessories,NA-E,Retail,Mid-Market,Uma Okafor,14,111.01,0,1554.14,671.16,Shipped
ORD-103269,2025-08-26,SKU-1018,Laptops,NA-W,Direct,Enterprise,Thea Delgado,1,2719.05,0.1,2447.15,1773.97,Shipped
ORD-103793,2025-08-26,SKU-1011,Laptops,DACH,Partner,SMB,Nikolai Jensen,2,2304.08,0,4608.16,2978.6,Returned
ORD-104584,2025-08-26,SKU-1078,Networking,NA-W,Online,Enterprise,Bao Kaur,3,981.51,0.05,2797.3,1749.15,Shipped
ORD-100104,2025-08-27,SKU-1010,Laptops,NA-E,Online,Enterprise,Elena Kaur,3,1514.87,0.2,3635.69,3270.69,Shipped
ORD-100337,2025-08-27,SKU-1090,Storage,DACH,Partner,Mid-Market,Malik Eriksen,1,853.08,0,853.08,563.34,Shipped
ORD-103295,2025-08-27,SKU-1031,Monitors,APAC-N,Online,SMB,Adaeze Marchetti,1,953.0,0.25,714.75,667.83,Shipped
ORD-104573,2025-08-27,SKU-1003,Laptops,LATAM,Retail,SMB,Ivan Kaur,9,2349.75,0,21147.75,13611.33,Pending
ORD-100071,2025-08-28,SKU-1094,Storage,APAC-S,Direct,Consumer,Adaeze Marchetti,8,321.11,0,2568.88,1799.12,Shipped
ORD-100134,2025-08-28,SKU-1051,Peripherals,UKI,Online,Mid-Market,Petra Ibrahim,10,311.03,0.2,2488.24,1781.8,Shipped
ORD-100249,2025-08-28,SKU-1025,Monitors,APAC-N,Direct,Enterprise,Sana Lindqvist,1,577.77,0,577.77,398.01,Shipped
ORD-103745,2025-08-28,SKU-1107,Accessories,LATAM,Online,Mid-Market,Rania Kaur,1,92.86,0.05,88.22,37.72,Shipped
ORD-102049,2025-08-29,SKU-1075,Networking,NA-W,Direct,SMB,Viktor Zhang,1,1273.44,0.05,1209.77,736.87,Returned
ORD-103048,2025-08-29,SKU-1074,Networking,APAC-S,Partner,Enterprise,Wei Tanaka,1,192.25,0.05,182.64,120.87,Pending
ORD-100267,2025-08-30,SKU-1103,Accessories,NA-E,Online,SMB,Amara Dahl,2,198.1,0,396.2,172.6,Shipped
ORD-101961,2025-08-30,SKU-1007,Laptops,APAC-N,Partner,Mid-Market,Ada Zimmerman,1,1513.38,0.1,1362.04,1061.74,Shipped
ORD-102086,2025-08-30,SKU-1111,Accessories,NA-W,Direct,Mid-Market,Ada Zimmerman,2,118.52,0.15,201.48,101.34,Shipped
ORD-102360,2025-08-30,SKU-1099,Storage,LATAM,Direct,Mid-Market,Malik Andersen,15,881.67,0,13225.05,8908.35,Shipped
ORD-102646,2025-08-30,SKU-1092,Storage,NA-E,Partner,SMB,Rania Eriksen,1,227.16,0.15,193.09,160.65,Shipped
ORD-102958,2025-08-30,SKU-1026,Monitors,NA-W,Online,Enterprise,Thea Zhang,5,371.18,0.05,1763.11,1270.1,Returned
ORD-103798,2025-08-30,SKU-1007,Laptops,NA-W,Direct,SMB,Yara Eriksen,6,1513.38,0,9080.28,6370.44,Shipped
ORD-104505,2025-08-30,SKU-1049,Peripherals,NA-E,Partner,Enterprise,Fatima Iversen,5,426.32,0,2131.6,1155.55,Shipped
ORD-104711,2025-08-30,SKU-1064,Networking,NA-W,Direct,Mid-Market,Rania Eriksen,2,2008.03,0.25,3012.05,2436.4,Pending
ORD-101968,2025-08-31,SKU-1091,Storage,UKI,Direct,Mid-Market,Nikolai Jensen,1,949.67,0,949.67,699.51,Shipped
ORD-103277,2025-08-31,SKU-1029,Monitors,APAC-N,Online,SMB,Thea Delgado,2,438.72,0.25,658.08,574.84,Shipped
ORD-104544,2025-08-31,SKU-1048,Peripherals,UKI,Partner,Mid-Market,Fatima Iversen,2,405.97,0,811.94,401.28,Shipped
ORD-101309,2025-09-01,SKU-1014,Laptops,UKI,Direct,Consumer,Ivan Kaur,16,1949.83,0.05,29637.42,21144.16,Returned
ORD-104727,2025-09-01,SKU-1003,Laptops,LATAM,Partner,Mid-Market,Chen Iversen,3,2349.75,0.15,5991.86,4537.11,Pending
ORD-100052,2025-09-02,SKU-1066,Networking,UKI,Partner,Enterprise,Emeka Lindqvist,1,491.43,0,491.43,287.69,Shipped
ORD-101213,2025-09-02,SKU-1057,Peripherals,APAC-N,Direct,Mid-Market,Kwame Abara,4,457.5,0.05,1738.5,914.12,Returned
ORD-102731,2025-09-02,SKU-1048,Peripherals,NA-W,Direct,Mid-Market,Kwame Abara,1,405.97,0.05,385.67,200.64,Shipped
ORD-102879,2025-09-02,SKU-1119,Accessories,NORDIC,Direct,Mid-Market,Zara Fontaine,2,84.73,0.2,135.57,83.12,Shipped
ORD-103241,2025-09-02,SKU-1015,Laptops,NA-E,Partner,SMB,Yusuf Fontaine,5,1315.81,0,6579.05,4623.45,Shipped
ORD-101651,2025-09-03,SKU-1058,Peripherals,DACH,Online,SMB,Thea Ibrahim,4,410.18,0,1640.72,887.48,Shipped
ORD-102892,2025-09-03,SKU-1068,Networking,DACH,Online,Enterprise,Elena Kaur,5,782.54,0,3912.7,2316.25,Shipped
ORD-103685,2025-09-03,SKU-1009,Laptops,UKI,Direct,Mid-Market,Rosa Weber,2,3341.5,0.05,6348.85,4637.16,Pending
ORD-100126,2025-09-04,SKU-1076,Networking,NA-E,Direct,Mid-Market,Zara Fontaine,3,1719.15,0,5157.45,3087.84,Shipped
ORD-100322,2025-09-04,SKU-1116,Accessories,DACH,Direct,Consumer,Greta Haddad,4,147.71,0.2,472.67,290.12,Returned
ORD-101018,2025-09-04,SKU-1007,Laptops,APAC-N,Direct,Mid-Market,Bao Alvarez,3,1513.38,0,4540.14,3185.22,Shipped
ORD-102364,2025-09-04,SKU-1045,Peripherals,UKI,Partner,Enterprise,Petra Ibrahim,3,388.64,0.1,1049.33,626.37,Shipped
ORD-102382,2025-09-04,SKU-1052,Peripherals,NA-E,Direct,Enterprise,Emeka Weber,16,310.49,0,4967.84,2548.48,Shipped
ORD-102617,2025-09-04,SKU-1025,Monitors,NORDIC,Direct,SMB,Malik Kowalski,2,577.77,0,1155.54,796.02,Shipped
ORD-103611,2025-09-04,SKU-1007,Laptops,NA-W,Retail,Mid-Market,Bao Kaur,1,1513.38,0,1513.38,1061.74,Shipped
ORD-100990,2025-09-05,SKU-1082,Storage,DACH,Partner,Enterprise,Ada Zimmerman,1,199.64,0,199.64,140.32,Shipped
ORD-101075,2025-09-05,SKU-1018,Laptops,APAC-N,Partner,Enterprise,Malik Andersen,9,2719.05,0.1,22024.31,15965.73,Shipped
ORD-101101,2025-09-05,SKU-1049,Peripherals,UKI,Online,SMB,Malik Kowalski,6,426.32,0,2557.92,1386.66,Pending
ORD-102166,2025-09-05,SKU-1112,Accessories,LATAM,Direct,Consumer,Yusuf Mbeki,4,160.4,0,641.6,295.92,Shipped
ORD-102376,2025-09-05,SKU-1102,Accessories,NA-W,Online,SMB,Ada Zimmerman,5,198.44,0,992.2,461.3,Shipped
ORD-103134,2025-09-05,SKU-1030,Monitors,UKI,Partner,SMB,Viktor Zhang,1,756.24,0.25,567.18,522.2,Shipped
ORD-101931,2025-09-06,SKU-1009,Laptops,NA-W,Partner,Enterprise,Adaeze Marchetti,4,3341.5,0.1,12029.4,9274.32,Pending
ORD-102120,2025-09-06,SKU-1065,Networking,UKI,Online,Mid-Market,Malik Eriksen,2,417.19,0.25,625.78,478.48,Shipped
ORD-102467,2025-09-06,SKU-1061,Networking,DACH,Partner,SMB,Uma Okafor,5,1191.4,0.15,5063.45,3479.95,Shipped
ORD-102720,2025-09-06,SKU-1096,Storage,NA-W,Partner,Mid-Market,Thea Zhang,4,924.54,0,3698.16,2659.92,Shipped
ORD-103453,2025-09-06,SKU-1045,Peripherals,NA-E,Partner,SMB,Ada Zimmerman,3,388.64,0,1165.92,626.37,Shipped
ORD-104599,2025-09-06,SKU-1108,Accessories,NA-E,Online,Mid-Market,Elena Kaur,2,111.01,0.2,177.62,95.88,Shipped
ORD-100717,2025-09-07,SKU-1034,Monitors,NA-E,Partner,SMB,Ivan Kaur,2,511.32,0.2,818.11,631.44,Shipped
ORD-102105,2025-09-07,SKU-1041,Peripherals,LATAM,Partner,SMB,Petra Ibrahim,1,371.64,0.05,353.06,211.27,Shipped
ORD-102728,2025-09-07,SKU-1118,Accessories,NA-W,Direct,Mid-Market,Kwame Abara,1,143.1,0,143.1,57.64,Pending
ORD-104830,2025-09-07,SKU-1021,Monitors,UKI,Direct,SMB,Paulo Carvalho,4,444.75,0.1,1601.1,1212.64,Shipped
ORD-102080,2025-09-08,SKU-1053,Peripherals,NA-E,Online,Consumer,Thea Ibrahim,6,417.51,0.25,1878.8,1299.36,Shipped
ORD-102310,2025-09-08,SKU-1024,Monitors,NA-W,Online,Enterprise,Hana Rossi,2,340.87,0.1,613.57,443.18,Shipped
ORD-102757,2025-09-08,SKU-1080,Networking,UKI,Partner,Consumer,Chen Iversen,7,788.65,0.05,5244.52,3616.41,Shipped
ORD-103299,2025-09-08,SKU-1099,Storage,NA-E,Direct,Mid-Market,Hana Rossi,10,881.67,0.05,8375.86,5938.9,Shipped
ORD-104360,2025-09-08,SKU-1074,Networking,NA-E,Direct,Enterprise,Rania Eriksen,2,192.25,0.25,288.38,241.74,Returned
ORD-101293,2025-09-09,SKU-1111,Accessories,LATAM,Online,SMB,Emeka Weber,4,118.52,0.05,450.38,202.68,Pending
ORD-102464,2025-09-09,SKU-1110,Accessories,LATAM,Partner,Enterprise,Bruno Zhang,3,50.0,0.15,127.5,71.94,Shipped
ORD-102763,2025-09-09,SKU-1082,Storage,NA-W,Direct,Mid-Market,Fatima Dahl,6,199.64,0.05,1137.95,841.92,Shipped
ORD-104979,2025-09-09,SKU-1018,Laptops,DACH,Direct,Enterprise,Malik Kowalski,1,2719.05,0.05,2583.1,1773.97,Shipped
ORD-101803,2025-09-10,SKU-1058,Peripherals,NA-E,Online,Mid-Market,Ivan Kaur,4,410.18,0.2,1312.58,887.48,Shipped
ORD-102304,2025-09-10,SKU-1055,Peripherals,APAC-S,Online,Mid-Market,Yara Eriksen,4,77.77,0.15,264.42,156.72,Shipped
ORD-102705,2025-09-10,SKU-1026,Monitors,NORDIC,Partner,Consumer,Ada Vargas,12,371.18,0.15,3786.04,3048.24,Pending
ORD-102762,2025-09-10,SKU-1106,Accessories,NA-W,Direct,Enterprise,Nikolai Jensen,1,179.48,0.05,170.51,81.37,Shipped
ORD-103524,2025-09-10,SKU-1034,Monitors,DACH,Direct,Consumer,Nikolai Jensen,1,511.32,0.05,485.75,315.72,Returned
ORD-102172,2025-09-11,SKU-1071,Networking,NA-E,Direct,Mid-Market,Elena Okafor,2,827.39,0.05,1572.04,1057.42,Shipped
ORD-102201,2025-09-11,SKU-1063,Networking,UKI,Online,SMB,Wei Tanaka,1,935.12,0,935.12,601.78,Shipped
ORD-102662,2025-09-11,SKU-1055,Peripherals,NA-E,Partner,SMB,Yara Eriksen,5,77.77,0,388.85,195.9,Pending
ORD-102866,2025-09-11,SKU-1113,Accessories,UKI,Partner,Mid-Market,Fatima Iversen,1,23.87,0,23.87,10.45,Shipped
ORD-104464,2025-09-11,SKU-1047,Peripherals,APAC-N,Online,Mid-Market,Zara Sorensen,3,240.32,0,720.96,379.74,Pending
ORD-104495,2025-09-11,SKU-1049,Peripherals,NA-E,Partner,Enterprise,Emeka Weber,5,426.32,0,2131.6,1155.55,Shipped
ORD-100782,2025-09-12,SKU-1087,Storage,UKI,Direct,Mid-Market,Bao Kaur,1,222.44,0.15,189.07,150.81,Shipped
ORD-100816,2025-09-12,SKU-1033,Monitors,LATAM,Direct,Enterprise,Yusuf Mbeki,5,617.73,0.05,2934.22,2001.25,Shipped
ORD-102135,2025-09-12,SKU-1020,Laptops,NA-E,Online,Mid-Market,Yusuf Mbeki,1,3674.26,0.25,2755.7,2390.72,Shipped
ORD-100327,2025-09-13,SKU-1070,Networking,NA-E,Retail,Enterprise,Fatima Bennett,3,1052.94,0,3158.82,1890.24,Shipped
ORD-100212,2025-09-14,SKU-1094,Storage,NA-E,Direct,Mid-Market,Viktor Zhang,4,321.11,0.25,963.33,899.56,Shipped
ORD-100814,2025-09-14,SKU-1021,Monitors,APAC-N,Retail,Enterprise,Petra Ibrahim,3,444.75,0,1334.25,909.48,Pending
ORD-101088,2025-09-14,SKU-1027,Monitors,APAC-N,Online,SMB,Malik Eriksen,3,487.06,0.2,1168.94,994.68,Pending
ORD-101382,2025-09-14,SKU-1087,Storage,DACH,Online,Mid-Market,Yusuf Mbeki,11,222.44,0,2446.84,1658.91,Returned
ORD-102569,2025-09-14,SKU-1086,Storage,NA-W,Online,SMB,Yusuf Fontaine,1,1066.03,0.05,1012.73,706.44,Returned
ORD-102719,2025-09-14,SKU-1093,Storage,NA-E,Partner,Consumer,Kwame Abara,3,856.06,0.2,2054.54,1884.84,Returned
ORD-103765,2025-09-14,SKU-1011,Laptops,NA-W,Partner,SMB,Bao Kaur,4,2304.08,0.1,8294.69,5957.2,Returned
ORD-104939,2025-09-14,SKU-1013,Laptops,NA-W,Partner,Mid-Market,Fatima Bennett,3,2073.19,0.05,5908.59,4171.95,Returned
ORD-100834,2025-09-15,SKU-1114,Accessories,NA-W,Retail,Mid-Market,Ivan Kaur,4,150.14,0.05,570.53,289.88,Shipped
ORD-101534,2025-09-15,SKU-1105,Accessories,APAC-N,Online,SMB,Wei Tanaka,1,139.86,0.25,104.9,60.97,Shipped
ORD-102508,2025-09-15,SKU-1007,Laptops,DACH,Direct,Consumer,Chen Iversen,4,1513.38,0.25,4540.14,4246.96,Shipped
ORD-100041,2025-09-16,SKU-1039,Monitors,DACH,Partner,SMB,Kwame Abara,1,1201.03,0,1201.03,748.13,Shipped
ORD-102323,2025-09-16,SKU-1113,Accessories,APAC-N,Online,Enterprise,Greta Haddad,6,23.87,0,143.22,62.7,Pending
ORD-103448,2025-09-16,SKU-1077,Networking,NA-W,Online,SMB,Elena Okafor,1,740.62,0.25,555.47,449.94,Pending
ORD-104528,2025-09-16,SKU-1055,Peripherals,NA-E,Direct,Enterprise,Fatima Bennett,1,77.77,0.25,58.33,39.18,Shipped
ORD-104723,2025-09-16,SKU-1048,Peripherals,NA-W,Online,Enterprise,Zara Sorensen,3,405.97,0,1217.91,601.92,Returned
ORD-100872,2025-09-17,SKU-1086,Storage,NA-E,Partner,Mid-Market,Petra Ibrahim,6,1066.03,0.1,5756.56,4238.64,Shipped
ORD-101527,2025-09-17,SKU-1119,Accessories,APAC-N,Partner,Enterprise,Malik Eriksen,6,84.73,0.15,432.12,249.36,Returned
ORD-101591,2025-09-17,SKU-1117,Accessories,UKI,Retail,Enterprise,Bruno Zhang,2,127.94,0,255.88,111.66,Shipped
ORD-102259,2025-09-17,SKU-1077,Networking,NA-W,Direct,Consumer,Ada Singh,1,740.62,0.1,666.56,449.94,Shipped
ORD-103492,2025-09-17,SKU-1041,Peripherals,NA-E,Online,Enterprise,Ada Singh,2,371.64,0,743.28,422.54,Returned
ORD-104186,2025-09-17,SKU-1087,Storage,UKI,Online,Mid-Market,Thea Ibrahim,3,222.44,0.1,600.59,452.43,Shipped
ORD-104429,2025-09-18,SKU-1071,Networking,NA-W,Partner,Mid-Market,Amara Dahl,5,827.39,0,4136.95,2643.55,Pending
ORD-104813,2025-09-18,SKU-1083,Storage,DACH,Direct,SMB,Kwame Abara,7,132.45,0.15,788.08,624.47,Shipped
ORD-101217,2025-09-19,SKU-1068,Networking,DACH,Partner,Consumer,Elena Kaur,2,782.54,0.05,1486.83,926.5,Pending
ORD-101465,2025-09-19,SKU-1020,Laptops,APAC-S,Direct,SMB,Amara Dahl,1,3674.26,0.2,2939.41,2390.72,Shipped
ORD-102099,2025-09-19,SKU-1032,Monitors,NA-W,Direct,Mid-Market,Bao Kaur,5,929.07,0.15,3948.55,2927.45,Shipped
ORD-101209,2025-09-20,SKU-1020,Laptops,NA-E,Direct,SMB,Thea Ibrahim,5,3674.26,0.1,16534.17,11953.6,Pending
ORD-101535,2025-09-20,SKU-1003,Laptops,UKI,Direct,SMB,Yusuf Mbeki,8,2349.75,0.05,17858.1,12098.96,Shipped
ORD-102501,2025-09-20,SKU-1008,Laptops,UKI,Partner,SMB,Yara Eriksen,1,2860.19,0.2,2288.15,1989.93,Shipped
ORD-102893,2025-09-20,SKU-1062,Networking,NA-E,Direct,Enterprise,Elena Laurent,1,864.38,0.05,821.16,541.69,Pending
ORD-103728,2025-09-20,SKU-1069,Networking,NA-W,Direct,Enterprise,Malik Kowalski,1,640.52,0.2,512.42,390.62,Returned
ORD-103921,2025-09-20,SKU-1051,Peripherals,APAC-N,Direct,Enterprise,Ada Zimmerman,4,311.03,0.05,1181.91,712.72,Shipped
ORD-104361,2025-09-20,SKU-1102,Accessories,NA-W,Direct,SMB,Ada Zimmerman,1,198.44,0.1,178.6,92.26,Shipped
ORD-104427,2025-09-20,SKU-1118,Accessories,NORDIC,Direct,Mid-Market,Yara Eriksen,6,143.1,0,858.6,345.84,Shipped
ORD-100437,2025-09-21,SKU-1114,Accessories,DACH,Online,Mid-Market,Emeka Lindqvist,5,150.14,0.05,713.16,362.35,Shipped
ORD-100600,2025-09-21,SKU-1119,Accessories,NA-W,Online,Mid-Market,Bao Kaur,1,84.73,0.05,80.49,41.56,Shipped
ORD-101350,2025-09-21,SKU-1046,Peripherals,NA-E,Online,Mid-Market,Uma Sandoval,2,291.02,0.2,465.63,298.58,Shipped
ORD-102148,2025-09-21,SKU-1026,Monitors,DACH,Direct,Mid-Market,Bao Alvarez,2,371.18,0,742.36,508.04,Shipped
ORD-102388,2025-09-21,SKU-1055,Peripherals,NA-W,Online,SMB,Amara Dahl,14,77.77,0.1,979.9,548.52,Shipped
ORD-103022,2025-09-21,SKU-1045,Peripherals,LATAM,Partner,Mid-Market,Nadia Kowalski,3,388.64,0,1165.92,626.37,Shipped
ORD-103948,2025-09-21,SKU-1054,Peripherals,APAC-N,Online,SMB,Bao Kaur,2,210.36,0.05,399.68,209.18,Shipped
ORD-102006,2025-09-22,SKU-1051,Peripherals,UKI,Partner,SMB,Wei Tanaka,9,311.03,0.05,2659.31,1603.62,Shipped
ORD-102173,2025-09-22,SKU-1074,Networking,DACH,Online,Enterprise,Zara Sorensen,2,192.25,0.1,346.05,241.74,Shipped
ORD-102212,2025-09-22,SKU-1018,Laptops,DACH,Retail,Enterprise,Amara Dahl,1,2719.05,0,2719.05,1773.97,Shipped
ORD-103754,2025-09-22,SKU-1037,Monitors,UKI,Direct,Enterprise,Sana Lindqvist,1,1230.78,0.05,1169.24,782.69,Shipped
ORD-104521,2025-09-22,SKU-1066,Networking,DACH,Online,Enterprise,Zara Sorensen,16,491.43,0,7862.88,4603.04,Shipped
ORD-100543,2025-09-23,SKU-1064,Networking,NORDIC,Partner,Enterprise,Rosa Weber,1,2008.03,0.2,1606.42,1218.2,Shipped
ORD-101617,2025-09-23,SKU-1004,Laptops,NA-W,Direct,Enterprise,Thea Delgado,4,3198.86,0.25,9596.58,8876.36,Shipped
ORD-101690,2025-09-23,SKU-1010,Laptops,NA-E,Direct,Consumer,Thea Ibrahim,1,1514.87,0,1514.87,1090.23,Shipped
ORD-100889,2025-09-24,SKU-1119,Accessories,NA-W,Online,Enterprise,Rosa Weber,5,84.73,0.15,360.1,207.8,Returned
ORD-102933,2025-09-24,SKU-1070,Networking,NA-E,Retail,Mid-Market,Emeka Weber,1,1052.94,0,1052.94,630.08,Returned
ORD-103049,2025-09-24,SKU-1108,Accessories,UKI,Online,Mid-Market,Uma Sandoval,14,111.01,0,1554.14,671.16,Shipped
ORD-102984,2025-09-25,SKU-1019,Laptops,LATAM,Partner,Mid-Market,Ivan Kaur,10,1704.93,0.15,14491.9,11754.7,Shipped
ORD-103511,2025-09-25,SKU-1006,Laptops,NORDIC,Online,SMB,Ada Singh,12,2229.97,0.1,24083.68,17805.96,Returned
ORD-104382,2025-09-25,SKU-1064,Networking,DACH,Partner,Mid-Market,Ada Vargas,5,2008.03,0,10040.15,6091.0,Shipped
ORD-100521,2025-09-26,SKU-1102,Accessories,NA-E,Partner,Mid-Market,Bao Kaur,1,198.44,0.1,178.6,92.26,Shipped
ORD-101185,2025-09-26,SKU-1087,Storage,UKI,Partner,Enterprise,Yara Eriksen,1,222.44,0.05,211.32,150.81,Pending
ORD-101447,2025-09-26,SKU-1027,Monitors,LATAM,Partner,SMB,Yusuf Fontaine,2,487.06,0.05,925.41,663.12,Shipped
ORD-102827,2025-09-26,SKU-1096,Storage,NA-W,Partner,SMB,Paulo Carvalho,1,924.54,0.1,832.09,664.98,Shipped
ORD-104101,2025-09-26,SKU-1037,Monitors,NA-E,Direct,SMB,Fatima Iversen,3,1230.78,0.2,2953.87,2348.07,Shipped
ORD-104169,2025-09-26,SKU-1100,Storage,APAC-N,Direct,SMB,Zara Fontaine,4,754.71,0,3018.84,1999.44,Returned
ORD-100127,2025-09-27,SKU-1091,Storage,NORDIC,Online,Consumer,Fatima Dahl,8,949.67,0.15,6457.76,5596.08,Shipped
ORD-102580,2025-09-27,SKU-1005,Laptops,LATAM,Online,Mid-Market,Greta Haddad,2,1611.9,0.25,2417.85,2064.58,Shipped
ORD-103479,2025-09-27,SKU-1059,Peripherals,DACH,Direct,Consumer,Elena Okafor,1,294.39,0.25,220.79,144.83,Returned
ORD-104920,2025-09-27,SKU-1045,Peripherals,NA-W,Direct,Consumer,Zara Fontaine,3,388.64,0,1165.92,626.37,Pending
ORD-100024,2025-09-28,SKU-1111,Accessories,NA-W,Partner,SMB,Yusuf Fontaine,2,118.52,0.05,225.19,101.34,Pending
ORD-101579,2025-09-28,SKU-1065,Networking,NORDIC,Online,SMB,Thea Zhang,3,417.19,0.25,938.68,717.72,Shipped
ORD-101967,2025-09-28,SKU-1035,Monitors,NA-E,Online,SMB,Sana Lindqvist,2,1114.67,0.1,2006.41,1526.02,Returned
ORD-103549,2025-09-28,SKU-1004,Laptops,LATAM,Direct,Enterprise,Viktor Zhang,1,3198.86,0.2,2559.09,2219.09,Pending
ORD-103923,2025-09-28,SKU-1105,Accessories,NA-E,Partner,Mid-Market,Ada Vargas,1,139.86,0,139.86,60.97,Shipped
ORD-103938,2025-09-28,SKU-1009,Laptops,NA-E,Online,SMB,Hana Rossi,2,3341.5,0.25,5012.25,4637.16,Pending
ORD-104798,2025-09-28,SKU-1080,Networking,NA-W,Online,Consumer,Elena Kaur,2,788.65,0.05,1498.43,1033.26,Shipped
ORD-100105,2025-09-29,SKU-1052,Peripherals,LATAM,Online,SMB,Zara Sorensen,1,310.49,0,310.49,159.28,Shipped
ORD-102536,2025-09-29,SKU-1076,Networking,NA-W,Direct,SMB,Ivan Kaur,1,1719.15,0,1719.15,1029.28,Returned
ORD-101012,2025-09-30,SKU-1086,Storage,DACH,Retail,Consumer,Rosa Marchetti,5,1066.03,0,5330.15,3532.2,Shipped
ORD-100527,2025-10-01,SKU-1097,Storage,UKI,Online,Mid-Market,Rosa Weber,2,176.34,0.25,264.51,266.7,Pending
ORD-100057,2025-10-02,SKU-1090,Storage,NA-W,Partner,SMB,Sana Lindqvist,3,853.08,0.15,2175.35,1690.02,Shipped
ORD-100289,2025-10-02,SKU-1021,Monitors,LATAM,Partner,SMB,Fatima Bennett,5,444.75,0,2223.75,1515.8,Shipped
ORD-101900,2025-10-02,SKU-1117,Accessories,NA-E,Direct,Enterprise,Rosa Marchetti,11,127.94,0.15,1196.24,614.13,Shipped
ORD-103045,2025-10-02,SKU-1054,Peripherals,LATAM,Online,Enterprise,Ada Zimmerman,4,210.36,0.25,631.08,418.36,Shipped
ORD-103695,2025-10-02,SKU-1051,Peripherals,APAC-N,Online,Consumer,Rania Eriksen,1,311.03,0.2,248.82,178.18,Shipped
ORD-100255,2025-10-03,SKU-1056,Peripherals,NA-E,Online,Mid-Market,Ada Zimmerman,2,45.14,0.05,85.77,45.24,Returned
ORD-101723,2025-10-03,SKU-1045,Peripherals,NA-W,Online,Enterprise,Petra Ibrahim,1,388.64,0.05,369.21,208.79,Pending
ORD-102528,2025-10-03,SKU-1091,Storage,APAC-N,Direct,Consumer,Yara Eriksen,6,949.67,0.25,4273.51,4197.06,Shipped
ORD-102724,2025-10-03,SKU-1105,Accessories,NA-W,Direct,SMB,Greta Haddad,3,139.86,0.25,314.69,182.91,Shipped
ORD-103849,2025-10-03,SKU-1052,Peripherals,LATAM,Direct,SMB,Elena Okafor,5,310.49,0.05,1474.83,796.4,Shipped
ORD-104447,2025-10-03,SKU-1085,Storage,NA-E,Direct,Consumer,Emeka Lindqvist,7,163.55,0,1144.85,863.66,Shipped
ORD-101438,2025-10-04,SKU-1065,Networking,UKI,Partner,Mid-Market,Emeka Lindqvist,8,417.19,0.2,2670.02,1913.92,Returned
ORD-101835,2025-10-04,SKU-1074,Networking,NA-W,Direct,Mid-Market,Kwame Abara,4,192.25,0,769.0,483.48,Shipped
ORD-102860,2025-10-04,SKU-1070,Networking,UKI,Online,Mid-Market,Ada Singh,4,1052.94,0.1,3790.58,2520.32,Returned
ORD-102868,2025-10-04,SKU-1084,Storage,NA-E,Direct,Enterprise,Ivan Kaur,3,497.7,0,1493.1,1093.74,Shipped
ORD-103101,2025-10-04,SKU-1120,Accessories,LATAM,Partner,Enterprise,Viktor Zhang,4,210.18,0,840.72,344.68,Shipped
ORD-103158,2025-10-04,SKU-1115,Accessories,UKI,Partner,SMB,Ada Zimmerman,3,201.56,0.15,513.98,287.58,Shipped
ORD-104832,2025-10-04,SKU-1014,Laptops,NA-E,Partner,Mid-Market,Yusuf Fontaine,1,1949.83,0.05,1852.34,1321.51,Shipped
ORD-100690,2025-10-05,SKU-1059,Peripherals,NA-W,Partner,Mid-Market,Thea Ibrahim,1,294.39,0.2,235.51,144.83,Shipped
ORD-101079,2025-10-05,SKU-1105,Accessories,NA-E,Partner,SMB,Nadia Kowalski,2,139.86,0.05,265.73,121.94,Shipped
ORD-101296,2025-10-05,SKU-1101,Accessories,APAC-N,Online,Mid-Market,Ivan Kaur,5,149.25,0,746.25,300.25,Shipped
ORD-102409,2025-10-05,SKU-1041,Peripherals,APAC-S,Partner,Enterprise,Nikolai Jensen,8,371.64,0.25,2229.84,1690.16,Shipped
ORD-103038,2025-10-05,SKU-1019,Laptops,NA-W,Direct,Enterprise,Thea Ibrahim,4,1704.93,0,6819.72,4701.88,Shipped
ORD-103369,2025-10-05,SKU-1098,Storage,LATAM,Online,Consumer,Elena Okafor,2,587.94,0.05,1117.09,814.34,Shipped
ORD-103586,2025-10-05,SKU-1006,Laptops,DACH,Partner,Enterprise,Uma Sandoval,1,2229.97,0,2229.97,1483.83,Shipped
ORD-104063,2025-10-05,SKU-1002,Laptops,NA-W,Direct,Enterprise,Adaeze Marchetti,2,3368.08,0.05,6399.35,4599.46,Shipped
ORD-104275,2025-10-05,SKU-1093,Storage,NA-E,Partner,SMB,Ada Vargas,1,856.06,0.15,727.65,628.28,Pending
ORD-100715,2025-10-06,SKU-1019,Laptops,NA-W,Direct,Mid-Market,Yusuf Fontaine,2,1704.93,0.25,2557.39,2350.94,Pending
ORD-100775,2025-10-06,SKU-1074,Networking,NA-W,Partner,Consumer,Greta Haddad,5,192.25,0.05,913.19,604.35,Shipped
ORD-102106,2025-10-06,SKU-1074,Networking,NA-E,Direct,Enterprise,Emeka Lindqvist,1,192.25,0.15,163.41,120.87,Shipped
ORD-102234,2025-10-06,SKU-1051,Peripherals,DACH,Direct,SMB,Viktor Zhang,1,311.03,0,311.03,178.18,Pending
ORD-102964,2025-10-06,SKU-1086,Storage,DACH,Direct,SMB,Uma Okafor,3,1066.03,0.2,2558.47,2119.32,Shipped
ORD-104166,2025-10-06,SKU-1062,Networking,NA-E,Partner,Mid-Market,Kwame Abara,4,864.38,0.05,3284.64,2166.76,Shipped
ORD-100699,2025-10-07,SKU-1053,Peripherals,NA-E,Online,SMB,Chen Iversen,10,417.51,0,4175.1,2165.6,Returned
ORD-102930,2025-10-07,SKU-1015,Laptops,LATAM,Online,SMB,Ivan Kaur,8,1315.81,0.25,7894.86,7397.52,Shipped
ORD-103821,2025-10-07,SKU-1070,Networking,DACH,Online,Mid-Market,Emeka Weber,1,1052.94,0.05,1000.29,630.08,Shipped
ORD-100178,2025-10-08,SKU-1010,Laptops,LATAM,Partner,Mid-Market,Ivan Kaur,2,1514.87,0.05,2878.25,2180.46,Shipped
ORD-103929,2025-10-08,SKU-1068,Networking,UKI,Direct,Consumer,Sana Lindqvist,8,782.54,0.05,5947.3,3706.0,Returned
ORD-100228,2025-10-09,SKU-1076,Networking,NORDIC,Direct,SMB,Yusuf Fontaine,6,1719.15,0,10314.9,6175.68,Shipped
ORD-101582,2025-10-09,SKU-1031,Monitors,UKI,Direct,Enterprise,Uma Okafor,2,953.0,0.05,1810.7,1335.66,Pending
ORD-103156,2025-10-09,SKU-1113,Accessories,NA-E,Online,SMB,Ada Singh,7,23.87,0,167.09,73.15,Returned
ORD-100871,2025-10-10,SKU-1070,Networking,NA-E,Direct,SMB,Ada Vargas,3,1052.94,0.25,2369.12,1890.24,Shipped
ORD-101727,2025-10-10,SKU-1114,Accessories,APAC-S,Direct,Mid-Market,Thea Ibrahim,3,150.14,0.05,427.9,217.41,Shipped
ORD-102850,2025-10-10,SKU-1068,Networking,LATAM,Online,Enterprise,Paulo Carvalho,1,782.54,0.1,704.29,463.25,Pending
ORD-104392,2025-10-10,SKU-1038,Monitors,NA-E,Direct,Mid-Market,Malik Andersen,2,829.48,0,1658.96,1108.66,Returned
ORD-100525,2025-10-11,SKU-1104,Accessories,APAC-N,Direct,SMB,Elena Kaur,1,40.52,0,40.52,19.34,Returned
ORD-101306,2025-10-11,SKU-1068,Networking,APAC-S,Direct,SMB,Rosa Marchetti,2,782.54,0.05,1486.83,926.5,Shipped
ORD-102551,2025-10-11,SKU-1016,Laptops,NORDIC,Direct,Mid-Market,Paulo Carvalho,2,3292.27,0.2,5267.63,4456.08,Returned
ORD-102932,2025-10-11,SKU-1104,Accessories,NA-W,Direct,Consumer,Uma Okafor,3,40.52,0.15,103.33,58.02,Shipped
ORD-103817,2025-10-11,SKU-1035,Monitors,NA-W,Online,SMB,Bao Kaur,7,1114.67,0,7802.69,5341.07,Shipped
ORD-104872,2025-10-11,SKU-1017,Laptops,APAC-N,Partner,Mid-Market,Bao Alvarez,3,3083.45,0,9250.35,6541.47,Shipped
ORD-101444,2025-10-12,SKU-1091,Storage,NA-W,Partner,Mid-Market,Thea Ibrahim,3,949.67,0.05,2706.56,2098.53,Returned
ORD-102636,2025-10-12,SKU-1005,Laptops,NA-E,Partner,SMB,Petra Ibrahim,1,1611.9,0,1611.9,1032.29,Returned
ORD-102748,2025-10-12,SKU-1039,Monitors,LATAM,Online,Consumer,Bao Alvarez,2,1201.03,0,2402.06,1496.26,Shipped
ORD-102873,2025-10-12,SKU-1010,Laptops,NA-E,Partner,Mid-Market,Zara Sorensen,1,1514.87,0.05,1439.13,1090.23,Pending
ORD-103347,2025-10-12,SKU-1067,Networking,UKI,Online,SMB,Malik Kowalski,8,254.78,0.2,1630.59,1230.08,Pending
ORD-101032,2025-10-13,SKU-1105,Accessories,NORDIC,Direct,Mid-Market,Emeka Lindqvist,10,139.86,0.05,1328.67,609.7,Shipped
ORD-101162,2025-10-13,SKU-1033,Monitors,LATAM,Online,Mid-Market,Ada Zimmerman,15,617.73,0.25,6949.46,6003.75,Shipped
ORD-103919,2025-10-13,SKU-1064,Networking,APAC-N,Online,SMB,Uma Sandoval,1,2008.03,0.05,1907.63,1218.2,Shipped
ORD-100624,2025-10-14,SKU-1099,Storage,NORDIC,Partner,Consumer,Rania Kaur,6,881.67,0.25,3967.51,3563.34,Shipped
ORD-100883,2025-10-14,SKU-1029,Monitors,NA-W,Online,Mid-Market,Ada Singh,1,438.72,0.25,329.04,287.42,Shipped
ORD-102462,2025-10-14,SKU-1067,Networking,NA-W,Partner,SMB,Rosa Weber,1,254.78,0,254.78,153.76,Shipped
ORD-104494,2025-10-15,SKU-1076,Networking,DACH,Partner,Enterprise,Hana Rossi,1,1719.15,0.05,1633.19,1029.28,Pending
ORD-100146,2025-10-16,SKU-1016,Laptops,NA-W,Partner,Mid-Market,Rania Eriksen,1,3292.27,0,3292.27,2228.04,Shipped
ORD-102897,2025-10-16,SKU-1061,Networking,UKI,Direct,Mid-Market,Greta Haddad,8,1191.4,0.05,9054.64,5567.92,Shipped
ORD-103098,2025-10-16,SKU-1062,Networking,NA-W,Retail,Enterprise,Nadia Kowalski,1,864.38,0.05,821.16,541.69,Pending
ORD-100902,2025-10-17,SKU-1080,Networking,APAC-N,Online,Mid-Market,Thea Ibrahim,7,788.65,0,5520.55,3616.41,Shipped
ORD-101516,2025-10-17,SKU-1061,Networking,DACH,Partner,SMB,Nikolai Jensen,8,1191.4,0,9531.2,5567.92,Shipped
ORD-102092,2025-10-17,SKU-1052,Peripherals,UKI,Direct,Consumer,Malik Andersen,2,310.49,0,620.98,318.56,Shipped
ORD-102526,2025-10-17,SKU-1009,Laptops,NORDIC,Partner,SMB,Darius Kaur,5,3341.5,0.25,12530.62,11592.9,Shipped
ORD-100335,2025-10-18,SKU-1045,Peripherals,NA-W,Partner,Mid-Market,Ada Vargas,2,388.64,0.1,699.55,417.58,Shipped
ORD-101851,2025-10-18,SKU-1058,Peripherals,NA-E,Partner,Enterprise,Malik Andersen,2,410.18,0.25,615.27,443.74,Shipped
ORD-103631,2025-10-18,SKU-1013,Laptops,LATAM,Retail,SMB,Nikolai Jensen,2,2073.19,0.05,3939.06,2781.3,Shipped
ORD-104634,2025-10-18,SKU-1048,Peripherals,NA-W,Partner,Mid-Market,Thea Zhang,5,405.97,0,2029.85,1003.2,Shipped
ORD-102558,2025-10-19,SKU-1052,Peripherals,LATAM,Partner,Enterprise,Bao Alvarez,7,310.49,0.1,1956.09,1114.96,Shipped
ORD-104171,2025-10-19,SKU-1064,Networking,NA-E,Direct,Mid-Market,Ada Singh,3,2008.03,0.15,5120.48,3654.6,Shipped
ORD-104493,2025-10-19,SKU-1046,Peripherals,NORDIC,Online,Enterprise,Adaeze Marchetti,4,291.02,0.05,1105.88,597.16,Pending
ORD-100567,2025-10-20,SKU-1034,Monitors,NA-E,Partner,Mid-Market,Malik Andersen,5,511.32,0.05,2428.77,1578.6,Shipped
ORD-101097,2025-10-20,SKU-1108,Accessories,UKI,Online,Mid-Market,Nikolai Jensen,12,111.01,0.25,999.09,575.28,Shipped
ORD-101385,2025-10-20,SKU-1030,Monitors,NORDIC,Direct,Consumer,Nadia Kowalski,1,756.24,0.05,718.43,522.2,Shipped
ORD-102683,2025-10-20,SKU-1020,Laptops,NA-W,Online,Mid-Market,Kwame Abara,3,3674.26,0,11022.78,7172.16,Pending
ORD-102723,2025-10-20,SKU-1051,Peripherals,NA-W,Partner,Mid-Market,Thea Delgado,5,311.03,0,1555.15,890.9,Shipped
ORD-103483,2025-10-20,SKU-1006,Laptops,NA-E,Direct,Consumer,Rosa Weber,4,2229.97,0.05,8473.89,5935.32,Shipped
ORD-103735,2025-10-20,SKU-1051,Peripherals,NA-E,Direct,SMB,Chen Iversen,1,311.03,0.2,248.82,178.18,Pending
ORD-104129,2025-10-20,SKU-1094,Storage,LATAM,Direct,SMB,Ada Vargas,5,321.11,0.2,1284.44,1124.45,Shipped
ORD-101403,2025-10-21,SKU-1027,Monitors,NA-E,Partner,Enterprise,Rania Eriksen,4,487.06,0,1948.24,1326.24,Shipped
ORD-103905,2025-10-21,SKU-1029,Monitors,NA-W,Online,Enterprise,Amara Dahl,6,438.72,0.2,2105.86,1724.52,Shipped
ORD-104331,2025-10-21,SKU-1024,Monitors,APAC-S,Online,SMB,Elena Laurent,2,340.87,0.1,613.57,443.18,Pending
ORD-100894,2025-10-22,SKU-1056,Peripherals,NA-W,Online,SMB,Adaeze Marchetti,1,45.14,0,45.14,22.62,Returned
ORD-100955,2025-10-22,SKU-1034,Monitors,NA-W,Direct,SMB,Kwame Abara,1,511.32,0,511.32,315.72,Shipped
ORD-101411,2025-10-22,SKU-1115,Accessories,LATAM,Direct,Mid-Market,Petra Ibrahim,1,201.56,0.15,171.33,95.86,Shipped
ORD-103308,2025-10-22,SKU-1089,Storage,APAC-S,Retail,Consumer,Bao Kaur,6,512.43,0.1,2767.12,2038.2,Pending
ORD-103341,2025-10-22,SKU-1007,Laptops,NA-E,Partner,Mid-Market,Hana Rossi,3,1513.38,0.15,3859.12,3185.22,Shipped
ORD-103635,2025-10-22,SKU-1049,Peripherals,NA-E,Partner,SMB,Rania Kaur,4,426.32,0.1,1534.75,924.44,Shipped
ORD-104247,2025-10-22,SKU-1033,Monitors,UKI,Online,SMB,Greta Haddad,2,617.73,0.2,988.37,800.5,Shipped
ORD-104721,2025-10-22,SKU-1107,Accessories,APAC-S,Partner,SMB,Bruno Zhang,1,92.86,0.05,88.22,37.72,Returned
ORD-100566,2025-10-23,SKU-1036,Monitors,NA-E,Online,SMB,Kwame Abara,2,1180.66,0.05,2243.25,1534.66,Shipped
ORD-100609,2025-10-23,SKU-1057,Peripherals,NA-W,Partner,Mid-Market,Kwame Abara,1,457.5,0.15,388.88,228.53,Pending
ORD-100716,2025-10-23,SKU-1052,Peripherals,DACH,Partner,SMB,Elena Laurent,3,310.49,0.25,698.6,477.84,Shipped
ORD-100840,2025-10-23,SKU-1093,Storage,UKI,Partner,Enterprise,Ada Vargas,2,856.06,0,1712.12,1256.56,Shipped
ORD-101924,2025-10-23,SKU-1048,Peripherals,LATAM,Direct,Mid-Market,Yusuf Mbeki,20,405.97,0.25,6089.55,4012.8,Returned
ORD-102035,2025-10-23,SKU-1051,Peripherals,APAC-N,Direct,SMB,Malik Eriksen,7,311.03,0.25,1632.91,1247.26,Shipped
ORD-104278,2025-10-23,SKU-1070,Networking,UKI,Direct,Mid-Market,Nadia Kowalski,4,1052.94,0,4211.76,2520.32,Shipped
ORD-104343,2025-10-23,SKU-1084,Storage,APAC-N,Direct,Enterprise,Uma Okafor,3,497.7,0.05,1418.44,1093.74,Shipped
ORD-100304,2025-10-24,SKU-1107,Accessories,NA-E,Direct,Enterprise,Yara Eriksen,1,92.86,0.1,83.57,37.72,Returned
ORD-104113,2025-10-24,SKU-1037,Monitors,NORDIC,Partner,SMB,Malik Andersen,2,1230.78,0,2461.56,1565.38,Returned
ORD-104185,2025-10-24,SKU-1067,Networking,NORDIC,Partner,SMB,Fatima Iversen,9,254.78,0,2293.02,1383.84,Shipped
ORD-102223,2025-10-25,SKU-1050,Peripherals,NA-W,Online,SMB,Elena Laurent,2,335.4,0,670.8,379.38,Shipped
ORD-102656,2025-10-25,SKU-1033,Monitors,NA-E,Partner,Mid-Market,Hana Rossi,2,617.73,0,1235.46,800.5,Shipped
ORD-104654,2025-10-25,SKU-1010,Laptops,NA-E,Direct,Enterprise,Rosa Marchetti,2,1514.87,0,3029.74,2180.46,Shipped
ORD-102736,2025-10-26,SKU-1037,Monitors,APAC-S,Direct,Mid-Market,Wei Tanaka,1,1230.78,0.15,1046.16,782.69,Shipped
ORD-102997,2025-10-26,SKU-1111,Accessories,NA-W,Online,Mid-Market,Fatima Iversen,12,118.52,0.1,1280.02,608.04,Pending
ORD-104167,2025-10-26,SKU-1088,Storage,NORDIC,Direct,SMB,Thea Delgado,4,601.62,0.2,1925.18,1735.72,Shipped
ORD-104273,2025-10-26,SKU-1044,Peripherals,NA-W,Partner,SMB,Greta Haddad,2,42.05,0,84.1,42.56,Shipped
ORD-101205,2025-10-27,SKU-1041,Peripherals,APAC-S,Direct,Mid-Market,Darius Kaur,1,371.64,0,371.64,211.27,Shipped
ORD-101283,2025-10-27,SKU-1024,Monitors,NA-W,Direct,Mid-Market,Darius Kaur,1,340.87,0.2,272.7,221.59,Shipped
ORD-101841,2025-10-27,SKU-1114,Accessories,NA-E,Online,Consumer,Thea Ibrahim,3,150.14,0.05,427.9,217.41,Returned
ORD-101884,2025-10-27,SKU-1058,Peripherals,NA-E,Direct,Mid-Market,Viktor Zhang,1,410.18,0.25,307.63,221.87,Shipped
ORD-101914,2025-10-27,SKU-1065,Networking,NA-W,Direct,Consumer,Zara Sorensen,6,417.19,0.2,2002.51,1435.44,Shipped
ORD-102266,2025-10-27,SKU-1043,Peripherals,NA-E,Online,Enterprise,Malik Eriksen,3,212.9,0.2,510.96,339.45,Returned
ORD-102887,2025-10-27,SKU-1047,Peripherals,APAC-N,Retail,Consumer,Zara Sorensen,2,240.32,0.15,408.54,253.16,Shipped
ORD-104753,2025-10-27,SKU-1073,Networking,UKI,Partner,SMB,Ada Vargas,5,347.65,0,1738.25,1132.1,Shipped
ORD-100847,2025-10-28,SKU-1071,Networking,NA-E,Direct,Mid-Market,Bruno Zhang,1,827.39,0.25,620.54,528.71,Shipped
ORD-100932,2025-10-28,SKU-1100,Storage,NA-E,Online,SMB,Paulo Carvalho,2,754.71,0,1509.42,999.72,Shipped
ORD-101279,2025-10-28,SKU-1101,Accessories,APAC-N,Direct,Mid-Market,Adaeze Marchetti,4,149.25,0,597.0,240.2,Shipped
ORD-102531,2025-10-28,SKU-1111,Accessories,NA-W,Direct,Consumer,Darius Kaur,2,118.52,0.1,213.34,101.34,Shipped
ORD-103652,2025-10-28,SKU-1102,Accessories,NA-E,Direct,Enterprise,Bao Kaur,2,198.44,0.05,377.04,184.52,Shipped
ORD-104384,2025-10-28,SKU-1043,Peripherals,NA-E,Direct,SMB,Malik Kowalski,5,212.9,0,1064.5,565.75,Pending
ORD-104385,2025-10-28,SKU-1026,Monitors,NA-E,Online,Enterprise,Yara Eriksen,6,371.18,0,2227.08,1524.12,Returned
ORD-100387,2025-10-29,SKU-1007,Laptops,UKI,Online,SMB,Ada Singh,3,1513.38,0,4540.14,3185.22,Shipped
ORD-102214,2025-10-29,SKU-1067,Networking,APAC-N,Online,SMB,Fatima Bennett,2,254.78,0.2,407.65,307.52,Shipped
ORD-100054,2025-10-30,SKU-1039,Monitors,DACH,Online,Enterprise,Darius Kaur,4,1201.03,0,4804.12,2992.52,Shipped
ORD-100863,2025-10-30,SKU-1099,Storage,NA-W,Direct,Enterprise,Fatima Iversen,1,881.67,0.05,837.59,593.89,Shipped
ORD-101352,2025-10-30,SKU-1057,Peripherals,NA-W,Online,Enterprise,Elena Okafor,1,457.5,0.2,366.0,228.53,Shipped
ORD-102036,2025-10-30,SKU-1061,Networking,NA-W,Online,SMB,Chen Iversen,1,1191.4,0.2,953.12,695.99,Shipped
ORD-102113,2025-10-30,SKU-1102,Accessories,NA-E,Online,Consumer,Viktor Zhang,1,198.44,0.15,168.67,92.26,Shipped
ORD-102841,2025-10-30,SKU-1020,Laptops,NA-W,Direct,Consumer,Nadia Kowalski,3,3674.26,0,11022.78,7172.16,Shipped
ORD-102975,2025-10-30,SKU-1038,Monitors,DACH,Online,Enterprise,Emeka Lindqvist,1,829.48,0,829.48,554.33,Shipped
ORD-103396,2025-10-30,SKU-1019,Laptops,NA-W,Direct,Consumer,Greta Haddad,1,1704.93,0,1704.93,1175.47,Shipped
ORD-104561,2025-10-30,SKU-1086,Storage,APAC-S,Direct,SMB,Elena Laurent,2,1066.03,0.25,1599.05,1412.88,Pending
ORD-101098,2025-10-31,SKU-1011,Laptops,NORDIC,Partner,Mid-Market,Nikolai Jensen,1,2304.08,0.05,2188.88,1489.3,Pending
ORD-102202,2025-10-31,SKU-1066,Networking,DACH,Partner,Mid-Market,Kwame Abara,2,491.43,0.25,737.14,575.38,Shipped
ORD-102837,2025-10-31,SKU-1116,Accessories,NA-E,Partner,SMB,Ada Zimmerman,2,147.71,0,295.42,145.06,Shipped
ORD-103421,2025-10-31,SKU-1006,Laptops,APAC-S,Partner,Enterprise,Fatima Bennett,7,2229.97,0,15609.79,10386.81,Shipped
ORD-103438,2025-10-31,SKU-1036,Monitors,UKI,Direct,Enterprise,Rosa Weber,1,1180.66,0.2,944.53,767.33,Returned
ORD-102130,2025-11-01,SKU-1020,Laptops,DACH,Partner,Enterprise,Sana Lindqvist,7,3674.26,0.05,24433.83,16735.04,Shipped
ORD-102446,2025-11-01,SKU-1087,Storage,UKI,Direct,Enterprise,Zara Fontaine,1,222.44,0,222.44,150.81,Shipped
ORD-104229,2025-11-01,SKU-1079,Networking,NA-W,Direct,SMB,Malik Andersen,6,453.79,0,2722.74,1720.56,Shipped
ORD-100422,2025-11-02,SKU-1093,Storage,NA-W,Retail,Mid-Market,Uma Okafor,1,856.06,0.25,642.04,628.28,Shipped
ORD-102198,2025-11-02,SKU-1012,Laptops,NA-E,Direct,SMB,Rosa Marchetti,2,3047.46,0.1,5485.43,4204.78,Pending
ORD-102972,2025-11-02,SKU-1017,Laptops,UKI,Online,SMB,Emeka Weber,4,3083.45,0.05,11717.11,8721.96,Shipped
ORD-103911,2025-11-02,SKU-1032,Monitors,NA-E,Direct,Mid-Market,Nadia Kowalski,3,929.07,0.25,2090.41,1756.47,Pending
ORD-104218,2025-11-02,SKU-1117,Accessories,NA-E,Online,Enterprise,Fatima Iversen,1,127.94,0.1,115.15,55.83,Pending
ORD-101055,2025-11-03,SKU-1019,Laptops,NA-E,Partner,Mid-Market,Zara Fontaine,17,1704.93,0,28983.81,19982.99,Shipped
ORD-101764,2025-11-03,SKU-1040,Monitors,NA-W,Online,Mid-Market,Yusuf Mbeki,1,519.33,0.1,467.4,344.73,Shipped
ORD-103351,2025-11-03,SKU-1077,Networking,NA-W,Online,Enterprise,Sana Lindqvist,1,740.62,0.2,592.5,449.94,Pending
ORD-103762,2025-11-03,SKU-1036,Monitors,NA-E,Direct,SMB,Nikolai Jensen,1,1180.66,0.1,1062.59,767.33,Shipped
ORD-103807,2025-11-03,SKU-1044,Peripherals,NA-E,Retail,Consumer,Hana Rossi,2,42.05,0.1,75.69,42.56,Returned
ORD-104287,2025-11-03,SKU-1052,Peripherals,NA-W,Online,SMB,Petra Ibrahim,1,310.49,0.05,294.97,159.28,Shipped
ORD-100186,2025-11-04,SKU-1085,Storage,DACH,Direct,SMB,Rania Kaur,1,163.55,0,163.55,123.38,Shipped
ORD-102507,2025-11-04,SKU-1107,Accessories,APAC-N,Direct,Mid-Market,Nadia Kowalski,1,92.86,0.1,83.57,37.72,Shipped
ORD-100886,2025-11-05,SKU-1067,Networking,APAC-S,Online,SMB,Malik Andersen,1,254.78,0.2,203.82,153.76,Returned
ORD-104383,2025-11-05,SKU-1066,Networking,APAC-N,Direct,SMB,Chen Iversen,2,491.43,0.05,933.72,575.38,Returned
ORD-100571,2025-11-06,SKU-1079,Networking,NA-W,Online,SMB,Emeka Lindqvist,7,453.79,0,3176.53,2007.32,Shipped
ORD-100901,2025-11-06,SKU-1003,Laptops,NA-E,Partner,Enterprise,Emeka Weber,1,2349.75,0,2349.75,1512.37,Shipped
ORD-104724,2025-11-06,SKU-1043,Peripherals,APAC-N,Partner,Enterprise,Rania Kaur,13,212.9,0.2,2214.16,1470.95,Shipped
ORD-100801,2025-11-07,SKU-1117,Accessories,APAC-S,Direct,Enterprise,Ada Zimmerman,2,127.94,0.05,243.09,111.66,Pending
ORD-101331,2025-11-07,SKU-1039,Monitors,APAC-N,Direct,SMB,Greta Haddad,1,1201.03,0.25,900.77,748.13,Pending
ORD-101761,2025-11-07,SKU-1054,Peripherals,NA-E,Partner,SMB,Yara Eriksen,3,210.36,0.05,599.53,313.77,Shipped
ORD-101937,2025-11-07,SKU-1021,Monitors,UKI,Direct,SMB,Malik Kowalski,3,444.75,0.15,1134.11,909.48,Pending
ORD-103838,2025-11-07,SKU-1051,Peripherals,APAC-S,Partner,SMB,Malik Andersen,3,311.03,0,933.09,534.54,Shipped
ORD-104241,2025-11-07,SKU-1071,Networking,NA-W,Partner,SMB,Petra Ibrahim,7,827.39,0,5791.73,3700.97,Returned
ORD-104308,2025-11-07,SKU-1020,Laptops,LATAM,Direct,Enterprise,Ada Singh,2,3674.26,0.2,5878.82,4781.44,Shipped
ORD-100149,2025-11-08,SKU-1005,Laptops,NA-E,Online,Mid-Market,Thea Delgado,8,1611.9,0.05,12250.44,8258.32,Shipped
ORD-100698,2025-11-08,SKU-1090,Storage,LATAM,Direct,Consumer,Rosa Marchetti,1,853.08,0.2,682.46,563.34,Shipped
ORD-101357,2025-11-08,SKU-1010,Laptops,DACH,Online,SMB,Yusuf Mbeki,3,1514.87,0,4544.61,3270.69,Shipped
ORD-104106,2025-11-08,SKU-1041,Peripherals,NA-E,Direct,Mid-Market,Nadia Kowalski,1,371.64,0,371.64,211.27,Pending
ORD-101970,2025-11-09,SKU-1060,Peripherals,NA-E,Direct,Enterprise,Bao Kaur,3,299.52,0.15,763.78,508.95,Shipped
ORD-102015,2025-11-09,SKU-1031,Monitors,NORDIC,Online,Mid-Market,Fatima Dahl,3,953.0,0.15,2430.15,2003.49,Shipped
ORD-102411,2025-11-09,SKU-1025,Monitors,DACH,Online,Mid-Market,Elena Okafor,26,577.77,0,15022.02,10348.26,Returned
ORD-103723,2025-11-09,SKU-1054,Peripherals,APAC-N,Partner,Enterprise,Elena Okafor,1,210.36,0,210.36,104.59,Pending
ORD-100382,2025-11-10,SKU-1058,Peripherals,NA-E,Partner,Consumer,Emeka Lindqvist,2,410.18,0.25,615.27,443.74,Shipped
ORD-100396,2025-11-10,SKU-1013,Laptops,NA-E,Online,Mid-Market,Yusuf Mbeki,6,2073.19,0.1,11195.23,8343.9,Pending
ORD-101089,2025-11-10,SKU-1045,Peripherals,APAC-N,Direct,Enterprise,Wei Tanaka,2,388.64,0,777.28,417.58,Shipped
ORD-101237,2025-11-10,SKU-1040,Monitors,NA-W,Partner,Enterprise,Fatima Iversen,1,519.33,0.1,467.4,344.73,Shipped
ORD-102771,2025-11-10,SKU-1029,Monitors,DACH,Online,SMB,Greta Haddad,1,438.72,0.05,416.78,287.42,Shipped
ORD-103168,2025-11-10,SKU-1011,Laptops,NA-E,Partner,Enterprise,Kwame Abara,2,2304.08,0,4608.16,2978.6,Returned
ORD-101053,2025-11-11,SKU-1086,Storage,NA-E,Retail,Mid-Market,Malik Kowalski,2,1066.03,0,2132.06,1412.88,Shipped
ORD-101116,2025-11-11,SKU-1021,Monitors,NA-E,Direct,Mid-Market,Sana Lindqvist,6,444.75,0,2668.5,1818.96,Shipped
ORD-102298,2025-11-11,SKU-1096,Storage,NA-E,Direct,Enterprise,Amara Dahl,1,924.54,0,924.54,664.98,Shipped
ORD-100859,2025-11-12,SKU-1082,Storage,APAC-S,Online,Enterprise,Ada Vargas,1,199.64,0.1,179.68,140.32,Shipped
ORD-101343,2025-11-12,SKU-1017,Laptops,UKI,Retail,Mid-Market,Rania Eriksen,1,3083.45,0.1,2775.11,2180.49,Shipped
ORD-102164,2025-11-12,SKU-1045,Peripherals,NA-W,Partner,SMB,Paulo Carvalho,2,388.64,0,777.28,417.58,Shipped
ORD-100998,2025-11-13,SKU-1059,Peripherals,DACH,Direct,SMB,Malik Eriksen,1,294.39,0,294.39,144.83,Shipped
ORD-102296,2025-11-13,SKU-1104,Accessories,UKI,Partner,Enterprise,Emeka Weber,4,40.52,0.2,129.66,77.36,Pending
ORD-103629,2025-11-13,SKU-1067,Networking,UKI,Online,Enterprise,Yara Eriksen,1,254.78,0.05,242.04,153.76,Shipped
ORD-100348,2025-11-14,SKU-1105,Accessories,APAC-S,Online,Mid-Market,Uma Sandoval,2,139.86,0,279.72,121.94,Shipped
ORD-100672,2025-11-14,SKU-1052,Peripherals,NA-W,Direct,Enterprise,Uma Okafor,1,310.49,0.25,232.87,159.28,Shipped
ORD-100832,2025-11-14,SKU-1004,Laptops,NORDIC,Direct,SMB,Chen Iversen,1,3198.86,0,3198.86,2219.09,Returned
ORD-101774,2025-11-14,SKU-1050,Peripherals,UKI,Partner,Enterprise,Sana Lindqvist,3,335.4,0,1006.2,569.07,Pending
ORD-102946,2025-11-14,SKU-1112,Accessories,NA-E,Direct,SMB,Rosa Marchetti,1,160.4,0.05,152.38,73.98,Shipped
ORD-104066,2025-11-14,SKU-1075,Networking,APAC-S,Retail,Mid-Market,Elena Okafor,1,1273.44,0,1273.44,736.87,Pending
ORD-102042,2025-11-15,SKU-1105,Accessories,APAC-N,Direct,SMB,Uma Okafor,8,139.86,0.05,1062.94,487.76,Shipped
ORD-100310,2025-11-16,SKU-1116,Accessories,DACH,Partner,Mid-Market,Thea Zhang,1,147.71,0.25,110.78,72.53,Shipped
ORD-101561,2025-11-16,SKU-1043,Peripherals,NA-W,Direct,Enterprise,Emeka Lindqvist,2,212.9,0,425.8,226.3,Pending
ORD-102829,2025-11-16,SKU-1100,Storage,LATAM,Partner,Mid-Market,Emeka Lindqvist,11,754.71,0.05,7886.72,5498.46,Pending
ORD-103445,2025-11-16,SKU-1067,Networking,LATAM,Direct,Mid-Market,Petra Ibrahim,3,254.78,0.05,726.12,461.28,Shipped
ORD-104055,2025-11-16,SKU-1079,Networking,NA-E,Online,Enterprise,Petra Ibrahim,1,453.79,0.25,340.34,286.76,Shipped
ORD-104365,2025-11-16,SKU-1023,Monitors,NA-E,Partner,Enterprise,Yusuf Mbeki,10,1366.21,0,13662.1,8988.1,Shipped
ORD-101408,2025-11-17,SKU-1116,Accessories,NORDIC,Retail,Mid-Market,Thea Delgado,2,147.71,0,295.42,145.06,Shipped
ORD-102842,2025-11-17,SKU-1086,Storage,UKI,Retail,Enterprise,Elena Okafor,22,1066.03,0,23452.66,15541.68,Shipped
ORD-103393,2025-11-17,SKU-1083,Storage,APAC-N,Retail,SMB,Fatima Iversen,10,132.45,0.05,1258.27,892.1,Shipped
ORD-104510,2025-11-17,SKU-1068,Networking,DACH,Retail,Mid-Market,Zara Sorensen,2,782.54,0,1565.08,926.5,Returned
ORD-100110,2025-11-18,SKU-1005,Laptops,NORDIC,Partner,Enterprise,Yara Eriksen,2,1611.9,0.05,3062.61,2064.58,Pending
ORD-102871,2025-11-18,SKU-1047,Peripherals,LATAM,Retail,Enterprise,Adaeze Marchetti,1,240.32,0,240.32,126.58,Shipped
ORD-104227,2025-11-19,SKU-1087,Storage,NA-E,Direct,SMB,Adaeze Marchetti,1,222.44,0.15,189.07,150.81,Shipped
ORD-104729,2025-11-19,SKU-1040,Monitors,NORDIC,Direct,SMB,Yusuf Fontaine,3,519.33,0,1557.99,1034.19,Pending
ORD-100397,2025-11-20,SKU-1061,Networking,LATAM,Online,Mid-Market,Darius Kaur,3,1191.4,0.05,3395.49,2087.97,Shipped
ORD-100003,2025-11-21,SKU-1101,Accessories,NA-W,Partner,Consumer,Thea Ibrahim,2,149.25,0,298.5,120.1,Shipped
ORD-100939,2025-11-21,SKU-1068,Networking,NORDIC,Direct,Mid-Market,Sana Lindqvist,5,782.54,0.25,2934.52,2316.25,Pending
ORD-101099,2025-11-21,SKU-1049,Peripherals,LATAM,Direct,SMB,Chen Iversen,1,426.32,0,426.32,231.11,Shipped
ORD-104206,2025-11-21,SKU-1098,Storage,DACH,Direct,Mid-Market,Paulo Carvalho,1,587.94,0.15,499.75,407.17,Shipped
ORD-104691,2025-11-21,SKU-1066,Networking,NA-E,Retail,SMB,Malik Andersen,8,491.43,0,3931.44,2301.52,Shipped
ORD-100142,2025-11-22,SKU-1119,Accessories,LATAM,Direct,SMB,Malik Kowalski,1,84.73,0.2,67.78,41.56,Pending
ORD-101380,2025-11-22,SKU-1103,Accessories,LATAM,Online,Enterprise,Emeka Lindqvist,1,198.1,0.25,148.57,86.3,Shipped
ORD-102115,2025-11-22,SKU-1102,Accessories,NORDIC,Partner,Enterprise,Sana Lindqvist,4,198.44,0.05,754.07,369.04,Returned
ORD-100296,2025-11-23,SKU-1066,Networking,UKI,Partner,Mid-Market,Thea Delgado,2,491.43,0.05,933.72,575.38,Returned
ORD-102598,2025-11-23,SKU-1095,Storage,UKI,Direct,Enterprise,Zara Fontaine,6,537.52,0.05,3063.86,2311.02,Shipped
ORD-102704,2025-11-23,SKU-1012,Laptops,LATAM,Retail,SMB,Uma Sandoval,6,3047.46,0.25,13713.57,12614.34,Shipped
ORD-103893,2025-11-23,SKU-1034,Monitors,LATAM,Retail,SMB,Elena Kaur,1,511.32,0.05,485.75,315.72,Shipped
ORD-104446,2025-11-23,SKU-1097,Storage,APAC-N,Partner,SMB,Malik Andersen,1,176.34,0,176.34,133.35,Shipped
ORD-100208,2025-11-24,SKU-1012,Laptops,DACH,Partner,SMB,Chen Iversen,3,3047.46,0,9142.38,6307.17,Shipped
ORD-101745,2025-11-24,SKU-1064,Networking,NA-W,Retail,Enterprise,Elena Okafor,1,2008.03,0.1,1807.23,1218.2,Returned
ORD-104050,2025-11-24,SKU-1012,Laptops,LATAM,Direct,Enterprise,Ada Singh,1,3047.46,0.15,2590.34,2102.39,Pending
ORD-100817,2025-11-25,SKU-1007,Laptops,NA-E,Partner,Mid-Market,Uma Okafor,2,1513.38,0,3026.76,2123.48,Returned
ORD-101248,2025-11-25,SKU-1049,Peripherals,UKI,Retail,SMB,Uma Okafor,2,426.32,0.05,810.01,462.22,Shipped
ORD-100136,2025-11-26,SKU-1102,Accessories,DACH,Direct,SMB,Rania Eriksen,1,198.44,0.2,158.75,92.26,Shipped
ORD-100154,2025-11-26,SKU-1083,Storage,NA-W,Partner,Enterprise,Rania Eriksen,10,132.45,0.05,1258.27,892.1,Shipped
ORD-103109,2025-11-26,SKU-1036,Monitors,UKI,Online,SMB,Yusuf Mbeki,4,1180.66,0,4722.64,3069.32,Returned
ORD-104432,2025-11-26,SKU-1052,Peripherals,NA-E,Partner,SMB,Wei Tanaka,29,310.49,0,9004.21,4619.12,Shipped
ORD-104522,2025-11-26,SKU-1084,Storage,APAC-N,Online,Enterprise,Fatima Bennett,1,497.7,0.1,447.93,364.58,Pending
ORD-100201,2025-11-27,SKU-1054,Peripherals,LATAM,Partner,Consumer,Uma Sandoval,1,210.36,0.05,199.84,104.59,Returned
ORD-101235,2025-11-27,SKU-1026,Monitors,NORDIC,Retail,Enterprise,Yusuf Mbeki,1,371.18,0.05,352.62,254.02,Pending
ORD-104922,2025-11-27,SKU-1034,Monitors,LATAM,Partner,Enterprise,Emeka Weber,1,511.32,0.15,434.62,315.72,Shipped
ORD-101480,2025-11-28,SKU-1055,Peripherals,NA-E,Partner,Enterprise,Chen Iversen,4,77.77,0.05,295.53,156.72,Shipped
ORD-103211,2025-11-28,SKU-1088,Storage,NA-E,Direct,Enterprise,Chen Iversen,1,601.62,0.25,451.22,433.93,Shipped
ORD-100590,2025-11-29,SKU-1018,Laptops,LATAM,Direct,SMB,Thea Zhang,14,2719.05,0.25,28550.03,24835.58,Shipped
ORD-101548,2025-11-29,SKU-1008,Laptops,NA-W,Direct,Enterprise,Elena Okafor,7,2860.19,0,20021.33,13929.51,Shipped
ORD-101946,2025-11-29,SKU-1092,Storage,NA-W,Retail,SMB,Elena Kaur,1,227.16,0.05,215.8,160.65,Shipped
ORD-102257,2025-11-29,SKU-1084,Storage,NA-W,Direct,Consumer,Zara Fontaine,7,497.7,0,3483.9,2552.06,Shipped
ORD-103969,2025-11-29,SKU-1111,Accessories,NORDIC,Direct,Consumer,Uma Sandoval,1,118.52,0.25,88.89,50.67,Shipped
ORD-101252,2025-11-30,SKU-1047,Peripherals,DACH,Partner,SMB,Paulo Carvalho,1,240.32,0.15,204.27,126.58,Shipped
ORD-102664,2025-11-30,SKU-1116,Accessories,NA-W,Online,Enterprise,Bao Alvarez,4,147.71,0,590.84,290.12,Shipped
ORD-100480,2025-12-01,SKU-1082,Storage,UKI,Direct,Mid-Market,Nadia Kowalski,1,199.64,0,199.64,140.32,Shipped
ORD-101308,2025-12-01,SKU-1044,Peripherals,DACH,Partner,Enterprise,Thea Delgado,1,42.05,0.05,39.95,21.28,Shipped
ORD-101365,2025-12-01,SKU-1108,Accessories,NORDIC,Direct,SMB,Ada Zimmerman,3,111.01,0.1,299.73,143.82,Returned
ORD-101671,2025-12-01,SKU-1019,Laptops,NORDIC,Direct,SMB,Viktor Zhang,3,1704.93,0,5114.79,3526.41,Shipped
ORD-102707,2025-12-01,SKU-1034,Monitors,NA-W,Partner,SMB,Amara Dahl,4,511.32,0.05,1943.02,1262.88,Shipped
ORD-104469,2025-12-01,SKU-1073,Networking,DACH,Direct,Enterprise,Thea Ibrahim,10,347.65,0,3476.5,2264.2,Shipped
ORD-100002,2025-12-02,SKU-1025,Monitors,APAC-S,Direct,Consumer,Ada Zimmerman,2,577.77,0.15,982.21,796.02,Shipped
ORD-100097,2025-12-02,SKU-1118,Accessories,LATAM,Partner,Enterprise,Bruno Zhang,2,143.1,0,286.2,115.28,Shipped
ORD-101166,2025-12-02,SKU-1003,Laptops,LATAM,Retail,SMB,Malik Eriksen,2,2349.75,0.1,4229.55,3024.74,Returned
ORD-103942,2025-12-02,SKU-1057,Peripherals,NA-W,Partner,Mid-Market,Kwame Abara,8,457.5,0.05,3477.0,1828.24,Shipped
ORD-104061,2025-12-02,SKU-1089,Storage,NA-W,Partner,Mid-Market,Darius Kaur,2,512.43,0,1024.86,679.4,Returned
ORD-101258,2025-12-03,SKU-1060,Peripherals,LATAM,Retail,Mid-Market,Fatima Iversen,2,299.52,0.1,539.14,339.3,Pending
ORD-101637,2025-12-03,SKU-1068,Networking,LATAM,Direct,SMB,Rosa Weber,3,782.54,0,2347.62,1389.75,Shipped
ORD-102112,2025-12-03,SKU-1081,Storage,APAC-N,Direct,SMB,Emeka Weber,3,427.43,0.1,1154.06,887.34,Shipped
ORD-102596,2025-12-03,SKU-1101,Accessories,LATAM,Partner,Enterprise,Malik Andersen,1,149.25,0.05,141.79,60.05,Shipped
ORD-103303,2025-12-03,SKU-1088,Storage,APAC-S,Online,Mid-Market,Bao Alvarez,1,601.62,0.2,481.3,433.93,Returned
ORD-104257,2025-12-03,SKU-1010,Laptops,APAC-S,Direct,SMB,Uma Sandoval,2,1514.87,0.15,2575.28,2180.46,Shipped
ORD-104770,2025-12-03,SKU-1043,Peripherals,NA-W,Online,SMB,Thea Delgado,4,212.9,0,851.6,452.6,Shipped
ORD-100432,2025-12-04,SKU-1077,Networking,NA-E,Partner,SMB,Viktor Zhang,4,740.62,0.1,2666.23,1799.76,Shipped
ORD-102500,2025-12-04,SKU-1080,Networking,NA-W,Online,Mid-Market,Fatima Dahl,1,788.65,0,788.65,516.63,Pending
ORD-103794,2025-12-04,SKU-1067,Networking,APAC-N,Partner,Mid-Market,Ada Vargas,15,254.78,0,3821.7,2306.4,Shipped
ORD-104568,2025-12-04,SKU-1006,Laptops,LATAM,Online,Enterprise,Emeka Lindqvist,1,2229.97,0,2229.97,1483.83,Shipped
ORD-104824,2025-12-04,SKU-1049,Peripherals,NA-E,Online,Mid-Market,Emeka Lindqvist,2,426.32,0.1,767.38,462.22,Shipped
ORD-100551,2025-12-05,SKU-1064,Networking,NA-E,Partner,Enterprise,Chen Iversen,6,2008.03,0.25,9036.14,7309.2,Shipped
ORD-101520,2025-12-05,SKU-1051,Peripherals,APAC-N,Partner,SMB,Uma Okafor,8,311.03,0.05,2363.83,1425.44,Shipped
ORD-101689,2025-12-05,SKU-1112,Accessories,UKI,Online,Consumer,Chen Iversen,1,160.4,0.05,152.38,73.98,Shipped
ORD-103197,2025-12-05,SKU-1062,Networking,APAC-S,Direct,SMB,Nikolai Jensen,4,864.38,0.05,3284.64,2166.76,Returned
ORD-100957,2025-12-06,SKU-1093,Storage,NA-E,Online,Mid-Market,Uma Sandoval,1,856.06,0.2,684.85,628.28,Shipped
ORD-101991,2025-12-06,SKU-1027,Monitors,LATAM,Online,SMB,Emeka Lindqvist,1,487.06,0.2,389.65,331.56,Returned
ORD-102590,2025-12-06,SKU-1040,Monitors,NA-E,Direct,SMB,Bao Kaur,10,519.33,0.15,4414.31,3447.3,Shipped
ORD-103006,2025-12-06,SKU-1066,Networking,NORDIC,Online,Enterprise,Yusuf Mbeki,1,491.43,0,491.43,287.69,Returned
ORD-103083,2025-12-06,SKU-1083,Storage,APAC-N,Online,Enterprise,Paulo Carvalho,6,132.45,0.05,754.96,535.26,Returned
ORD-103420,2025-12-06,SKU-1046,Peripherals,APAC-S,Retail,Mid-Market,Yusuf Mbeki,3,291.02,0.05,829.41,447.87,Shipped
ORD-104438,2025-12-06,SKU-1105,Accessories,UKI,Online,Mid-Market,Yusuf Mbeki,1,139.86,0,139.86,60.97,Shipped
ORD-104443,2025-12-06,SKU-1001,Laptops,NORDIC,Partner,Enterprise,Emeka Weber,4,1590.48,0.05,6043.82,4488.24,Returned
ORD-101127,2025-12-07,SKU-1108,Accessories,APAC-N,Partner,SMB,Fatima Bennett,1,111.01,0,111.01,47.94,Shipped
ORD-101189,2025-12-07,SKU-1064,Networking,NA-E,Online,SMB,Rania Eriksen,5,2008.03,0.15,8534.13,6091.0,Shipped
ORD-102016,2025-12-07,SKU-1046,Peripherals,NA-E,Online,Mid-Market,Malik Kowalski,6,291.02,0.25,1309.59,895.74,Shipped
ORD-102147,2025-12-07,SKU-1110,Accessories,NA-E,Partner,Mid-Market,Elena Kaur,1,50.0,0.05,47.5,23.98,Returned
ORD-102331,2025-12-07,SKU-1051,Peripherals,NA-W,Direct,Enterprise,Ada Zimmerman,6,311.03,0.25,1399.63,1069.08,Shipped
ORD-102759,2025-12-07,SKU-1067,Networking,NA-E,Retail,Mid-Market,Fatima Iversen,1,254.78,0,254.78,153.76,Shipped
ORD-104153,2025-12-07,SKU-1020,Laptops,APAC-N,Online,SMB,Fatima Bennett,2,3674.26,0.1,6613.67,4781.44,Returned
ORD-100669,2025-12-08,SKU-1111,Accessories,UKI,Online,Mid-Market,Thea Delgado,2,118.52,0.2,189.63,101.34,Shipped
ORD-100784,2025-12-08,SKU-1054,Peripherals,NA-E,Direct,SMB,Fatima Iversen,4,210.36,0,841.44,418.36,Shipped
ORD-103401,2025-12-08,SKU-1025,Monitors,NA-W,Partner,Enterprise,Yusuf Mbeki,1,577.77,0,577.77,398.01,Shipped
ORD-103734,2025-12-08,SKU-1068,Networking,LATAM,Online,Enterprise,Thea Zhang,2,782.54,0.2,1252.06,926.5,Shipped
ORD-103987,2025-12-08,SKU-1083,Storage,DACH,Retail,SMB,Nikolai Jensen,1,132.45,0,132.45,89.21,Shipped
ORD-100761,2025-12-09,SKU-1068,Networking,NA-W,Online,SMB,Fatima Dahl,2,782.54,0.2,1252.06,926.5,Pending
ORD-102895,2025-12-09,SKU-1108,Accessories,APAC-N,Online,Enterprise,Thea Zhang,13,111.01,0,1443.13,623.22,Shipped
ORD-104329,2025-12-09,SKU-1019,Laptops,NA-E,Online,SMB,Greta Haddad,4,1704.93,0,6819.72,4701.88,Shipped
ORD-104428,2025-12-09,SKU-1039,Monitors,NA-E,Partner,Consumer,Emeka Weber,3,1201.03,0.1,3242.78,2244.39,Shipped
ORD-100299,2025-12-10,SKU-1099,Storage,NA-W,Online,Mid-Market,Emeka Weber,5,881.67,0,4408.35,2969.45,Pending
ORD-101211,2025-12-10,SKU-1001,Laptops,APAC-N,Online,Mid-Market,Ada Singh,1,1590.48,0,1590.48,1122.06,Shipped
ORD-101638,2025-12-10,SKU-1055,Peripherals,UKI,Direct,SMB,Emeka Weber,2,77.77,0.1,139.99,78.36,Shipped
ORD-102392,2025-12-10,SKU-1089,Storage,NORDIC,Direct,SMB,Malik Eriksen,3,512.43,0.15,1306.7,1019.1,Shipped
ORD-104440,2025-12-10,SKU-1054,Peripherals,APAC-S,Online,Mid-Market,Sana Lindqvist,2,210.36,0.05,399.68,209.18,Shipped
ORD-104851,2025-12-10,SKU-1061,Networking,NA-W,Partner,Mid-Market,Rosa Marchetti,4,1191.4,0,4765.6,2783.96,Shipped
ORD-101524,2025-12-11,SKU-1107,Accessories,NA-W,Partner,Consumer,Darius Kaur,3,92.86,0.05,264.65,113.16,Pending
ORD-102594,2025-12-11,SKU-1098,Storage,NA-E,Direct,Consumer,Darius Kaur,12,587.94,0.2,5644.22,4886.04,Returned
ORD-103376,2025-12-11,SKU-1047,Peripherals,LATAM,Online,Enterprise,Malik Andersen,2,240.32,0.05,456.61,253.16,Pending
ORD-104233,2025-12-11,SKU-1087,Storage,NA-W,Direct,SMB,Rosa Marchetti,4,222.44,0.2,711.81,603.24,Shipped
ORD-104369,2025-12-11,SKU-1055,Peripherals,NA-E,Partner,SMB,Rania Kaur,6,77.77,0.2,373.3,235.08,Returned
ORD-101587,2025-12-12,SKU-1116,Accessories,NA-W,Direct,SMB,Thea Ibrahim,4,147.71,0,590.84,290.12,Shipped
ORD-101894,2025-12-12,SKU-1026,Monitors,UKI,Partner,Mid-Market,Ada Vargas,4,371.18,0.05,1410.48,1016.08,Pending
ORD-102204,2025-12-12,SKU-1032,Monitors,DACH,Direct,SMB,Zara Sorensen,2,929.07,0.15,1579.42,1170.98,Shipped
ORD-102676,2025-12-12,SKU-1055,Peripherals,NA-E,Direct,Enterprise,Nadia Kowalski,2,77.77,0.15,132.21,78.36,Shipped
ORD-103306,2025-12-12,SKU-1035,Monitors,NORDIC,Online,SMB,Sana Lindqvist,3,1114.67,0.05,3176.81,2289.03,Shipped
ORD-103621,2025-12-12,SKU-1026,Monitors,NA-W,Direct,Enterprise,Fatima Dahl,1,371.18,0,371.18,254.02,Shipped
ORD-103850,2025-12-12,SKU-1106,Accessories,NORDIC,Direct,Mid-Market,Malik Kowalski,1,179.48,0.05,170.51,81.37,Pending
ORD-104326,2025-12-12,SKU-1075,Networking,DACH,Retail,Mid-Market,Uma Okafor,1,1273.44,0.05,1209.77,736.87,Shipped
ORD-104839,2025-12-12,SKU-1093,Storage,NA-E,Direct,SMB,Paulo Carvalho,7,856.06,0.05,5692.8,4397.96,Returned
ORD-104931,2025-12-12,SKU-1003,Laptops,UKI,Retail,SMB,Thea Zhang,5,2349.75,0.05,11161.31,7561.85,Pending
ORD-100357,2025-12-13,SKU-1093,Storage,DACH,Direct,SMB,Yusuf Fontaine,1,856.06,0,856.06,628.28,Shipped
ORD-100988,2025-12-13,SKU-1055,Peripherals,NA-W,Online,SMB,Rosa Weber,3,77.77,0.05,221.64,117.54,Shipped
ORD-101392,2025-12-13,SKU-1031,Monitors,APAC-N,Partner,SMB,Fatima Bennett,2,953.0,0.15,1620.1,1335.66,Pending
ORD-102107,2025-12-13,SKU-1011,Laptops,NA-W,Retail,Enterprise,Bao Kaur,5,2304.08,0,11520.4,7446.5,Shipped
ORD-102767,2025-12-13,SKU-1030,Monitors,APAC-N,Online,Enterprise,Yara Eriksen,1,756.24,0,756.24,522.2,Returned
ORD-103096,2025-12-13,SKU-1024,Monitors,UKI,Partner,Mid-Market,Nadia Kowalski,1,340.87,0.25,255.65,221.59,Pending
ORD-103787,2025-12-13,SKU-1029,Monitors,NA-E,Retail,Enterprise,Emeka Weber,1,438.72,0.15,372.91,287.42,Shipped
ORD-104198,2025-12-13,SKU-1090,Storage,LATAM,Online,Mid-Market,Emeka Weber,1,853.08,0.2,682.46,563.34,Shipped
ORD-104258,2025-12-13,SKU-1019,Laptops,UKI,Direct,Mid-Market,Bao Alvarez,5,1704.93,0,8524.65,5877.35,Shipped
ORD-101276,2025-12-14,SKU-1087,Storage,NORDIC,Partner,SMB,Bao Kaur,1,222.44,0.2,177.95,150.81,Pending
ORD-103576,2025-12-14,SKU-1069,Networking,NA-W,Partner,Enterprise,Bruno Zhang,2,640.52,0,1281.04,781.24,Shipped
ORD-104128,2025-12-14,SKU-1022,Monitors,LATAM,Retail,SMB,Elena Okafor,1,296.21,0,296.21,195.26,Shipped
ORD-104601,2025-12-14,SKU-1100,Storage,NA-E,Direct,SMB,Petra Ibrahim,1,754.71,0.05,716.97,499.86,Pending
ORD-100596,2025-12-15,SKU-1061,Networking,NORDIC,Online,Enterprise,Rania Kaur,12,1191.4,0.05,13581.96,8351.88,Returned
ORD-101054,2025-12-15,SKU-1041,Peripherals,NA-W,Online,Mid-Market,Thea Delgado,4,371.64,0.25,1114.92,845.08,Pending
ORD-102009,2025-12-15,SKU-1116,Accessories,NA-E,Online,SMB,Emeka Lindqvist,3,147.71,0.25,332.35,217.59,Returned
ORD-102290,2025-12-15,SKU-1025,Monitors,DACH,Direct,Mid-Market,Chen Iversen,7,577.77,0.05,3842.17,2786.07,Shipped
ORD-102980,2025-12-15,SKU-1031,Monitors,UKI,Retail,Enterprise,Thea Zhang,5,953.0,0.25,3573.75,3339.15,Shipped
ORD-104499,2025-12-15,SKU-1015,Laptops,NA-E,Direct,Mid-Market,Bruno Zhang,1,1315.81,0.15,1118.44,924.69,Returned
ORD-100545,2025-12-16,SKU-1085,Storage,DACH,Retail,SMB,Kwame Abara,3,163.55,0.1,441.59,370.14,Returned
ORD-102864,2025-12-16,SKU-1046,Peripherals,UKI,Online,SMB,Uma Okafor,8,291.02,0.05,2211.75,1194.32,Returned
ORD-104380,2025-12-16,SKU-1061,Networking,NA-E,Partner,SMB,Fatima Bennett,4,1191.4,0.05,4527.32,2783.96,Returned
ORD-104792,2025-12-16,SKU-1042,Peripherals,NA-E,Partner,Enterprise,Ada Singh,6,84.72,0.25,381.24,279.06,Shipped
ORD-100101,2025-12-17,SKU-1008,Laptops,APAC-S,Online,Enterprise,Rosa Weber,8,2860.19,0.25,17161.14,15919.44,Shipped
ORD-100439,2025-12-17,SKU-1004,Laptops,UKI,Retail,SMB,Uma Sandoval,7,3198.86,0.05,21272.42,15533.63,Shipped
ORD-102174,2025-12-17,SKU-1004,Laptops,UKI,Partner,Mid-Market,Elena Kaur,1,3198.86,0,3198.86,2219.09,Returned
ORD-103978,2025-12-17,SKU-1082,Storage,UKI,Partner,Mid-Market,Bruno Zhang,4,199.64,0.05,758.63,561.28,Shipped
ORD-104610,2025-12-17,SKU-1043,Peripherals,NA-E,Online,SMB,Bruno Zhang,1,212.9,0.15,180.97,113.15,Shipped
ORD-102711,2025-12-18,SKU-1111,Accessories,UKI,Online,SMB,Malik Andersen,2,118.52,0,237.04,101.34,Shipped
ORD-102814,2025-12-18,SKU-1099,Storage,NA-E,Partner,SMB,Kwame Abara,2,881.67,0,1763.34,1187.78,Shipped
ORD-104402,2025-12-18,SKU-1067,Networking,NA-W,Online,SMB,Chen Iversen,3,254.78,0.2,611.47,461.28,Shipped
ORD-100550,2025-12-19,SKU-1093,Storage,NA-W,Online,Mid-Market,Uma Okafor,2,856.06,0,1712.12,1256.56,Returned
ORD-102573,2025-12-19,SKU-1046,Peripherals,NA-E,Partner,SMB,Sana Lindqvist,8,291.02,0.05,2211.75,1194.32,Shipped
ORD-104985,2025-12-19,SKU-1035,Monitors,NA-W,Direct,Mid-Market,Ivan Kaur,1,1114.67,0,1114.67,763.01,Shipped
ORD-100263,2025-12-20,SKU-1036,Monitors,UKI,Direct,SMB,Rania Kaur,3,1180.66,0.1,3187.78,2301.99,Shipped
ORD-100961,2025-12-20,SKU-1036,Monitors,NORDIC,Direct,Mid-Market,Thea Ibrahim,8,1180.66,0.05,8973.02,6138.64,Shipped
ORD-101965,2025-12-20,SKU-1038,Monitors,UKI,Partner,Mid-Market,Bruno Zhang,2,829.48,0.1,1493.06,1108.66,Shipped
ORD-102939,2025-12-20,SKU-1044,Peripherals,DACH,Online,SMB,Thea Ibrahim,9,42.05,0.05,359.53,191.52,Returned
ORD-103353,2025-12-20,SKU-1100,Storage,NA-W,Partner,SMB,Amara Dahl,6,754.71,0.1,4075.43,2999.16,Shipped
ORD-104315,2025-12-20,SKU-1110,Accessories,NA-E,Direct,SMB,Adaeze Marchetti,5,50.0,0.05,237.5,119.9,Shipped
ORD-100132,2025-12-21,SKU-1056,Peripherals,LATAM,Partner,SMB,Bruno Zhang,2,45.14,0.25,67.71,45.24,Returned
ORD-104453,2025-12-21,SKU-1033,Monitors,UKI,Retail,Mid-Market,Fatima Bennett,5,617.73,0,3088.65,2001.25,Shipped
ORD-100260,2025-12-22,SKU-1027,Monitors,UKI,Retail,Enterprise,Bao Kaur,7,487.06,0,3409.42,2320.92,Returned
ORD-100694,2025-12-22,SKU-1098,Storage,DACH,Partner,SMB,Bao Alvarez,1,587.94,0.15,499.75,407.17,Shipped
ORD-104449,2025-12-22,SKU-1038,Monitors,APAC-N,Partner,Mid-Market,Thea Zhang,4,829.48,0.1,2986.13,2217.32,Shipped
ORD-104774,2025-12-22,SKU-1068,Networking,APAC-N,Direct,SMB,Fatima Bennett,4,782.54,0.25,2347.62,1853.0,Shipped
ORD-102480,2025-12-23,SKU-1095,Storage,NA-E,Partner,Enterprise,Ivan Kaur,1,537.52,0,537.52,385.17,Shipped
ORD-103315,2025-12-23,SKU-1078,Networking,LATAM,Direct,Mid-Market,Nikolai Jensen,1,981.51,0,981.51,583.05,Pending
ORD-104177,2025-12-23,SKU-1044,Peripherals,NORDIC,Partner,Enterprise,Ivan Kaur,10,42.05,0.15,357.43,212.8,Shipped
ORD-100919,2025-12-24,SKU-1067,Networking,UKI,Online,SMB,Petra Ibrahim,3,254.78,0.15,649.69,461.28,Shipped
ORD-101324,2025-12-24,SKU-1059,Peripherals,UKI,Direct,Consumer,Fatima Iversen,1,294.39,0,294.39,144.83,Returned
ORD-101807,2025-12-24,SKU-1081,Storage,UKI,Online,Consumer,Ivan Kaur,5,427.43,0,2137.15,1478.9,Pending
ORD-102093,2025-12-24,SKU-1064,Networking,LATAM,Partner,Mid-Market,Wei Tanaka,6,2008.03,0,12048.18,7309.2,Shipped
ORD-103518,2025-12-24,SKU-1069,Networking,NA-W,Direct,Mid-Market,Ada Singh,2,640.52,0,1281.04,781.24,Shipped
ORD-103587,2025-12-24,SKU-1034,Monitors,NA-W,Online,Consumer,Greta Haddad,1,511.32,0.05,485.75,315.72,Shipped
ORD-104465,2025-12-24,SKU-1009,Laptops,APAC-N,Direct,Mid-Market,Elena Okafor,1,3341.5,0.15,2840.28,2318.58,Shipped
ORD-104812,2025-12-24,SKU-1040,Monitors,DACH,Direct,SMB,Malik Kowalski,8,519.33,0.2,3323.71,2757.84,Shipped
ORD-100434,2025-12-25,SKU-1049,Peripherals,NA-W,Retail,SMB,Hana Rossi,1,426.32,0.05,405.0,231.11,Shipped
ORD-101046,2025-12-25,SKU-1037,Monitors,NA-E,Partner,Mid-Market,Rania Kaur,6,1230.78,0.2,5907.74,4696.14,Shipped
ORD-101373,2025-12-25,SKU-1086,Storage,NORDIC,Partner,Enterprise,Ada Singh,4,1066.03,0.2,3411.3,2825.76,Shipped
ORD-102237,2025-12-25,SKU-1097,Storage,NA-E,Partner,SMB,Rania Eriksen,1,176.34,0.1,158.71,133.35,Shipped
ORD-102877,2025-12-25,SKU-1021,Monitors,UKI,Partner,SMB,Elena Laurent,1,444.75,0.1,400.28,303.16,Returned
ORD-101929,2025-12-26,SKU-1015,Laptops,APAC-S,Retail,Enterprise,Greta Haddad,10,1315.81,0.2,10526.48,9246.9,Shipped
ORD-100520,2025-12-27,SKU-1120,Accessories,NA-W,Direct,Mid-Market,Yusuf Mbeki,2,210.18,0.1,378.32,172.34,Shipped
ORD-101422,2025-12-27,SKU-1113,Accessories,NA-W,Partner,Mid-Market,Fatima Dahl,1,23.87,0.25,17.9,10.45,Returned
ORD-101905,2025-12-27,SKU-1078,Networking,NA-E,Partner,SMB,Petra Ibrahim,2,981.51,0.1,1766.72,1166.1,Shipped
ORD-102249,2025-12-27,SKU-1059,Peripherals,NA-E,Partner,Mid-Market,Thea Ibrahim,1,294.39,0.2,235.51,144.83,Pending
ORD-102586,2025-12-27,SKU-1020,Laptops,NA-E,Direct,SMB,Rania Eriksen,3,3674.26,0.05,10471.64,7172.16,Shipped
ORD-103831,2025-12-27,SKU-1064,Networking,NA-W,Partner,Mid-Market,Uma Sandoval,2,2008.03,0.15,3413.65,2436.4,Shipped
ORD-104704,2025-12-27,SKU-1061,Networking,DACH,Partner,Enterprise,Thea Ibrahim,1,1191.4,0.1,1072.26,695.99,Shipped
ORD-100089,2025-12-28,SKU-1005,Laptops,DACH,Online,Enterprise,Elena Kaur,3,1611.9,0.1,4352.13,3096.87,Shipped
ORD-100092,2025-12-28,SKU-1083,Storage,NA-W,Direct,Consumer,Viktor Zhang,5,132.45,0,662.25,446.05,Pending
ORD-100176,2025-12-28,SKU-1036,Monitors,NA-W,Direct,Enterprise,Bao Kaur,1,1180.66,0.25,885.5,767.33,Returned
ORD-100914,2025-12-28,SKU-1010,Laptops,LATAM,Direct,Enterprise,Adaeze Marchetti,1,1514.87,0.05,1439.13,1090.23,Shipped
ORD-101095,2025-12-28,SKU-1033,Monitors,NORDIC,Direct,Enterprise,Rania Kaur,3,617.73,0.05,1760.53,1200.75,Shipped
ORD-101344,2025-12-28,SKU-1073,Networking,DACH,Direct,Enterprise,Ada Vargas,1,347.65,0.05,330.27,226.42,Pending
ORD-101588,2025-12-28,SKU-1057,Peripherals,NA-E,Online,SMB,Ada Singh,1,457.5,0,457.5,228.53,Shipped
ORD-102253,2025-12-28,SKU-1115,Accessories,NA-E,Retail,SMB,Malik Kowalski,1,201.56,0.25,151.17,95.86,Shipped
ORD-102488,2025-12-28,SKU-1014,Laptops,NA-E,Direct,Mid-Market,Yara Eriksen,5,1949.83,0,9749.15,6607.55,Shipped
ORD-102774,2025-12-28,SKU-1090,Storage,UKI,Direct,Mid-Market,Emeka Weber,1,853.08,0,853.08,563.34,Shipped
ORD-103170,2025-12-28,SKU-1041,Peripherals,APAC-S,Online,Mid-Market,Hana Rossi,2,371.64,0.1,668.95,422.54,Shipped
ORD-102254,2025-12-29,SKU-1026,Monitors,NA-E,Direct,SMB,Malik Andersen,1,371.18,0.1,334.06,254.02,Shipped
ORD-103567,2025-12-29,SKU-1055,Peripherals,DACH,Direct,SMB,Paulo Carvalho,2,77.77,0.2,124.43,78.36,Shipped
ORD-104822,2025-12-29,SKU-1009,Laptops,DACH,Online,Enterprise,Malik Kowalski,3,3341.5,0.15,8520.82,6955.74,Shipped
ORD-100722,2025-12-30,SKU-1094,Storage,UKI,Partner,SMB,Yara Eriksen,1,321.11,0,321.11,224.89,Shipped
ORD-101298,2025-12-30,SKU-1030,Monitors,APAC-S,Retail,SMB,Rania Kaur,5,756.24,0.05,3592.14,2611.0,Returned
ORD-102139,2025-12-30,SKU-1028,Monitors,NA-E,Partner,SMB,Petra Ibrahim,3,1296.45,0,3889.35,2509.71,Shipped
